2.045689359e+00,2.983972422e+00,4.915740713e-01,2.595464474e+00,7.207975883e+00,6.736705479e+00,1.030319821e+00,-7.541826995e+00,-1.539941314e+01,-1.987477863e+01,-2.023524575e+01,-1.869395805e+01,-1.725296081e+01,-1.569285253e+01,-1.346896545e+01,-1.080725698e+01,-9.368575575e+00,-1.177240456e+01,-1.839243363e+01,-2.289969696e+01,-2.249209468e+01,-2.203159691e+01,-2.307320915e+01,-2.483739761e+01,-2.576109999e+01,-2.563382570e+01,-2.591661732e+01,-2.581928474e+01,-2.164450572e+01,-1.266218201e+01,-1.841753433e+00,7.978849521e+00,1.521027120e+01,1.901291070e+01,1.944324920e+01,1.733013944e+01,1.282277158e+01,6.002048936e+00,-1.196590348e+00,-6.326349597e+00,-8.589226693e+00,-8.681075792e+00,-8.098465964e+00,-8.620223554e+00,-1.163780403e+01,-1.714749121e+01,-2.341215553e+01,-2.816558701e+01,-3.010761423e+01,-2.947396341e+01,-2.722539167e+01,-2.212533234e+01,-1.426292783e+01,-7.440210629e+00,-2.339261333e+00,9.526965060e-01,1.456893193e+00,-1.904613462e+00,-9.251811712e+00,-1.939648115e+01,-2.575836810e+01,-2.260358114e+01,-1.939553100e+01,-1.647766582e+01,-1.272169473e+01,-7.902509873e+00,-2.072247437e+00,-1.442506170e+00,-2.242509930e+00,-1.537373022e+00
2.983972422e+00,4.352611689e+00,7.170411606e-01,3.785909322e+00,1.051401141e+01,9.826586464e+00,1.502889927e+00,-1.100098784e+01,-2.246256204e+01,-2.899061437e+01,-2.951641461e+01,-2.726819448e+01,-2.516626439e+01,-2.289059137e+01,-1.964668843e+01,-1.576415141e+01,-1.366559934e+01,-1.717197696e+01,-2.682837181e+01,-3.340295237e+01,-3.280839780e+01,-3.213668650e+01,-3.365604827e+01,-3.622940559e+01,-3.757677655e+01,-3.739112619e+01,-3.780362401e+01,-3.766164853e+01,-3.157205070e+01,-1.846986286e+01,-2.686498528e+00,1.163845666e+01,2.218666759e+01,2.773343907e+01,2.836115814e+01,2.527884204e+01,1.870410901e+01,8.754969774e+00,-1.745422677e+00,-9.228015314e+00,-1.252879156e+01,-1.266276849e+01,-1.181293680e+01,-1.257400555e+01,-1.697564008e+01,-2.501241973e+01,-3.415045698e+01,-4.108411402e+01,-4.391687827e+01,-4.299259494e+01,-3.971268539e+01,-3.227341495e+01,-2.080481238e+01,-1.085276376e+01,-3.412195148e+00,1.389663630e+00,2.125116940e+00,-2.778190160e+00,-1.349528015e+01,-2.829293928e+01,-3.757279164e+01,-3.297101902e+01,-2.829155335e+01,-2.403536987e+01,-1.855667190e+01,-1.152710280e+01,-3.022711721e+00,-2.104131114e+00,-3.271067408e+00,-2.242509930e+00
5.536390447e+00,8.075730726e+00,4.524677923e+00,4.214771798e+00,1.163332604e+01,1.160939872e+01,3.076040171e+00,-9.222194636e+00,-1.835984911e+01,-1.962918732e+01,-1.284407675e+01,-5.089967343e+00,-1.292941858e+00,1.697249045e+00,6.071778770e+00,9.511476391e+00,5.727252474e+00,-7.074800396e+00,-2.588087664e+01,-4.180996345e+01,-4.787618261e+01,-5.287506389e+01,-6.209213536e+01,-7.409670029e+01,-8.432573000e+01,-9.047509184e+01,-9.499862902e+01,-9.322223322e+01,-8.062119947e+01,-6.165334970e+01,-4.209928124e+01,-2.616603696e+01,-1.488094618e+01,-7.343398293e+00,-3.717139718e+00,-5.282779499e+00,-1.309070646e+01,-2.632556637e+01,-4.073833887e+01,-5.171215176e+01,-5.779431070e+01,-5.985312808e+01,-5.950446115e+01,-5.846894458e+01,-5.819240749e+01,-5.930774678e+01,-6.114567722e+01,-6.195018968e+01,-5.994990356e+01,-5.441624168e+01,-4.605579762e+01,-3.668846598e+01,-2.426853500e+01,-2.698931751e+00,1.729355691e+01,2.925847016e+01,3.328702878e+01,2.901479373e+01,1.510453698e+01,-9.654090535e+00,-3.372594487e+01,-3.457739129e+01,-3.286396228e+01,-3.007796207e+01,-2.455161748e+01,-1.615108084e+01,-4.758951614e+00,1.401058460e+00,-1.555824439e+00,-1.066609556e+00
1.029295552e+01,1.501395863e+01,7.203931836e+00,-6.980877996e+00,-5.077816794e+00,-7.916585345e+00,-1.716486657e+01,-2.813036131e+01,-3.435282387e+01,-3.191401292e+01,-2.175611608e+01,-1.502118153e+01,-1.865188464e+01,-2.525649249e+01,-3.018905776e+01,-3.447196905e+01,-4.242255056e+01,-5.695921425e+01,-7.636753807e+01,-9.437365165e+01,-1.050776689e+02,-1.144040815e+02,-1.302500543e+02,-1.439038140e+02,-1.446284099e+02,-1.502965166e+02,-1.594012394e+02,-1.614425895e+02,-1.475864150e+02,-1.275851236e+02,-1.096338727e+02,-9.750065149e+01,-8.454523943e+01,-6.273067916e+01,-4.707346832e+01,-4.320233624e+01,-5.118890169e+01,-6.859683276e+01,-9.026213016e+01,-1.097720304e+02,-1.237465684e+02,-1.330262545e+02,-1.384520805e+02,-1.398439895e+02,-1.368062774e+02,-1.300178809e+02,-1.219743060e+02,-1.151789587e+02,-1.094858623e+02,-1.011562583e+02,-8.835044469e+01,-7.410204911e+01,-6.089665099e+01,-4.606623553e+01,-2.436042081e+01,-1.837587571e+00,1.431567745e+01,2.057392061e+01,1.327634253e+01,-1.327721798e+01,-4.815164247e+01,-5.453841715e+01,-5.414873762e+01,-5.109185320e+01,-4.345132370e+01,-3.001688678e+01,-1.050773576e+01,6.413920186e+00,7.293014856e+00,4.999792482e+00
7.305456245e+00,1.065620245e+01,-2.225706487e+00,-2.660803181e+01,-4.069863753e+01,-5.530289907e+01,-7.205329963e+01,-8.752640875e+01,-9.782161429e+01,-1.011260274e+02,-9.750667106e+01,-9.276919234e+01,-9.494016051e+01,-1.005299152e+02,-1.048931414e+02,-1.094682479e+02,-1.185705034e+02,-1.344551375e+02,-1.544585090e+02,-1.725207380e+02,-1.843542721e+02,-1.913124556e+02,-1.878853081e+02,-1.813999886e+02,-1.803298530e+02,-1.867169790e+02,-1.964719768e+02,-2.012083547e+02,-1.952494808e+02,-1.812960141e+02,-1.622470969e+02,-1.303031412e+02,-9.505505535e+01,-6.747880680e+01,-5.321285145e+01,-5.380395512e+01,-6.772150321e+01,-9.162756407e+01,-1.210533717e+02,-1.508810526e+02,-1.758859296e+02,-1.947684635e+02,-2.083480565e+02,-2.162931764e+02,-2.173857239e+02,-2.093164170e+02,-1.956349340e+02,-1.857133263e+02,-1.812976553e+02,-1.726374599e+02,-1.555589913e+02,-1.346245087e+02,-1.147116580e+02,-9.837292543e+01,-8.337212864e+01,-6.763696477e+01,-5.517228823e+01,-5.145895914e+01,-6.106791869e+01,-8.618339205e+01,-1.157078499e+02,-1.186782861e+02,-1.128233355e+02,-1.021686947e+02,-8.383110628e+01,-5.590124682e+01,-2.286320621e+01,9.217006256e-01,7.370163929e+00,5.052682729e+00
-1.980851311e+00,-2.889395527e+00,-1.800772341e+01,-5.025650921e+01,-8.081688873e+01,-1.104215352e+02,-1.380992658e+02,-1.605960277e+02,-1.751083965e+02,-1.802800528e+02,-1.761954235e+02,-1.679456124e+02,-1.647625515e+02,-1.639524058e+02,-1.636003242e+02,-1.668927173e+02,-1.770290541e+02,-1.948130687e+02,-2.158136218e+02,-2.321997832e+02,-2.371087921e+02,-2.281362790e+02,-2.129129360e+02,-2.009344465e+02,-1.977911941e+02,-2.042220770e+02,-2.154540552e+02,-2.236030020e+02,-2.230965894e+02,-2.108067292e+02,-1.759080119e+02,-1.330329401e+02,-9.722030918e+01,-7.444776875e+01,-6.733758410e+01,-7.505092181e+01,-9.400108780e+01,-1.196344330e+02,-1.488194118e+02,-1.801542443e+02,-2.089091982e+02,-2.291210457e+02,-2.411690577e+02,-2.470685937e+02,-2.492069240e+02,-2.495975909e+02,-2.460597278e+02,-2.384886645e+02,-2.397365797e+02,-2.327365210e+02,-2.135604384e+02,-1.871705670e+02,-1.603418349e+02,-1.398410010e+02,-1.282861338e+02,-1.232918391e+02,-1.224052711e+02,-1.271449431e+02,-1.417824857e+02,-1.682417884e+02,-1.937067142e+02,-1.960660710e+02,-1.871375499e+02,-1.673793770e+02,-1.336642901e+02,-8.660124018e+01,-3.901392278e+01,-9.175414633e+00,-6.694451957e-01,-4.589442258e-01
-1.209068366e+01,-1.763623908e+01,-3.377490824e+01,-6.650777878e+01,-1.073436368e+02,-1.508571255e+02,-1.905778162e+02,-2.211332089e+02,-2.387893732e+02,-2.422233786e+02,-2.333901248e+02,-2.172509370e+02,-2.028710959e+02,-1.923963681e+02,-1.869942095e+02,-1.885372308e+02,-1.989992412e+02,-2.178256684e+02,-2.384637198e+02,-2.507091765e+02,-2.465638405e+02,-2.286099062e+02,-2.089121035e+02,-1.967746301e+02,-1.962772100e+02,-2.067740895e+02,-2.233511310e+02,-2.386871954e+02,-2.471330984e+02,-2.397186169e+02,-1.979618271e+02,-1.597055947e+02,-1.330489497e+02,-1.200837285e+02,-1.202738604e+02,-1.297140398e+02,-1.418276652e+02,-1.531355131e+02,-1.683185571e+02,-1.923665491e+02,-2.222006749e+02,-2.447328298e+02,-2.526047795e+02,-2.518649705e+02,-2.486511415e+02,-2.470136612e+02,-2.491036618e+02,-2.547706306e+02,-2.579249727e+02,-2.557512009e+02,-2.411155192e+02,-2.151143839e+02,-1.851514596e+02,-1.609517397e+02,-1.492231067e+02,-1.502571302e+02,-1.601721691e+02,-1.762186237e+02,-1.991724224e+02,-2.296663579e+02,-2.558765911e+02,-2.627521840e+02,-2.544820479e+02,-2.274359675e+02,-1.783061189e+02,-1.136476897e+02,-5.465284840e+01,-2.142948485e+01,-1.168754739e+01,-8.012504121e+00
-1.519919581e+01,-2.217051232e+01,-3.415190874e+01,-6.407420147e+01,-1.134411592e+02,-1.693563594e+02,-2.205296392e+02,-2.583348248e+02,-2.770216254e+02,-2.753651213e+02,-2.573709466e+02,-2.272578542e+02,-2.031913932e+02,-1.886882279e+02,-1.830082866e+02,-1.858858503e+02,-1.981966954e+02,-2.182231894e+02,-2.379296035e+02,-2.460840822e+02,-2.352426261e+02,-2.119095819e+02,-1.930548081e+02,-1.889488608e+02,-1.997649211e+02,-2.213536178e+02,-2.480198942e+02,-2.726040876e+02,-2.886484320e+02,-2.799912700e+02,-2.482819160e+02,-2.247772534e+02,-2.112076195e+02,-2.059460329e+02,-2.043539897e+02,-2.003745513e+02,-1.946533808e+02,-1.933652329e+02,-2.013494415e+02,-2.204356535e+02,-2.471371644e+02,-2.693045333e+02,-2.746427869e+02,-2.667751187e+02,-2.543293917e+02,-2.434174660e+02,-2.388259620e+02,-2.408614723e+02,-2.407831645e+02,-2.434208270e+02,-2.377876126e+02,-2.185159765e+02,-1.908567330e+02,-1.652734418e+02,-1.508142019e+02,-1.503084107e+02,-1.615048232e+02,-1.820683535e+02,-2.113957653e+02,-2.473751658e+02,-2.817618632e+02,-3.019740628e+02,-2.999347572e+02,-2.689641171e+02,-2.059739576e+02,-1.298372712e+02,-6.460858334e+01,-3.136918411e+01,-2.217991258e+01,-1.520564024e+01
-1.136675027e+01,-1.658026385e+01,-2.150852087e+01,-4.948793783e+01,-1.061742351e+02,-1.710095410e+02,-2.297023317e+02,-2.709909036e+02,-2.870808929e+02,-2.764422814e+02,-2.411000114e+02,-2.025204256e+02,-1.781499394e+02,-1.696545054e+02,-1.735618058e+02,-1.863125883e+02,-2.060720480e+02,-2.298770454e+02,-2.499513516e+02,-2.560803312e+02,-2.413706859e+02,-2.159086201e+02,-2.034016436e+02,-2.144166648e+02,-2.426218565e+02,-2.786976315e+02,-3.153415278e+02,-3.440384031e+02,-3.524651841e+02,-3.388416557e+02,-3.247227330e+02,-3.172638868e+02,-3.110128334e+02,-2.989969481e+02,-2.844691559e+02,-2.725911056e+02,-2.663629449e+02,-2.678393393e+02,-2.781093023e+02,-2.969118567e+02,-3.202327393e+02,-3.365952692e+02,-3.347602287e+02,-3.181544860e+02,-2.945928766e+02,-2.705057405e+02,-2.528055867e+02,-2.458113469e+02,-2.391214317e+02,-2.385726831e+02,-2.354727266e+02,-2.202222195e+02,-1.946016332e+02,-1.681210985e+02,-1.502212772e+02,-1.443799128e+02,-1.493714062e+02,-1.645451206e+02,-1.899577387e+02,-2.233238660e+02,-2.598285721e+02,-2.878597921e+02,-2.935946427e+02,-2.674140330e+02,-2.071419474e+02,-1.308644558e+02,-6.516806697e+01,-3.546257649e+01,-2.941295739e+01,-2.016431972e+01
-7.220496382e+00,-1.053227460e+01,-7.079539836e+00,-3.209492032e+01,-9.399577395e+01,-1.622470301e+02,-2.218756000e+02,-2.604157819e+02,-2.680847579e+02,-2.417557750e+02,-1.977615700e+02,-1.627804675e+02,-1.520636260e+02,-1.633169984e+02,-1.874721877e+02,-2.180285506e+02,-2.498046702e+02,-2.790815281e+02,-3.005980792e+02,-3.071688610e+02,-2.897751188e+02,-2.626363795e+02,-2.583687240e+02,-2.851913438e+02,-3.296485124e+02,-3.768103585e+02,-4.163751227e+02,-4.360991643e+02,-4.311525804e+02,-4.188838023e+02,-4.124840109e+02,-4.129363601e+02,-4.029477626e+02,-3.822069124e+02,-3.665209152e+02,-3.577651973e+02,-3.563101381e+02,-3.632127888e+02,-3.790914826e+02,-4.028665335e+02,-4.293244352e+02,-4.413945176e+02,-4.286151447e+02,-4.020428505e+02,-3.676743771e+02,-3.313103738e+02,-3.013034664e+02,-2.869201781e+02,-2.791344688e+02,-2.746619602e+02,-2.702868260e+02,-2.538363614e+02,-2.251557913e+02,-1.940538742e+02,-1.709011047e+02,-1.588077772e+02,-1.541042691e+02,-1.522576952e+02,-1.537461775e+02,-1.743863176e+02,-2.125490528e+02,-2.481296996e+02,-2.618194312e+02,-2.424900779e+02,-1.896414491e+02,-1.184723498e+02,-5.576140270e+01,-3.365384948e+01,-3.295539319e+01,-2.259286871e+01
-6.418073485e+00,-9.361809602e+00,1.754323857e+00,-1.954038502e+01,-8.326393994e+01,-1.486412759e+02,-2.024256768e+02,-2.317411184e+02,-2.271077356e+02,-1.934886798e+02,-1.548602690e+02,-1.415248991e+02,-1.620500216e+02,-1.985977252e+02,-2.402796906e+02,-2.851803149e+02,-3.287233102e+02,-3.635186520e+02,-3.858269980e+02,-3.947402664e+02,-3.586440882e+02,-3.290626633e+02,-3.319124266e+02,-3.711152195e+02,-4.276036107e+02,-4.790143328e+02,-5.105665370e+02,-5.177422367e+02,-5.097177229e+02,-4.986336415e+02,-4.918899675e+02,-4.891962630e+02,-4.765835675e+02,-4.583420542e+02,-4.446723617e+02,-4.341854201e+02,-4.278912980e+02,-4.307226012e+02,-4.466048461e+02,-4.749677857e+02,-5.107509120e+02,-5.440484339e+02,-5.270718112e+02,-4.938110143e+02,-4.507680927e+02,-4.047205300e+02,-3.664763543e+02,-3.493693970e+02,-3.525459133e+02,-3.470998749e+02,-3.431364339e+02,-3.269129966e+02,-2.954670660e+02,-2.589613639e+02,-2.296019473e+02,-2.111715425e+02,-1.975151157e+02,-1.709453038e+02,-1.297863924e+02,-1.276010473e+02,-1.648417432e+02,-2.090682418e+02,-2.327118690e+02,-2.215003356e+02,-1.737795183e+02,-1.048156870e+02,-4.044510287e+01,-2.448862021e+01,-3.182207777e+01,-2.181591405e+01
-9.180591318e+00,-1.339139356e+01,2.210199469e+00,-1.611668095e+01,-7.746096821e+01,-1.373986065e+02,-1.832662996e+02,-2.028304440e+02,-1.911853652e+02,-1.606921299e+02,-1.438885981e+02,-1.688418984e+02,-2.186307529e+02,-2.694100433e+02,-3.165197640e+02,-3.646638045e+02,-4.146946303e+02,-4.569152479e+02,-4.661372354e+02,-4.460256204e+02,-4.098443291e+02,-3.828166215e+02,-3.897154281e+02,-4.330929099e+02,-4.921108763e+02,-5.423710722e+02,-5.710259256e+02,-5.775998942e+02,-5.693093884e+02,-5.550413754e+02,-5.402469059e+02,-5.264599648e+02,-5.159405803e+02,-5.081331396e+02,-4.944056746e+02,-4.753022275e+02,-4.583525972e+02,-4.535811564e+02,-4.675121318e+02,-4.989836390e+02,-5.402418749e+02,-5.802280352e+02,-5.958206081e+02,-5.657630522e+02,-5.185469743e+02,-4.660923772e+02,-4.231063878e+02,-4.063637886e+02,-4.247444703e+02,-4.252532200e+02,-4.249624470e+02,-4.158524644e+02,-3.888447471e+02,-3.516180184e+02,-3.179469630e+02,-2.932965620e+02,-2.697889768e+02,-2.185448332e+02,-1.496587972e+02,-1.161359014e+02,-1.398096079e+02,-1.875742010e+02,-2.193785010e+02,-2.125271454e+02,-1.662684126e+02,-1.014240994e+02,-3.386561165e+01,-1.528319758e+01,-2.970603432e+01,-2.036524127e+01
-1.336599796e+01,-1.949649351e+01,-1.448001288e+00,-1.849821501e+01,-7.761887885e+01,-1.348244877e+02,-1.749308594e+02,-1.878338325e+02,-1.755538662e+02,-1.590968379e+02,-1.748222205e+02,-2.296106895e+02,-2.931296978e+02,-3.479103416e+02,-3.940977195e+02,-4.395963105e+02,-4.884046418e+02,-5.246205857e+02,-5.198540968e+02,-4.895794427e+02,-4.481986974e+02,-4.203552935e+02,-4.273234867e+02,-4.686420261e+02,-5.235936060e+02,-5.714990367e+02,-6.016701025e+02,-6.083003455e+02,-5.938942197e+02,-5.697435869e+02,-5.405192488e+02,-5.136227748e+02,-5.008065496e+02,-5.056379499e+02,-4.943317609e+02,-4.698934458e+02,-4.473117357e+02,-4.383715026e+02,-4.518352310e+02,-4.868400610e+02,-5.337515903e+02,-5.799003901e+02,-6.124611842e+02,-5.986691781e+02,-5.546390617e+02,-5.002984396e+02,-4.542211815e+02,-4.373524011e+02,-4.605898581e+02,-4.910925778e+02,-4.962254010e+02,-4.973330897e+02,-4.804046000e+02,-4.469267958e+02,-4.102386392e+02,-3.766255960e+02,-3.343067178e+02,-2.700307059e+02,-1.974274717e+02,-1.457316997e+02,-1.471349567e+02,-1.882190845e+02,-1.990582461e+02,-1.825990121e+02,-1.470011241e+02,-9.258940110e+01,-3.039635022e+01,-1.131969745e+01,-2.972619163e+01,-2.037906029e+01
-1.676577995e+01,-2.445563145e+01,-1.919235882e+00,-2.117193066e+01,-8.242861996e+01,-1.398237017e+02,-1.760154667e+02,-1.855738460e+02,-1.794269811e+02,-1.841176364e+02,-2.166246992e+02,-2.743658757e+02,-3.398320858e+02,-3.999261929e+02,-4.547273574e+02,-5.033656258e+02,-5.488229847e+02,-5.703692168e+02,-5.583100982e+02,-5.198096094e+02,-4.728548666e+02,-4.428318133e+02,-4.479766695e+02,-4.842261495e+02,-5.308129203e+02,-5.700561786e+02,-5.923344895e+02,-5.865533409e+02,-5.581171883e+02,-5.285752392e+02,-4.920637617e+02,-4.527422572e+02,-4.300550076e+02,-4.250292194e+02,-4.240186638e+02,-4.106234100e+02,-3.906523900e+02,-3.808865379e+02,-3.942108506e+02,-4.322683401e+02,-4.857193337e+02,-5.396230276e+02,-5.817151291e+02,-5.941733564e+02,-5.636566493e+02,-5.129139561e+02,-4.637798764e+02,-4.423069984e+02,-4.645209399e+02,-5.187706102e+02,-5.592403928e+02,-5.706806379e+02,-5.595995472e+02,-5.230831508e+02,-4.759764645e+02,-4.269133829e+02,-3.734414362e+02,-3.129290407e+02,-2.475782352e+02,-1.930837928e+02,-1.776880691e+02,-1.820036385e+02,-1.758805086e+02,-1.618636463e+02,-1.303545573e+02,-7.841776743e+01,-1.656045156e+01,5.249600908e+00,-2.046423606e+01,-1.402944264e+01
-1.749930314e+01,-2.552559495e+01,2.431124664e+00,-2.411969958e+01,-9.000288545e+01,-1.485017768e+02,-1.818936606e+02,-1.919599352e+02,-1.971459370e+02,-2.071819205e+02,-2.409665794e+02,-3.028311858e+02,-3.692166522e+02,-4.303797047e+02,-4.886606537e+02,-5.419556824e+02,-5.826521202e+02,-6.059730982e+02,-5.921052156e+02,-5.477210729e+02,-4.952816255e+02,-4.615767831e+02,-4.625075588e+02,-4.902600374e+02,-5.230646984e+02,-5.438172204e+02,-5.427356555e+02,-5.189530715e+02,-4.851801366e+02,-4.511215975e+02,-4.067395028e+02,-3.594584555e+02,-3.298506505e+02,-3.207403984e+02,-3.212632811e+02,-3.168279596e+02,-3.042793754e+02,-2.970651583e+02,-3.102364296e+02,-3.489854896e+02,-4.081056414e+02,-4.736931165e+02,-5.291615316e+02,-5.676591880e+02,-5.704344255e+02,-5.279645431e+02,-4.751953235e+02,-4.437880151e+02,-4.571172608e+02,-5.096210443e+02,-5.696214010e+02,-6.049776933e+02,-5.957700707e+02,-5.533656427e+02,-5.014433690e+02,-4.514616636e+02,-4.029160491e+02,-3.518348517e+02,-2.968184129e+02,-2.463661079e+02,-2.088110930e+02,-1.760262789e+02,-1.649143184e+02,-1.516217585e+02,-1.204889298e+02,-6.609841871e+01,-2.880359402e-01,2.779200205e+01,-4.634362860e+00,-3.177129493e+00
-1.557599231e+01,-2.272013163e+01,8.838448804e+00,-2.956309443e+01,-1.012727373e+02,-1.620541568e+02,-1.948825693e+02,-2.083841676e+02,-2.232412447e+02,-2.268330839e+02,-2.675632881e+02,-3.334653156e+02,-4.017151878e+02,-4.629508495e+02,-5.189402513e+02,-5.662116414e+02,-6.062694825e+02,-6.363683016e+02,-6.319529206e+02,-5.877151295e+02,-5.312634713e+02,-4.927727955e+02,-4.874380404e+02,-5.053655648e+02,-5.246777895e+02,-5.295995480e+02,-5.145605494e+02,-4.838778964e+02,-4.462858729e+02,-3.983595201e+02,-3.376209843e+02,-2.852336666e+02,-2.549141647e+02,-2.471891567e+02,-2.504336833e+02,-2.511473324e+02,-2.467632085e+02,-2.453813522e+02,-2.583422361e+02,-2.931463206e+02,-3.515266256e+02,-4.246163828e+02,-4.914684087e+02,-5.368332647e+02,-5.693627982e+02,-5.650247609e+02,-5.095731225e+02,-4.666559084e+02,-4.670288633e+02,-5.112758676e+02,-5.690075712e+02,-6.050247624e+02,-6.008908079e+02,-5.644112459e+02,-5.176369160e+02,-4.742740027e+02,-4.339836193e+02,-3.917799428e+02,-3.450906169e+02,-2.953471199e+02,-2.227750497e+02,-1.795784023e+02,-1.657738732e+02,-1.545015039e+02,-1.233620798e+02,-6.407528459e+01,9.139283102e+00,4.876752369e+01,1.076549036e+01,7.380379562e+00
-1.278480755e+01,-1.864873226e+01,8.907494888e+00,-3.997139733e+01,-1.185419653e+02,-1.839045398e+02,-2.183511859e+02,-2.349058482e+02,-2.430521794e+02,-2.528443650e+02,-2.998545079e+02,-3.710861184e+02,-4.419531308e+02,-4.997976036e+02,-5.449780439e+02,-5.827743960e+02,-6.218593029e+02,-6.569788380e+02,-6.668026005e+02,-6.350112378e+02,-5.806436723e+02,-5.388815939e+02,-5.276392546e+02,-5.385336768e+02,-5.508720599e+02,-5.495076533e+02,-5.315116822e+02,-5.020747295e+02,-4.580218883e+02,-3.895398443e+02,-3.211132259e+02,-2.720265272e+02,-2.482726050e+02,-2.470094920e+02,-2.554673770e+02,-2.598516067e+02,-2.621685506e+02,-2.656782987e+02,-2.756030770e+02,-3.010927018e+02,-3.507475370e+02,-4.218179951e+02,-4.902326520e+02,-5.303436807e+02,-5.557245775e+02,-5.748315086e+02,-5.583240535e+02,-5.140944615e+02,-5.055693635e+02,-5.417836802e+02,-5.941361293e+02,-6.266645401e+02,-6.212721926e+02,-5.860980205e+02,-5.429886155e+02,-5.055585628e+02,-4.717127964e+02,-4.346407946e+02,-3.912684534e+02,-3.308197938e+02,-2.454959650e+02,-1.959944968e+02,-1.814531837e+02,-1.738643139e+02,-1.441650913e+02,-8.004824294e+01,1.709858799e+00,5.302782561e+01,1.905878059e+01,1.306591990e+01
-1.066016787e+01,-1.554959789e+01,6.146002873e-01,-5.437649763e+01,-1.398836205e+02,-2.110397067e+02,-2.474018707e+02,-2.633997626e+02,-2.654407608e+02,-2.799162785e+02,-3.321396671e+02,-4.083230702e+02,-4.793773200e+02,-5.260888013e+02,-5.558572242e+02,-5.860494948e+02,-6.250444412e+02,-6.647610624e+02,-6.843470657e+02,-6.670426008e+02,-6.219902541e+02,-5.810220226e+02,-5.663359656e+02,-5.754470726e+02,-5.895862018e+02,-5.919940118e+02,-5.796596080e+02,-5.540440645e+02,-4.876258586e+02,-4.092853945e+02,-3.459131773e+02,-3.075431127e+02,-2.949186502e+02,-3.025192584e+02,-3.155317415e+02,-3.147985895e+02,-3.190916790e+02,-3.256497361e+02,-3.326217909e+02,-3.499384730e+02,-3.900600344e+02,-4.545824828e+02,-5.166730243e+02,-5.434754911e+02,-5.562504779e+02,-5.693555225e+02,-5.775517053e+02,-5.635873457e+02,-5.587657914e+02,-5.925000728e+02,-6.404386936e+02,-6.672662362e+02,-6.567703895e+02,-6.194136762e+02,-5.779799140e+02,-5.452742892e+02,-5.157711189e+02,-4.800425961e+02,-4.370603183e+02,-3.601416723e+02,-2.690125489e+02,-2.177093331e+02,-2.045995413e+02,-2.017958761e+02,-1.759474646e+02,-1.102188791e+02,-2.236815728e+01,3.607297726e+01,1.579804475e+01,1.083049287e+01
-9.764482018e+00,-1.424309362e+01,-8.216028418e+00,-6.807047876e+01,-1.592061175e+02,-2.346198825e+02,-2.709522674e+02,-2.820927083e+02,-2.802533044e+02,-2.970008173e+02,-3.520853709e+02,-4.305573458e+02,-4.967014869e+02,-5.290404008e+02,-5.480412724e+02,-5.739634916e+02,-6.139052422e+02,-6.585125381e+02,-6.858294653e+02,-6.776421153e+02,-6.393685447e+02,-5.989625809e+02,-5.811733395e+02,-5.912988628e+02,-6.136090223e+02,-6.285437559e+02,-6.236963902e+02,-5.644397754e+02,-4.945795796e+02,-4.301832493e+02,-3.841025033e+02,-3.612059268e+02,-3.589150449e+02,-3.711765667e+02,-3.681741822e+02,-3.505524466e+02,-3.595405228e+02,-3.726594771e+02,-3.819455262e+02,-3.976101135e+02,-4.335002268e+02,-4.937955080e+02,-5.472304264e+02,-5.568829607e+02,-5.565794387e+02,-5.612063703e+02,-5.706826840e+02,-5.824312027e+02,-5.975222775e+02,-6.352031970e+02,-6.809734442e+02,-7.023371187e+02,-6.865020789e+02,-6.470666494e+02,-6.080108280e+02,-5.815151326e+02,-5.559447819e+02,-5.117144368e+02,-4.450286675e+02,-3.538520366e+02,-2.697570213e+02,-2.230949558e+02,-2.146232845e+02,-2.173241961e+02,-1.966530092e+02,-1.336730495e+02,-4.542359057e+01,1.507845155e+01,6.068556566e+00,4.160353996e+00
-9.356806946e+00,-1.364843287e+01,-1.408081956e+01,-7.728505972e+01,-1.719625685e+02,-2.481421015e+02,-2.809036901e+02,-2.841685391e+02,-2.784766545e+02,-2.952717892e+02,-3.509839600e+02,-4.288628536e+02,-4.881223456e+02,-5.121085010e+02,-5.264736893e+02,-5.506692217e+02,-5.918744069e+02,-6.407267963e+02,-6.741917288e+02,-6.715957895e+02,-6.357380001e+02,-5.929445928e+02,-5.700791969e+02,-5.781883294e+02,-6.033484023e+02,-6.198578953e+02,-5.879854311e+02,-5.276149721e+02,-4.692547707e+02,-4.274238168e+02,-4.069980593e+02,-4.032897201e+02,-4.077821316e+02,-3.947440143e+02,-3.597101928e+02,-3.526803546e+02,-3.658536603e+02,-3.813143119e+02,-3.942771358e+02,-4.126538726e+02,-4.494201536e+02,-5.117021593e+02,-5.609930663e+02,-5.532983641e+02,-5.438541388e+02,-5.419642124e+02,-5.476820229e+02,-5.634462169e+02,-5.934954109e+02,-6.370214449e+02,-6.798521973e+02,-6.971097592e+02,-6.801560194e+02,-6.425560367e+02,-6.068435523e+02,-5.819652157e+02,-5.385539624e+02,-4.788544991e+02,-4.061174594e+02,-3.208655326e+02,-2.457021164e+02,-2.069721294e+02,-2.055329923e+02,-2.142975450e+02,-1.973806945e+02,-1.351152745e+02,-4.724984825e+01,1.065786680e+01,4.522409889e+00,3.100379118e+00
-9.231896607e+00,-1.346623072e+01,-1.803250083e+01,-8.310145710e+01,-1.790982833e+02,-2.523841507e+02,-2.780144673e+02,-2.712181386e+02,-2.595799119e+02,-2.763360486e+02,-3.332769771e+02,-4.105769325e+02,-4.667167136e+02,-4.891774101e+02,-5.029187086e+02,-5.264324574e+02,-5.675370138e+02,-6.180999147e+02,-6.553757229e+02,-6.568927056e+02,-6.213473057e+02,-5.740062602e+02,-5.466007415e+02,-5.504204486e+02,-5.702379438e+02,-5.760520875e+02,-5.354824840e+02,-4.721608888e+02,-4.180434561e+02,-3.902955586e+02,-3.902199890e+02,-4.043431850e+02,-3.926669892e+02,-3.439039036e+02,-3.244058265e+02,-3.313652017e+02,-3.464843077e+02,-3.571080570e+02,-3.683199130e+02,-3.856961476e+02,-4.209781641e+02,-4.835083796e+02,-5.410712075e+02,-5.292724862e+02,-5.199330150e+02,-5.167368942e+02,-5.183306115e+02,-5.281753997e+02,-5.543731401e+02,-5.941085575e+02,-6.304851654e+02,-6.444084659e+02,-6.292703831e+02,-5.946297940e+02,-5.556737415e+02,-5.177296475e+02,-4.782051299e+02,-4.312995904e+02,-3.675814560e+02,-2.895413000e+02,-2.212704944e+02,-1.890796892e+02,-1.938957006e+02,-2.084198722e+02,-1.944977592e+02,-1.296687858e+02,-3.822280677e+01,1.865266621e+01,1.199826280e+01,8.225517889e+00
-1.010867082e+01,-1.474514927e+01,-2.378360315e+01,-9.104354987e+01,-1.867315114e+02,-2.532615330e+02,-2.652096512e+02,-2.511072184e+02,-2.351976356e+02,-2.557038553e+02,-3.183487731e+02,-3.981848913e+02,-4.543295360e+02,-4.781353194e+02,-4.926206831e+02,-5.138387468e+02,-5.494670984e+02,-5.924365888e+02,-6.166925728e+02,-5.972619802e+02,-5.599813610e+02,-5.414344887e+02,-5.318691552e+02,-5.321222098e+02,-5.422407235e+02,-5.376090192e+02,-4.902442840e+02,-4.204382957e+02,-3.624714539e+02,-3.358030312e+02,-3.402201985e+02,-3.548912939e+02,-3.237533032e+02,-2.817783547e+02,-2.722186728e+02,-2.916408006e+02,-3.110222429e+02,-3.153474582e+02,-3.222219076e+02,-3.330051680e+02,-3.609213367e+02,-4.150868458e+02,-4.757548516e+02,-4.977505766e+02,-5.037572982e+02,-5.074957950e+02,-5.074900948e+02,-5.085042589e+02,-5.238512126e+02,-5.545971872e+02,-5.837366990e+02,-5.940887560e+02,-5.792125480e+02,-5.458559621e+02,-5.068085083e+02,-4.725704618e+02,-4.445410029e+02,-4.111416103e+02,-3.574870610e+02,-2.852571111e+02,-2.203506959e+02,-1.897686724e+02,-1.956791418e+02,-2.129940859e+02,-2.016549706e+02,-1.333043963e+02,-3.629587274e+01,2.349632360e+01,1.869531056e+01,1.281673973e+01
-1.249808137e+01,-1.823049524e+01,-3.395719235e+01,-1.057959977e+02,-2.009745429e+02,-2.428734641e+02,-2.482820470e+02,-2.329504596e+02,-2.232241984e+02,-2.552802070e+02,-3.290807702e+02,-4.140432283e+02,-4.679145380e+02,-4.914972785e+02,-5.054333928e+02,-5.200603015e+02,-5.410575701e+02,-5.633288957e+02,-5.671763383e+02,-5.451809179e+02,-5.184291854e+02,-5.166321001e+02,-5.407141523e+02,-5.386793978e+02,-5.364101186e+02,-5.227294819e+02,-4.718024305e+02,-3.948575969e+02,-3.283517258e+02,-2.946290870e+02,-2.942710813e+02,-3.065389190e+02,-2.740899259e+02,-2.266425337e+02,-2.101277904e+02,-2.220115613e+02,-2.507699050e+02,-2.737445780e+02,-2.807251384e+02,-2.855758180e+02,-3.069480754e+02,-3.557302940e+02,-4.208253613e+02,-4.757841596e+02,-5.106385325e+02,-5.287025451e+02,-5.288619837e+02,-5.203029027e+02,-5.261723710e+02,-5.527720867e+02,-5.773737824e+02,-5.842380151e+02,-5.674301843e+02,-5.327354755e+02,-4.950665574e+02,-4.684533370e+02,-4.531827436e+02,-4.327617093e+02,-3.871801291e+02,-3.165859912e+02,-2.514546145e+02,-2.167861542e+02,-2.127346868e+02,-2.272652933e+02,-2.195300442e+02,-1.486244910e+02,-4.622846886e+01,2.031710450e+01,2.119740540e+01,1.453207354e+01
-1.603034779e+01,-2.338288338e+01,-4.794431297e+01,-1.252169954e+02,-2.004777663e+02,-2.356858894e+02,-2.396287604e+02,-2.281748236e+02,-2.336390849e+02,-2.837534902e+02,-3.713073627e+02,-4.596197701e+02,-5.060912140e+02,-5.262964853e+02,-5.370137833e+02,-5.446168840e+02,-5.531073174e+02,-5.635023210e+02,-5.620574079e+02,-5.426806686e+02,-5.218313283e+02,-5.249825604e+02,-5.570509020e+02,-5.541906664e+02,-5.403727525e+02,-5.194924171e+02,-4.726321765e+02,-3.936330796e+02,-3.193059977e+02,-2.764041332e+02,-2.679656119e+02,-2.742587811e+02,-2.383579494e+02,-1.829045675e+02,-1.540662916e+02,-1.574889635e+02,-1.900895592e+02,-2.360845265e+02,-2.572660633e+02,-2.629442534e+02,-2.813313983e+02,-3.264603980e+02,-3.938889798e+02,-4.678004966e+02,-5.301942108e+02,-5.548274896e+02,-5.428190481e+02,-5.262439767e+02,-5.305032198e+02,-5.629199575e+02,-6.004498672e+02,-6.099716045e+02,-5.890926363e+02,-5.509102989e+02,-5.154983692e+02,-4.977165639e+02,-4.943217899e+02,-4.836726757e+02,-4.402332484e+02,-3.619175421e+02,-2.881089944e+02,-2.459457070e+02,-2.256257693e+02,-2.376500605e+02,-2.386609212e+02,-1.680276253e+02,-6.245653216e+01,1.219552751e+01,2.124163185e+01,1.456239338e+01
-1.966942915e+01,-2.869107858e+01,-6.180319383e+01,-1.346886316e+02,-1.984749437e+02,-2.349964054e+02,-2.408586534e+02,-2.375228313e+02,-2.607626833e+02,-3.290225755e+02,-4.291783035e+02,-5.117492891e+02,-5.535512378e+02,-5.681525832e+02,-5.715550365e+02,-5.742731651e+02,-5.789754752e+02,-5.881579636e+02,-5.892535264e+02,-5.732633885e+02,-5.512599840e+02,-5.438629154e+02,-5.506621535e+02,-5.462128167e+02,-5.306296973e+02,-5.047901289e+02,-4.628060467e+02,-3.907098514e+02,-3.123716590e+02,-2.611811517e+02,-2.432576691e+02,-2.360214620e+02,-2.011519375e+02,-1.521565072e+02,-1.215044873e+02,-1.207407551e+02,-1.490098805e+02,-1.958151532e+02,-2.387664962e+02,-2.528129591e+02,-2.635688811e+02,-3.006130462e+02,-3.691715481e+02,-4.556686028e+02,-5.264285671e+02,-5.327530564e+02,-5.209230757e+02,-5.127290868e+02,-5.250800768e+02,-5.606838928e+02,-6.002623962e+02,-6.187187901e+02,-6.054162869e+02,-5.729115531e+02,-5.457005286e+02,-5.386848593e+02,-5.441882431e+02,-5.351838452e+02,-4.863704037e+02,-4.037471596e+02,-3.213611972e+02,-2.623271545e+02,-2.360423115e+02,-2.466763417e+02,-2.519780907e+02,-1.823106301e+02,-7.730186466e+01,3.221352634e+00,2.076728604e+01,1.423720130e+01
-2.228473972e+01,-3.250593668e+01,-6.916940241e+01,-1.352979087e+02,-2.005055387e+02,-2.395415405e+02,-2.485589430e+02,-2.538097063e+02,-2.917369873e+02,-3.726478565e+02,-4.753331550e+02,-5.536573603e+02,-5.955586726e+02,-6.033550561e+02,-5.948543193e+02,-5.882506531e+02,-5.925578537e+02,-6.081243113e+02,-6.189436795e+02,-6.077591536e+02,-5.766207346e+02,-5.444485647e+02,-5.255076452e+02,-5.166246143e+02,-5.041199723e+02,-4.772451395e+02,-4.321831070e+02,-3.645469837e+02,-2.859655543e+02,-2.299732182e+02,-2.073996492e+02,-1.979919267e+02,-1.736370952e+02,-1.361018862e+02,-1.058462613e+02,-9.613560037e+01,-1.134380399e+02,-1.557638658e+02,-2.116653723e+02,-2.221361059e+02,-2.085535206e+02,-2.372592167e+02,-3.129261935e+02,-4.123492290e+02,-4.830114458e+02,-4.926756482e+02,-4.894460573e+02,-4.939325783e+02,-5.171457282e+02,-5.567214623e+02,-5.937034231e+02,-6.089907345e+02,-5.994138076e+02,-5.777817010e+02,-5.641461178e+02,-5.687984083e+02,-5.775040959e+02,-5.624344295e+02,-5.103378100e+02,-4.336407423e+02,-3.575283570e+02,-2.965921246e+02,-2.564785257e+02,-2.604935740e+02,-2.590399267e+02,-1.893924225e+02,-8.880344471e+01,-6.482121296e+00,1.860869216e+01,1.275735769e+01
-2.180212307e+01,-3.180196137e+01,-6.882226536e+01,-1.366979428e+02,-2.051744085e+02,-2.463613969e+02,-2.576747952e+02,-2.689503862e+02,-3.153200410e+02,-3.989207953e+02,-4.967368747e+02,-5.793617310e+02,-6.226463042e+02,-6.230398532e+02,-5.992708758e+02,-5.775660329e+02,-5.776111363e+02,-6.002694766e+02,-6.268727624e+02,-6.195416478e+02,-5.697675144e+02,-5.184333292e+02,-4.876877038e+02,-4.772239505e+02,-4.688430982e+02,-4.429423372e+02,-3.897410410e+02,-3.141015939e+02,-2.352787604e+02,-1.823731129e+02,-1.686116969e+02,-1.719245791e+02,-1.640983991e+02,-1.388973675e+02,-1.097169935e+02,-9.387003222e+01,-1.043078396e+02,-1.428562409e+02,-1.979493195e+02,-1.664071563e+02,-1.285293284e+02,-1.535238700e+02,-2.399031866e+02,-3.505762384e+02,-4.248270699e+02,-4.439921827e+02,-4.536968346e+02,-4.720535948e+02,-5.051093690e+02,-5.473192528e+02,-5.802890544e+02,-5.890366574e+02,-5.766412654e+02,-5.601197351e+02,-5.576730989e+02,-5.714214484e+02,-5.804556111e+02,-5.624218080e+02,-5.115197336e+02,-4.406515066e+02,-3.711801141e+02,-3.187811464e+02,-2.700756029e+02,-2.673472670e+02,-2.595255260e+02,-1.944040171e+02,-1.011217524e+02,-2.018020182e+01,1.152888737e+01,7.903733305e+00
-1.699325835e+01,-2.478744588e+01,-6.458711444e+01,-1.361111318e+02,-2.077065276e+02,-2.508721623e+02,-2.633815500e+02,-2.730230860e+02,-3.177127215e+02,-4.016642189e+02,-5.018058837e+02,-5.872105296e+02,-6.293746474e+02,-6.202413735e+02,-5.795947925e+02,-5.431720928e+02,-5.378114919e+02,-5.632810101e+02,-5.958861577e+02,-5.822151717e+02,-5.306117569e+02,-4.768460482e+02,-4.444201385e+02,-4.349876536e+02,-4.292899617e+02,-3.994117549e+02,-3.274268910e+02,-2.422364742e+02,-1.698161081e+02,-1.405481777e+02,-1.584745863e+02,-1.861560467e+02,-1.960727326e+02,-1.836068257e+02,-1.610582184e+02,-1.471975193e+02,-1.564275005e+02,-1.895480892e+02,-2.218163291e+02,-1.485791222e+02,-7.927888352e+01,-8.999517293e+01,-1.805706272e+02,-2.936175247e+02,-3.604659030e+02,-3.882583907e+02,-4.132790118e+02,-4.440297533e+02,-4.828422293e+02,-5.257916801e+02,-5.556798421e+02,-5.582155544e+02,-5.403465138e+02,-5.224798503e+02,-5.238247221e+02,-5.439613168e+02,-5.587329677e+02,-5.456437363e+02,-4.993594141e+02,-4.323025359e+02,-3.634235184e+02,-3.034555737e+02,-2.603290767e+02,-2.586923928e+02,-2.590273920e+02,-2.008776588e+02,-1.161671996e+02,-3.781466625e+01,-2.272350930e-01,-1.557830791e-01
-1.139593856e+01,-1.662283974e+01,-5.628818589e+01,-1.274022138e+02,-1.983347000e+02,-2.413552737e+02,-2.515796593e+02,-2.563590333e+02,-3.044712915e+02,-3.929391054e+02,-4.960029375e+02,-5.800918447e+02,-6.151372618e+02,-5.941174812e+02,-5.409103362e+02,-4.959509316e+02,-4.883426640e+02,-5.157304254e+02,-5.432564121e+02,-5.276410037e+02,-4.818302932e+02,-4.324434642e+02,-4.026265966e+02,-3.942416832e+02,-3.864563383e+02,-3.377138874e+02,-2.517158027e+02,-1.695322281e+02,-1.268153672e+02,-1.525985786e+02,-2.122267923e+02,-2.633248070e+02,-2.882545390e+02,-2.868128734e+02,-2.716327276e+02,-2.612164727e+02,-2.686244582e+02,-2.899694732e+02,-2.873342870e+02,-2.044649502e+02,-1.130070505e+02,-8.788685595e+01,-1.577196108e+02,-2.457550734e+02,-2.918343818e+02,-3.312751734e+02,-3.733832046e+02,-4.130797972e+02,-4.515437888e+02,-4.932383850e+02,-5.218344450e+02,-5.200383628e+02,-4.960804692e+02,-4.720263540e+02,-4.713448413e+02,-4.981409877e+02,-5.251167479e+02,-5.230661366e+02,-4.836672741e+02,-4.185189997e+02,-3.460834897e+02,-2.794348830e+02,-2.366278741e+02,-2.348994463e+02,-2.384699528e+02,-1.966168635e+02,-1.214688717e+02,-4.599104568e+01,-5.436072108e+00,-3.726748539e+00
-6.190657013e+00,-9.030085493e+00,-4.518348931e+01,-1.107621105e+02,-1.751580765e+02,-2.128104222e+02,-2.239317831e+02,-2.380475726e+02,-2.914809414e+02,-3.819640779e+02,-4.837491849e+02,-5.623454370e+02,-5.893022210e+02,-5.605987973e+02,-5.016655398e+02,-4.538984451e+02,-4.473746422e+02,-4.754412937e+02,-4.908417489e+02,-4.762911055e+02,-4.385687242e+02,-3.967720303e+02,-3.704227410e+02,-3.599968409e+02,-3.435986309e+02,-2.828261856e+02,-1.978877538e+02,-1.347955619e+02,-1.436459755e+02,-2.198262483e+02,-3.104131639e+02,-3.806179996e+02,-4.175446002e+02,-4.250101157e+02,-4.163242310e+02,-4.078011567e+02,-4.095604592e+02,-4.137489777e+02,-3.881728899e+02,-3.104709174e+02,-2.201813055e+02,-1.664038473e+02,-1.653543370e+02,-1.798051565e+02,-2.209618656e+02,-2.796871188e+02,-3.418515976e+02,-3.903943936e+02,-4.249404484e+02,-4.636066966e+02,-4.896315177e+02,-4.832444295e+02,-4.528202721e+02,-4.202449164e+02,-4.162431399e+02,-4.502903048e+02,-4.916313852e+02,-5.029529128e+02,-4.709174783e+02,-4.059201423e+02,-3.281250927e+02,-2.561613028e+02,-2.114027558e+02,-2.050395691e+02,-2.037724672e+02,-1.696555895e+02,-1.021909069e+02,-3.085114395e+01,6.160316659e+00,4.223260960e+00
-1.703793523e+00,-2.485261441e+00,-3.354045339e+01,-9.124980243e+01,-1.475935193e+02,-1.814189071e+02,-1.981770609e+02,-2.252718735e+02,-2.824971615e+02,-3.695961447e+02,-4.647713167e+02,-5.373308185e+02,-5.608611184e+02,-5.307910648e+02,-4.719383291e+02,-4.263980690e+02,-4.196480014e+02,-4.255138207e+02,-4.352119052e+02,-4.277915385e+02,-4.019660729e+02,-3.717658357e+02,-3.501326957e+02,-3.343538622e+02,-3.102034853e+02,-2.540307163e+02,-1.771312310e+02,-1.391939040e+02,-1.862324713e+02,-2.915285763e+02,-4.058308806e+02,-4.908441550e+02,-5.317384705e+02,-5.424155816e+02,-5.405139974e+02,-5.373034788e+02,-5.371401545e+02,-5.305014111e+02,-4.948046370e+02,-4.222593367e+02,-3.365114733e+02,-2.353837201e+02,-1.335622624e+02,-1.139155451e+02,-1.603814493e+02,-2.361469907e+02,-3.152337577e+02,-3.773897988e+02,-4.105589558e+02,-4.452585129e+02,-4.647237408e+02,-4.525085030e+02,-4.164452672e+02,-3.764624634e+02,-3.710772093e+02,-4.127885209e+02,-4.677119656e+02,-4.917418302e+02,-4.661605417e+02,-4.003568674e+02,-3.179541897e+02,-2.427180548e+02,-1.942080874e+02,-1.794749181e+02,-1.738566993e+02,-1.440879760e+02,-8.131943438e+01,-1.305222716e+01,1.969480899e+01,1.350195494e+01
2.092182491e+00,3.051790258e+00,-2.304506331e+01,-7.296013571e+01,-1.219217064e+02,-1.528983314e+02,-1.749445343e+02,-2.158824191e+02,-2.717251372e+02,-3.513703766e+02,-4.397193747e+02,-5.095172959e+02,-5.338723356e+02,-5.054502913e+02,-4.460133065e+02,-3.916296894e+02,-3.643361850e+02,-3.691313951e+02,-3.813172780e+02,-3.803775639e+02,-3.649594852e+02,-3.467009706e+02,-3.322127839e+02,-3.112103573e+02,-2.823503411e+02,-2.380268545e+02,-1.608443024e+02,-1.380233130e+02,-2.051616306e+02,-3.288309331e+02,-4.625887839e+02,-5.581460392e+02,-5.957846742e+02,-6.051058768e+02,-6.091153777e+02,-6.154610144e+02,-6.212881226e+02,-6.130530677e+02,-5.718036906e+02,-4.954956108e+02,-3.850299838e+02,-2.303651671e+02,-1.025867570e+02,-6.708137974e+01,-1.162661694e+02,-2.005216749e+02,-2.859303399e+02,-3.563595273e+02,-3.984658088e+02,-4.277324651e+02,-4.389252186e+02,-4.238434693e+02,-3.842401915e+02,-3.406974470e+02,-3.382120776e+02,-3.889886429e+02,-4.561408385e+02,-4.909710185e+02,-4.701526123e+02,-4.026241892e+02,-3.163736676e+02,-2.385431854e+02,-1.836238359e+02,-1.577415537e+02,-1.510966046e+02,-1.311386394e+02,-7.549855889e+01,-7.825077927e+00,2.463667297e+01,1.688989461e+01
5.078230812e+00,7.407429985e+00,-1.553776070e+01,-5.933486764e+01,-1.025678074e+02,-1.311936755e+02,-1.560107881e+02,-2.033954686e+02,-2.554170255e+02,-3.310191306e+02,-4.163438652e+02,-4.861260042e+02,-5.126293761e+02,-4.852307603e+02,-4.211796990e+02,-3.556925667e+02,-3.225786056e+02,-3.258373209e+02,-3.391970997e+02,-3.417042699e+02,-3.316206841e+02,-3.193126011e+02,-3.088875696e+02,-2.838500695e+02,-2.475107572e+02,-1.994660076e+02,-1.225079343e+02,-1.097349181e+02,-1.899565207e+02,-3.265522671e+02,-4.764419724e+02,-5.867935792e+02,-6.258240157e+02,-6.351329375e+02,-6.427896108e+02,-6.549536665e+02,-6.640248586e+02,-6.502030009e+02,-5.958926807e+02,-5.070402594e+02,-3.815399867e+02,-2.194800271e+02,-8.208285113e+01,-3.860064078e+01,-8.937529135e+01,-1.755471717e+02,-2.600023933e+02,-3.292040499e+02,-3.731426034e+02,-4.002584544e+02,-4.109466426e+02,-3.961097704e+02,-3.525462540e+02,-3.098375775e+02,-3.151944112e+02,-3.759934200e+02,-4.522632374e+02,-4.935884189e+02,-4.737915956e+02,-4.024121740e+02,-3.123975702e+02,-2.319983582e+02,-1.688906475e+02,-1.330815745e+02,-1.276790047e+02,-1.222957479e+02,-8.681882476e+01,-1.715609547e+01,1.991484913e+01,1.365280545e+01
6.355750694e+00,9.270901620e+00,-1.370641541e+01,-5.369574762e+01,-9.315066315e+01,-1.196218455e+02,-1.432781758e+02,-1.823739387e+02,-2.369832216e+02,-3.151346851e+02,-4.021744953e+02,-4.738171725e+02,-5.020238530e+02,-4.739243305e+02,-4.052169009e+02,-3.345636432e+02,-2.988025395e+02,-3.015493401e+02,-3.164124692e+02,-3.214165512e+02,-3.135470436e+02,-3.017173588e+02,-2.886967887e+02,-2.573139337e+02,-2.135729766e+02,-1.566799511e+02,-8.109433110e+01,-7.584208215e+01,-1.647167440e+02,-3.080100517e+02,-4.672487634e+02,-5.972130234e+02,-6.476200408e+02,-6.596754044e+02,-6.697515256e+02,-6.823413164e+02,-6.866662754e+02,-6.571316545e+02,-5.899100546e+02,-4.980303381e+02,-3.797579718e+02,-2.201404135e+02,-7.862793419e+01,-3.114712357e+01,-8.363240806e+01,-1.681600515e+02,-2.479910641e+02,-3.071088610e+02,-3.418090141e+02,-3.717149886e+02,-3.873318283e+02,-3.724385046e+02,-3.242603501e+02,-2.866102299e+02,-3.033584689e+02,-3.733055301e+02,-4.527936287e+02,-4.919869194e+02,-4.666094646e+02,-3.904102999e+02,-2.997452639e+02,-2.202687251e+02,-1.519983898e+02,-1.084541729e+02,-9.928674493e+01,-9.333136076e+01,-6.969554028e+01,-2.384835880e+01,1.255682889e+01,8.608447934e+00
4.410982030e+00,6.434138534e+00,-1.838273920e+01,-5.736082580e+01,-9.488133974e+01,-1.187970308e+02,-1.330918760e+02,-1.561783132e+02,-2.143431339e+02,-3.009747030e+02,-3.960185480e+02,-4.726153201e+02,-5.028183700e+02,-4.730427830e+02,-4.001113559e+02,-3.265621301e+02,-2.902791045e+02,-2.948611032e+02,-3.135698031e+02,-3.224562481e+02,-3.160575058e+02,-3.013767316e+02,-2.803453815e+02,-2.425858963e+02,-1.986269628e+02,-1.415305088e+02,-6.637705760e+01,-6.476936569e+01,-1.569728996e+02,-2.996805936e+02,-4.569043722e+02,-5.923800344e+02,-6.708718061e+02,-6.868973580e+02,-6.991229499e+02,-7.039514141e+02,-6.982975767e+02,-6.571559394e+02,-5.855584801e+02,-4.929336894e+02,-3.917489138e+02,-2.332831585e+02,-9.215910536e+01,-4.686234565e+01,-1.016024977e+02,-1.813672696e+02,-2.465509775e+02,-2.820132309e+02,-3.151075916e+02,-3.524577622e+02,-3.762594832e+02,-3.578363934e+02,-3.046363317e+02,-2.746352557e+02,-3.044976556e+02,-3.834997299e+02,-4.622584313e+02,-4.921938503e+02,-4.576244934e+02,-3.782959708e+02,-2.903467648e+02,-2.142235515e+02,-1.393852416e+02,-8.659273273e+01,-6.997953720e+01,-5.607624212e+01,-2.714159586e+01,6.115268362e+00,2.093527369e+01,1.435236676e+01
7.450645314e+00,1.086798445e+01,-2.001861195e+01,-6.780099342e+01,-1.059260659e+02,-1.265793209e+02,-1.232587474e+02,-1.340784502e+02,-1.917660603e+02,-2.844773051e+02,-3.889965311e+02,-4.735496674e+02,-5.086150415e+02,-4.796131726e+02,-4.042650079e+02,-3.293869726e+02,-2.938562462e+02,-3.017894505e+02,-3.264849458e+02,-3.409621603e+02,-3.357077312e+02,-3.152674672e+02,-2.844530568e+02,-2.473789343e+02,-2.101798916e+02,-1.584213229e+02,-8.642412087e+01,-8.411278590e+01,-1.744320477e+02,-3.108108951e+02,-4.549708645e+02,-5.686032584e+02,-6.323418380e+02,-6.639657841e+02,-6.723337103e+02,-6.668470647e+02,-6.659530007e+02,-6.570731702e+02,-5.795068233e+02,-4.741022001e+02,-3.556352968e+02,-2.262336003e+02,-1.105317297e+02,-8.233603998e+01,-1.400953920e+02,-2.066891940e+02,-2.430818282e+02,-2.687918237e+02,-3.061531517e+02,-3.533535884e+02,-3.878715055e+02,-3.539330984e+02,-2.952808894e+02,-2.717476143e+02,-3.134069495e+02,-4.048753583e+02,-4.848849295e+02,-5.011142995e+02,-4.577035707e+02,-3.762973642e+02,-2.900964916e+02,-2.114684281e+02,-1.241640170e+02,-6.596010424e+01,-4.655845915e+01,-2.961104339e+01,3.124696402e-01,2.929957793e+01,3.370493713e+01,2.310672536e+01
1.459222481e+01,2.128514587e+01,-8.620016400e+00,-7.093602058e+01,-1.207697446e+02,-1.422853262e+02,-1.229773388e+02,-1.258477838e+02,-1.808354443e+02,-2.745179712e+02,-3.819850280e+02,-4.701716124e+02,-5.102838183e+02,-4.883041618e+02,-4.173328191e+02,-3.455644630e+02,-3.138136887e+02,-3.256401024e+02,-3.549673829e+02,-3.729444297e+02,-3.658804597e+02,-3.378310646e+02,-3.038133356e+02,-2.749341179e+02,-2.457885705e+02,-1.945213819e+02,-1.272194519e+02,-1.207806770e+02,-2.044284806e+02,-3.313970147e+02,-4.555080538e+02,-5.406313161e+02,-5.904816184e+02,-6.201752262e+02,-6.320684492e+02,-6.330679336e+02,-6.385707247e+02,-6.342008825e+02,-5.496318678e+02,-4.392794463e+02,-3.202532461e+02,-2.076611684e+02,-1.282407959e+02,-1.308245612e+02,-1.887210328e+02,-2.310616349e+02,-2.563234803e+02,-2.816430616e+02,-3.218320192e+02,-3.746110089e+02,-4.093335435e+02,-3.574461106e+02,-2.989232777e+02,-2.778435499e+02,-3.217496622e+02,-4.167648020e+02,-4.943397347e+02,-5.025587864e+02,-4.571807933e+02,-3.749914257e+02,-2.863278833e+02,-1.986310975e+02,-1.077512319e+02,-5.355885982e+01,-3.885487202e+01,-2.512169856e+01,3.323670835e+00,3.236210956e+01,3.662029493e+01,2.510537533e+01
1.689745706e+01,2.464770404e+01,-2.583878382e+00,-6.713302094e+01,-1.239647332e+02,-1.516837656e+02,-1.370569120e+02,-1.350019994e+02,-1.868783733e+02,-2.790051961e+02,-3.836481855e+02,-4.689480788e+02,-5.094643537e+02,-4.945385479e+02,-4.375850405e+02,-3.771761426e+02,-3.530368156e+02,-3.685436423e+02,-3.981461754e+02,-4.129370340e+02,-3.993747533e+02,-3.667978799e+02,-3.359673219e+02,-3.139227575e+02,-2.853489551e+02,-2.307530361e+02,-1.717893848e+02,-1.539401816e+02,-2.181404066e+02,-3.384568094e+02,-4.411150884e+02,-5.016756627e+02,-5.401342997e+02,-5.660112854e+02,-5.814581379e+02,-5.894471264e+02,-5.993581531e+02,-5.800982274e+02,-4.992623400e+02,-3.976884596e+02,-2.905693250e+02,-1.962818609e+02,-1.493597721e+02,-1.800745295e+02,-2.233546669e+02,-2.643019971e+02,-2.922711162e+02,-3.160990998e+02,-3.510588540e+02,-3.949099557e+02,-4.118741723e+02,-3.745621064e+02,-3.234829413e+02,-3.026559009e+02,-3.369681983e+02,-4.087344306e+02,-4.683813131e+02,-4.838112448e+02,-4.435363359e+02,-3.624126878e+02,-2.713806732e+02,-1.839015156e+02,-1.019290887e+02,-5.854527282e+01,-5.279722308e+01,-4.574578719e+01,-2.031738552e+01,1.146826343e+01,2.159410871e+01,1.480403709e+01
1.646074228e+01,2.401068413e+01,-4.967676847e+00,-7.169194748e+01,-1.309701125e+02,-1.586624883e+02,-1.569049383e+02,-1.553380018e+02,-2.038758368e+02,-2.933138777e+02,-3.929605440e+02,-4.743534518e+02,-5.148778328e+02,-5.046549937e+02,-4.586422264e+02,-4.126219462e+02,-3.987239498e+02,-4.180996322e+02,-4.444876621e+02,-4.507266170e+02,-4.292682607e+02,-3.940519886e+02,-3.636792729e+02,-3.398713010e+02,-3.086414363e+02,-2.631833131e+02,-1.981709619e+02,-1.276135611e+02,-1.439876197e+02,-2.415154620e+02,-3.578883720e+02,-4.340828165e+02,-4.677071232e+02,-4.870470592e+02,-5.013094329e+02,-5.133981818e+02,-5.265743682e+02,-4.971529979e+02,-4.290862052e+02,-3.444969393e+02,-2.544328640e+02,-1.774344322e+02,-1.474519867e+02,-1.869948089e+02,-2.519873413e+02,-3.080613005e+02,-3.396625806e+02,-3.543438697e+02,-3.763119504e+02,-4.098651884e+02,-4.294272975e+02,-4.098106458e+02,-3.701624558e+02,-3.509033081e+02,-3.745268157e+02,-4.238137102e+02,-4.666671212e+02,-4.760898577e+02,-4.344992420e+02,-3.524543869e+02,-2.608341463e+02,-1.789146045e+02,-1.101603255e+02,-7.955055271e+01,-8.179655018e+01,-8.041242410e+01,-5.872539805e+01,-2.380914781e+01,-2.266517102e-01,-1.553831357e-01
1.387863984e+01,2.024426552e+01,-1.303894015e+01,-8.399967613e+01,-1.472545550e+02,-1.765930845e+02,-1.771159219e+02,-1.774657222e+02,-2.221569495e+02,-3.093066419e+02,-4.070603642e+02,-4.884549098e+02,-5.311930899e+02,-5.254942833e+02,-4.859449464e+02,-4.459891266e+02,-4.362733625e+02,-4.572575122e+02,-4.797950291e+02,-4.771812735e+02,-4.474442236e+02,-4.072320497e+02,-3.741848051e+02,-3.501854524e+02,-3.248674926e+02,-2.860206158e+02,-2.032321365e+02,-9.682541692e+01,-5.446693127e+01,-1.213018510e+02,-2.313587020e+02,-3.242795350e+02,-3.688706557e+02,-3.836509768e+02,-3.920457525e+02,-4.021998879e+02,-4.147844497e+02,-3.910096030e+02,-3.411052590e+02,-2.763559060e+02,-1.962074096e+02,-1.192788109e+02,-1.292143281e+02,-2.039224335e+02,-2.869651349e+02,-3.583953679e+02,-3.841801268e+02,-3.834584748e+02,-3.961273769e+02,-4.286648567e+02,-4.591342166e+02,-4.571777163e+02,-4.266492952e+02,-4.086977035e+02,-4.289017250e+02,-4.664416412e+02,-4.950551421e+02,-4.942904213e+02,-4.466208815e+02,-3.605425191e+02,-2.659569493e+02,-1.854511900e+02,-1.260849148e+02,-1.056417498e+02,-1.115973428e+02,-1.107876399e+02,-8.979294069e+01,-5.540748705e+01,-1.802201005e+01,-1.235515245e+01
9.559639014e+00,1.394429661e+01,-2.430587251e+01,-1.010643205e+02,-1.709404127e+02,-2.054826541e+02,-2.068900414e+02,-2.030125555e+02,-2.413778062e+02,-3.283842799e+02,-4.296621108e+02,-5.144005560e+02,-5.600048737e+02,-5.574700647e+02,-5.213020445e+02,-4.830530734e+02,-4.716081905e+02,-4.870425884e+02,-5.016792310e+02,-4.901698590e+02,-4.524633434e+02,-4.084108803e+02,-3.777198455e+02,-3.616208450e+02,-3.455427149e+02,-3.077190025e+02,-2.233533541e+02,-1.107022179e+02,-2.266029605e+01,-2.947518917e+01,-1.129189020e+02,-1.973209973e+02,-2.490902277e+02,-2.666511383e+02,-2.679516273e+02,-2.716485475e+02,-2.784264667e+02,-2.679536569e+02,-2.401421573e+02,-1.939631268e+02,-1.107265535e+02,-8.841437448e+01,-1.535177613e+02,-2.477661213e+02,-3.308962655e+02,-3.798057019e+02,-3.982495999e+02,-4.023977873e+02,-4.170583522e+02,-4.538028225e+02,-4.950206196e+02,-5.055248308e+02,-4.741473428e+02,-4.507112160e+02,-4.688126373e+02,-5.117224096e+02,-5.360831536e+02,-5.273156802e+02,-4.734489985e+02,-3.820982640e+02,-2.808333594e+02,-1.947044977e+02,-1.398925495e+02,-1.278350148e+02,-1.354462542e+02,-1.313637746e+02,-1.055093449e+02,-6.802041788e+01,-2.772976245e+01,-1.901039016e+01
3.890411036e+00,5.674800620e+00,-3.670263584e+01,-1.194574327e+02,-1.974613637e+02,-2.398027352e+02,-2.432477459e+02,-2.309800368e+02,-2.590962077e+02,-3.450533664e+02,-4.538466883e+02,-5.449600825e+02,-5.940413164e+02,-5.939043131e+02,-5.596473203e+02,-5.227163737e+02,-5.095198977e+02,-5.179863508e+02,-5.229566037e+02,-5.025240016e+02,-4.590594232e+02,-4.159508822e+02,-3.944752375e+02,-3.908697859e+02,-3.801575986e+02,-3.395588671e+02,-2.666345773e+02,-1.756588050e+02,-8.952210208e+01,-4.108547460e+01,-5.473707053e+01,-9.702570636e+01,-1.324109916e+02,-1.506094834e+02,-1.440289498e+02,-1.402643775e+02,-1.448340856e+02,-1.434358759e+02,-1.346357240e+02,-1.155248155e+02,-9.822412387e+01,-1.364584498e+02,-2.208826525e+02,-3.186779658e+02,-3.826102884e+02,-4.006004072e+02,-4.092289087e+02,-4.204773762e+02,-4.424210468e+02,-4.822263483e+02,-5.284394740e+02,-5.485117191e+02,-5.160624494e+02,-4.852112451e+02,-4.913616503e+02,-5.269151164e+02,-5.524215424e+02,-5.418767880e+02,-4.857322015e+02,-3.915371391e+02,-2.847062965e+02,-1.949994468e+02,-1.473751960e+02,-1.441094517e+02,-1.529080025e+02,-1.434520737e+02,-1.090292136e+02,-6.270213385e+01,-2.489816623e+01,-1.706916369e+01
-2.836699093e+00,-4.137789458e+00,-4.819301729e+01,-1.351994588e+02,-2.202656300e+02,-2.703599965e+02,-2.749367943e+02,-2.512065517e+02,-2.676074959e+02,-3.464039302e+02,-4.566139127e+02,-5.546300640e+02,-6.095427865e+02,-6.137427857e+02,-5.860463399e+02,-5.582220476e+02,-5.497306174e+02,-5.564731930e+02,-5.559678701e+02,-5.300064020e+02,-4.845331434e+02,-4.466731216e+02,-4.377764622e+02,-4.447113439e+02,-4.294682407e+02,-3.839656344e+02,-3.265293232e+02,-2.696674781e+02,-2.129485643e+02,-1.473727608e+02,-9.425883804e+01,-7.481053735e+01,-7.702868556e+01,-8.165007341e+01,-6.583405549e+01,-5.989106388e+01,-7.414360867e+01,-9.027064969e+01,-1.110578054e+02,-1.404561886e+02,-1.716060670e+02,-2.224900576e+02,-3.045250016e+02,-4.008124991e+02,-4.496225657e+02,-4.472214974e+02,-4.440769838e+02,-4.520887927e+02,-4.737262882e+02,-5.085077569e+02,-5.497481976e+02,-5.785375283e+02,-5.688729018e+02,-5.349025058e+02,-5.224751181e+02,-5.341030301e+02,-5.444791041e+02,-5.272186160e+02,-4.688539205e+02,-3.753313770e+02,-2.707075981e+02,-1.871685660e+02,-1.509801968e+02,-1.558283538e+02,-1.638433944e+02,-1.457394901e+02,-9.887387387e+01,-4.343959952e+01,-1.081720787e+01,-7.415834971e+00
-1.045494064e+01,-1.525024041e+01,-5.668552555e+01,-1.434480037e+02,-2.308126690e+02,-2.854720087e+02,-2.928140970e+02,-2.614503754e+02,-2.699613961e+02,-3.395361170e+02,-4.426387680e+02,-5.375860407e+02,-5.941067374e+02,-6.060129240e+02,-5.928067102e+02,-5.818123929e+02,-5.863135132e+02,-5.997950414e+02,-6.013911616e+02,-5.757158625e+02,-5.322690833e+02,-5.015676548e+02,-5.038698621e+02,-5.116691441e+02,-4.832181732e+02,-4.357664601e+02,-3.922164487e+02,-3.649827294e+02,-3.413179929e+02,-2.398481564e+02,-1.572570430e+02,-1.213716538e+02,-1.180141179e+02,-1.226542603e+02,-1.110274897e+02,-1.119062235e+02,-1.303324612e+02,-1.447276346e+02,-1.720740254e+02,-2.176677783e+02,-2.630457325e+02,-3.070440059e+02,-3.755223749e+02,-4.635446363e+02,-5.325369566e+02,-5.175987616e+02,-5.026618790e+02,-4.996371950e+02,-5.087854599e+02,-5.277048668e+02,-5.544474401e+02,-5.750627061e+02,-5.796072643e+02,-5.687030321e+02,-5.515938784e+02,-5.420746223e+02,-5.328640483e+02,-5.029834327e+02,-4.389701263e+02,-3.464690818e+02,-2.488064734e+02,-1.774217734e+02,-1.550622266e+02,-1.675660635e+02,-1.733019987e+02,-1.445572315e+02,-8.452675401e+01,-2.354925442e+01,1.026120585e+00,7.034662741e-01
-1.790114375e+01,-2.611174519e+01,-5.960766567e+01,-1.382772515e+02,-2.197297643e+02,-2.702779775e+02,-2.798417400e+02,-2.628143066e+02,-2.697469041e+02,-3.320267436e+02,-4.265062307e+02,-5.135073259e+02,-5.699624767e+02,-5.906462296e+02,-5.911829119e+02,-5.948438151e+02,-6.124186692e+02,-6.353658843e+02,-6.436988646e+02,-6.233495736e+02,-5.848774523e+02,-5.608643267e+02,-5.684447528e+02,-5.596152284e+02,-5.248820775e+02,-4.828050567e+02,-4.509497165e+02,-4.409756028e+02,-4.148703918e+02,-2.949529407e+02,-2.160389148e+02,-1.862526507e+02,-1.882205866e+02,-1.907699139e+02,-1.778870703e+02,-1.904088876e+02,-2.225977927e+02,-2.244631212e+02,-2.456330184e+02,-2.929347450e+02,-3.394452282e+02,-3.674025094e+02,-4.161763820e+02,-4.893183500e+02,-5.637915368e+02,-5.871865903e+02,-5.637102385e+02,-5.456371757e+02,-5.355934341e+02,-5.365532606e+02,-5.476502192e+02,-5.549561725e+02,-5.511116712e+02,-5.415845124e+02,-5.345836851e+02,-5.285748437e+02,-5.125804411e+02,-4.733784742e+02,-4.037419981e+02,-3.123931016e+02,-2.236932356e+02,-1.680486612e+02,-1.627449342e+02,-1.852054994e+02,-1.903160910e+02,-1.524597090e+02,-8.144168616e+01,-1.742734449e+01,2.602206394e-01,1.783966195e-01
-2.249779094e+01,-3.281670671e+01,-5.481102254e+01,-1.205211044e+02,-1.958591355e+02,-2.434319111e+02,-2.512264864e+02,-2.377260129e+02,-2.424643388e+02,-2.906438240e+02,-3.705339634e+02,-4.541966324e+02,-5.168867925e+02,-5.512140535e+02,-5.703956083e+02,-5.935986516e+02,-6.258670968e+02,-6.529073866e+02,-6.603576117e+02,-6.429289516e+02,-6.117204942e+02,-5.951687405e+02,-5.851771236e+02,-5.699156533e+02,-5.441874035e+02,-5.119316509e+02,-4.876381611e+02,-4.807220999e+02,-4.412364766e+02,-3.412685534e+02,-2.779115339e+02,-2.577898750e+02,-2.584371107e+02,-2.422584726e+02,-2.203830936e+02,-2.399499177e+02,-3.011301757e+02,-2.890495125e+02,-3.039961964e+02,-3.496344819e+02,-3.873599414e+02,-3.939585649e+02,-4.237190488e+02,-4.839307619e+02,-5.529676366e+02,-5.985313324e+02,-5.931456319e+02,-5.655700593e+02,-5.429796647e+02,-5.346958041e+02,-5.365367417e+02,-5.332158073e+02,-5.186088837e+02,-5.002319423e+02,-4.887413546e+02,-4.841927593e+02,-4.706118207e+02,-4.300428074e+02,-3.589098826e+02,-2.710581590e+02,-1.940787257e+02,-1.583922597e+02,-1.748826471e+02,-2.114680009e+02,-2.191561761e+02,-1.754383667e+02,-9.637165110e+01,-3.010651547e+01,-1.431012452e+01,-9.810435659e+00
-2.273404248e+01,-3.316131821e+01,-4.366021677e+01,-9.740563528e+01,-1.691253709e+02,-2.152888558e+02,-2.209777426e+02,-2.028463426e+02,-1.978730439e+02,-2.339143209e+02,-3.054375630e+02,-3.864622690e+02,-4.524409840e+02,-4.959661923e+02,-5.289539705e+02,-5.675096932e+02,-6.143854582e+02,-6.507794986e+02,-6.573116922e+02,-6.374850763e+02,-6.046621915e+02,-5.749621120e+02,-5.616108825e+02,-5.575140603e+02,-5.450923863e+02,-5.215291604e+02,-4.960140088e+02,-4.738991081e+02,-4.357394742e+02,-3.771565744e+02,-3.397545590e+02,-3.299433921e+02,-3.163748931e+02,-2.708848616e+02,-2.433354880e+02,-2.660433973e+02,-3.257963077e+02,-3.299317108e+02,-3.430092618e+02,-3.859839209e+02,-4.057579550e+02,-3.943432923e+02,-4.118621650e+02,-4.646661084e+02,-5.305606897e+02,-5.771113242e+02,-5.809588716e+02,-5.551946221e+02,-5.326148743e+02,-5.267465196e+02,-5.295202268e+02,-5.226116282e+02,-4.998155406e+02,-4.706356418e+02,-4.485532931e+02,-4.366346984e+02,-4.203725585e+02,-3.794756965e+02,-3.096119417e+02,-2.276008279e+02,-1.645698867e+02,-1.512029744e+02,-1.913491387e+02,-2.425152064e+02,-2.357160075e+02,-1.839966770e+02,-1.129112572e+02,-5.140346967e+01,-3.398049234e+01,-2.329563473e+01
-1.961676777e+01,-2.861426335e+01,-2.872594715e+01,-7.280530250e+01,-1.427332352e+02,-1.898009256e+02,-1.975262284e+02,-1.819267559e+02,-1.768926514e+02,-2.083647961e+02,-2.736807513e+02,-3.498074347e+02,-4.140680760e+02,-4.597964673e+02,-4.974352230e+02,-5.390150482e+02,-5.847966948e+02,-6.236020211e+02,-6.388170877e+02,-6.195857679e+02,-5.746537411e+02,-5.360962207e+02,-5.271071720e+02,-5.372127000e+02,-5.415558303e+02,-5.267043560e+02,-4.946586496e+02,-4.548430294e+02,-4.172714510e+02,-3.923939662e+02,-3.877615210e+02,-3.950652209e+02,-3.543530608e+02,-2.932513357e+02,-2.664722396e+02,-2.875629728e+02,-3.357320558e+02,-3.522612975e+02,-3.705549497e+02,-4.111866734e+02,-4.122898628e+02,-3.935061450e+02,-4.081172588e+02,-4.594774089e+02,-5.233452080e+02,-5.647478073e+02,-5.609123178e+02,-5.351577148e+02,-5.201123475e+02,-5.256681959e+02,-5.390321503e+02,-5.367784016e+02,-5.108301458e+02,-4.725001034e+02,-4.389484468e+02,-4.166215584e+02,-3.930673861e+02,-3.486638067e+02,-2.790645415e+02,-2.019025206e+02,-1.503841660e+02,-1.544489801e+02,-2.114544486e+02,-2.183346008e+02,-1.784141840e+02,-1.236005951e+02,-6.697467763e+01,-3.899041085e+01,-3.887577274e+01,-2.665163861e+01
-1.549297487e+01,-2.259903712e+01,-1.413905568e+01,-5.354394079e+01,-1.249129398e+02,-1.756189922e+02,-1.891960677e+02,-1.814094179e+02,-1.837742236e+02,-2.192622368e+02,-2.844188785e+02,-3.573857382e+02,-4.185610680e+02,-4.636372482e+02,-5.017801679e+02,-5.404012273e+02,-5.816606337e+02,-6.173269631e+02,-6.280079851e+02,-6.005177614e+02,-5.482976178e+02,-5.068742036e+02,-5.016043798e+02,-5.241395567e+02,-5.469623109e+02,-5.462569788e+02,-5.136382228e+02,-4.643690919e+02,-4.226539547e+02,-4.041372266e+02,-4.096894517e+02,-4.266463975e+02,-3.878263336e+02,-3.315163276e+02,-3.047383265e+02,-3.144842759e+02,-3.435196337e+02,-3.677267077e+02,-3.980828118e+02,-4.401541136e+02,-4.325626343e+02,-4.182309772e+02,-4.387199889e+02,-4.931978282e+02,-5.545190195e+02,-5.778570124e+02,-5.499603549e+02,-5.272884180e+02,-5.270045847e+02,-5.477261909e+02,-5.757145404e+02,-5.840122141e+02,-5.603443070e+02,-5.162591625e+02,-4.726657715e+02,-4.396433223e+02,-4.069538976e+02,-3.571351762e+02,-2.858951887e+02,-2.093958910e+02,-1.611461786e+02,-1.701971125e+02,-2.300310522e+02,-1.910820085e+02,-1.389343226e+02,-7.878535430e+01,-2.396340821e+01,-7.380142034e+00,-2.471355951e+01,-1.694260488e+01
-1.238027254e+01,-1.805865181e+01,-3.603395499e+00,-4.559650537e+01,-1.217593379e+02,-1.776189557e+02,-1.974978268e+02,-1.964474677e+02,-2.045875592e+02,-2.442497098e+02,-3.125094743e+02,-3.865131451e+02,-4.476941531e+02,-4.957378341e+02,-5.418272169e+02,-5.814602914e+02,-6.198095793e+02,-6.507678388e+02,-6.520825525e+02,-6.140865688e+02,-5.559349778e+02,-5.142171169e+02,-5.129811715e+02,-5.416163641e+02,-5.716564458e+02,-5.820086504e+02,-5.596402969e+02,-5.117996448e+02,-4.649569129e+02,-4.377288546e+02,-4.324472137e+02,-4.390047260e+02,-4.363805422e+02,-3.845516894e+02,-3.479928570e+02,-3.382304973e+02,-3.528976008e+02,-3.845303092e+02,-4.284821022e+02,-4.781097701e+02,-4.762665345e+02,-4.761749144e+02,-5.087858897e+02,-5.686908341e+02,-6.171066116e+02,-5.868892458e+02,-5.509331438e+02,-5.390096048e+02,-5.586494054e+02,-5.962168603e+02,-6.357974738e+02,-6.548353254e+02,-6.367842985e+02,-5.894474804e+02,-5.366344870e+02,-4.929225945e+02,-4.516092901e+02,-3.973978108e+02,-3.234001110e+02,-2.422132808e+02,-1.870928948e+02,-1.876754092e+02,-2.340753726e+02,-1.906109163e+02,-1.300131043e+02,-6.332477456e+01,-3.254627004e+00,1.522818198e+01,-1.121934069e+01,-7.691520773e+00
-1.057255109e+01,-1.542179449e+01,2.741783017e+00,-4.846522575e+01,-1.297734722e+02,-1.897181739e+02,-2.125417505e+02,-2.119236729e+02,-2.185610795e+02,-2.573583325e+02,-3.278247736e+02,-4.062727459e+02,-4.718434932e+02,-5.247900976e+02,-5.784680223e+02,-6.398776384e+02,-6.821859306e+02,-7.111715753e+02,-7.029030155e+02,-6.547401935e+02,-5.919155197e+02,-5.522346236e+02,-5.575418676e+02,-5.909522885e+02,-6.167639768e+02,-6.217252733e+02,-6.064233265e+02,-5.699732779e+02,-5.230146206e+02,-4.843241117e+02,-4.620714859e+02,-4.519142567e+02,-4.430774367e+02,-4.093243356e+02,-3.694294253e+02,-3.516885474e+02,-3.631982108e+02,-4.004823666e+02,-4.525791210e+02,-5.085468110e+02,-5.295944681e+02,-5.492010678e+02,-5.955487186e+02,-6.518344809e+02,-6.309415551e+02,-5.964305284e+02,-5.675760403e+02,-5.643557176e+02,-5.973655453e+02,-6.517545799e+02,-7.002510072e+02,-7.251124782e+02,-7.106866406e+02,-6.579932037e+02,-5.957532385e+02,-5.448841762e+02,-5.009761074e+02,-4.458514544e+02,-3.682613559e+02,-2.786827132e+02,-2.108593181e+02,-1.957307797e+02,-2.276432937e+02,-2.072409558e+02,-1.454584928e+02,-7.386948801e+01,-5.110386519e+00,2.644034783e+01,-3.381086873e+00,-2.317934773e+00
-8.685756241e+00,-1.266959569e+01,7.562690997e+00,-5.517237140e+01,-1.388593667e+02,-1.995136011e+02,-2.185444692e+02,-2.124242531e+02,-2.146798828e+02,-2.529676865e+02,-3.279738229e+02,-4.137358249e+02,-4.864494094e+02,-5.460390846e+02,-6.037306640e+02,-6.629159386e+02,-7.218745827e+02,-7.683559546e+02,-7.527487122e+02,-6.972749741e+02,-6.305686855e+02,-5.918999096e+02,-6.031961436e+02,-6.439730385e+02,-6.620523066e+02,-6.513731708e+02,-6.301634357e+02,-6.020070826e+02,-5.640110231e+02,-5.197971696e+02,-4.804433988e+02,-4.486949300e+02,-4.212941477e+02,-3.952622344e+02,-3.717600485e+02,-3.608734049e+02,-3.731025633e+02,-4.097071962e+02,-4.602383495e+02,-5.122184287e+02,-5.599471640e+02,-6.040666035e+02,-6.324261784e+02,-6.411031225e+02,-6.312577221e+02,-6.089765060e+02,-5.875931555e+02,-5.871898129e+02,-6.234511913e+02,-6.873013856e+02,-7.447291480e+02,-7.720888918e+02,-7.521007353e+02,-6.894568519e+02,-6.203056583e+02,-5.668918705e+02,-5.256102205e+02,-4.740478109e+02,-3.956541989e+02,-3.005565931e+02,-2.227067652e+02,-1.932794342e+02,-2.101096974e+02,-2.219069859e+02,-1.717069940e+02,-9.911272552e+01,-2.230634531e+01,2.781953330e+01,-1.307765899e+00,-8.965507739e-01
-4.890829431e+00,-7.134074429e+00,1.233217142e+01,-5.485267524e+01,-1.374502078e+02,-2.022828599e+02,-2.167852523e+02,-2.054959340e+02,-2.014725462e+02,-2.349155905e+02,-3.102593380e+02,-4.020478394e+02,-4.837560549e+02,-5.522218571e+02,-6.141842013e+02,-6.629618393e+02,-7.084950122e+02,-7.491576061e+02,-7.590134919e+02,-7.119376469e+02,-6.453958888e+02,-6.053585487e+02,-6.171645257e+02,-6.668965216e+02,-6.836820923e+02,-6.593503960e+02,-6.296420992e+02,-6.008112902e+02,-5.727224145e+02,-5.352986236e+02,-4.863293189e+02,-4.404128406e+02,-4.051650949e+02,-3.850513522e+02,-3.775277791e+02,-3.762420059e+02,-3.861482171e+02,-4.136581299e+02,-4.525694048e+02,-4.927494168e+02,-5.322363296e+02,-5.697405828e+02,-5.997507803e+02,-6.192597337e+02,-6.254558066e+02,-6.162980773e+02,-5.990418419e+02,-5.949993999e+02,-6.261420909e+02,-6.893367488e+02,-7.514407051e+02,-7.745991262e+02,-7.429453404e+02,-6.741452179e+02,-5.994470516e+02,-5.413031509e+02,-4.972896381e+02,-4.475230196e+02,-3.787224849e+02,-2.961376590e+02,-2.234629639e+02,-1.894240231e+02,-1.944135430e+02,-2.077339261e+02,-1.890291806e+02,-1.246658016e+02,-4.404933116e+01,1.907354920e+01,-4.038929074e+00,-2.768924460e+00
-2.420784168e-01,-3.531109533e-01,1.780465692e+01,-4.451709428e+01,-1.228831683e+02,-1.893801378e+02,-2.228384490e+02,-2.091576611e+02,-1.943878292e+02,-2.128209927e+02,-2.775111216e+02,-3.686707426e+02,-4.596740530e+02,-5.385879861e+02,-5.884561958e+02,-6.282263840e+02,-6.640901939e+02,-6.894534197e+02,-6.947805205e+02,-6.702663864e+02,-6.202234297e+02,-5.828225391e+02,-5.908849480e+02,-6.389243545e+02,-6.724963588e+02,-6.483362468e+02,-6.162879284e+02,-5.857950230e+02,-5.617698214e+02,-5.401941738e+02,-5.007350462e+02,-4.536567197e+02,-4.191354166e+02,-4.038243845e+02,-4.046384954e+02,-4.075754749e+02,-4.103727404e+02,-4.231134395e+02,-4.443137940e+02,-4.700516710e+02,-5.006934112e+02,-5.349376556e+02,-5.684910294e+02,-5.979117620e+02,-6.175603356e+02,-6.176798836e+02,-5.982953375e+02,-5.839694100e+02,-6.042486759e+02,-6.591060950e+02,-7.056988367e+02,-7.242405368e+02,-6.942548404e+02,-6.238182863e+02,-5.456334814e+02,-4.824629292e+02,-4.330527879e+02,-3.812455439e+02,-3.195553809e+02,-2.582752533e+02,-2.148011697e+02,-1.965175733e+02,-1.956810940e+02,-1.945044445e+02,-1.736810696e+02,-1.248935801e+02,-5.727535726e+01,4.275790262e+00,-1.004930865e+01,-6.889394696e+00
1.288267489e+00,1.879148778e+00,2.386995759e+01,-3.058167488e+01,-1.048686827e+02,-1.713554201e+02,-2.142692973e+02,-2.239368579e+02,-2.017942878e+02,-1.984871415e+02,-2.410980758e+02,-3.205942723e+02,-4.106527241e+02,-4.807954407e+02,-5.238157440e+02,-5.644782454e+02,-6.001266454e+02,-6.181544274e+02,-6.139476212e+02,-5.918970890e+02,-5.607079986e+02,-5.371333841e+02,-5.465438887e+02,-5.920797904e+02,-6.415278837e+02,-6.329705086e+02,-6.062305823e+02,-5.778520872e+02,-5.550513962e+02,-5.379994328e+02,-5.226490281e+02,-5.048016372e+02,-4.768163267e+02,-4.618888438e+02,-4.586778478e+02,-4.539160971e+02,-4.499437343e+02,-4.485911222e+02,-4.540618210e+02,-4.687653186e+02,-4.934372085e+02,-5.253574332e+02,-5.591504838e+02,-5.905099247e+02,-6.137180062e+02,-6.156883825e+02,-5.857678441e+02,-5.555925408e+02,-5.633507189e+02,-6.024717832e+02,-6.325896512e+02,-6.521759925e+02,-6.277886588e+02,-5.618131754e+02,-4.851072969e+02,-4.190822993e+02,-3.637901831e+02,-3.078569034e+02,-2.482358003e+02,-1.983281998e+02,-1.804406786e+02,-2.002847615e+02,-2.178163585e+02,-1.988300702e+02,-1.606847945e+02,-1.074309466e+02,-5.049264243e+01,-8.113408016e+00,-1.446702990e+01,-9.918003565e+00
-1.513180788e+00,-2.207221601e+00,2.481713849e+01,-1.734874270e+01,-8.924749246e+01,-1.582679456e+02,-2.073620829e+02,-2.311877073e+02,-2.208847087e+02,-1.984475749e+02,-2.132136860e+02,-2.708085419e+02,-3.490879881e+02,-4.170695896e+02,-4.591300335e+02,-4.975500966e+02,-5.353738851e+02,-5.554226470e+02,-5.479846558e+02,-5.230958488e+02,-4.985276287e+02,-4.898664704e+02,-5.074123176e+02,-5.546741948e+02,-6.144178806e+02,-6.217839855e+02,-6.066499322e+02,-5.852260326e+02,-5.641695856e+02,-5.442034610e+02,-5.240169101e+02,-5.044480585e+02,-4.897265853e+02,-4.842307989e+02,-4.879392318e+02,-4.974898970e+02,-4.974710751e+02,-4.882807076e+02,-4.867041320e+02,-4.976791211e+02,-5.206742700e+02,-5.501050555e+02,-5.782024352e+02,-6.001938150e+02,-6.129131961e+02,-6.085663030e+02,-5.591786723e+02,-5.143974034e+02,-5.120151605e+02,-5.356246131e+02,-5.603626529e+02,-5.782097721e+02,-5.624211191e+02,-5.087896341e+02,-4.395655898e+02,-3.722716006e+02,-3.092123895e+02,-2.464546019e+02,-1.859618218e+02,-1.423359774e+02,-1.384716614e+02,-1.762475439e+02,-2.267939265e+02,-2.147753618e+02,-1.556756634e+02,-9.178856266e+01,-3.559933050e+01,-1.482474248e+00,-1.323908615e+01,-9.076175589e+00
-4.332187585e+00,-6.319203952e+00,2.310158165e+01,-2.742378612e+00,-7.558865494e+01,-1.508787910e+02,-2.092453113e+02,-2.403921646e+02,-2.375403602e+02,-2.062978394e+02,-1.971708691e+02,-2.287126120e+02,-2.912832055e+02,-3.623498332e+02,-4.098465272e+02,-4.429849947e+02,-4.789511246e+02,-5.048900465e+02,-5.022527014e+02,-4.761916623e+02,-4.504071847e+02,-4.473739657e+02,-4.741876155e+02,-5.231788433e+02,-5.859206543e+02,-6.068815217e+02,-6.078144982e+02,-5.971351410e+02,-5.794566448e+02,-5.566246940e+02,-5.319688102e+02,-5.111055782e+02,-5.006116307e+02,-5.045882759e+02,-5.199818788e+02,-5.352003636e+02,-5.314667101e+02,-5.221535269e+02,-5.228578598e+02,-5.373546834e+02,-5.624387016e+02,-5.885704164e+02,-6.052588004e+02,-6.096334380e+02,-6.029553025e+02,-5.814226970e+02,-5.177982488e+02,-4.665821116e+02,-4.560637585e+02,-4.741233454e+02,-4.972947748e+02,-5.124638645e+02,-5.050134240e+02,-4.697125363e+02,-4.131991697e+02,-3.442227206e+02,-2.713556501e+02,-2.021946549e+02,-1.429342471e+02,-1.070994684e+02,-1.138026132e+02,-1.588927837e+02,-2.139806123e+02,-2.250494834e+02,-1.516506580e+02,-7.712277885e+01,-1.794789674e+01,4.432713097e+00,-1.127603662e+01,-7.730389178e+00
-3.771230685e+00,-5.500956591e+00,2.487226318e+01,1.686322317e+01,-5.956623466e+01,-1.431051056e+02,-2.138421421e+02,-2.543345075e+02,-2.386192944e+02,-2.089183328e+02,-1.888758744e+02,-1.965781519e+02,-2.387714697e+02,-3.076536318e+02,-3.738726602e+02,-3.922454251e+02,-4.180123500e+02,-4.459694350e+02,-4.544972611e+02,-4.339109622e+02,-4.050986235e+02,-3.972951302e+02,-4.249499451e+02,-4.775127848e+02,-5.350535567e+02,-5.710312185e+02,-5.881603291e+02,-5.898894048e+02,-5.769088398e+02,-5.521398095e+02,-5.239822018e+02,-5.017920652e+02,-4.934486862e+02,-5.019897776e+02,-5.205464604e+02,-5.303455993e+02,-5.236359801e+02,-5.195859745e+02,-5.276133293e+02,-5.487915124e+02,-5.769009447e+02,-5.963762207e+02,-5.956130909e+02,-5.825332719e+02,-5.605145633e+02,-5.243433056e+02,-4.632762764e+02,-4.119964965e+02,-3.996639261e+02,-4.182851606e+02,-4.416905804e+02,-4.538121745e+02,-4.496713170e+02,-4.319022385e+02,-3.929087261e+02,-3.188652812e+02,-2.384130975e+02,-1.706381031e+02,-1.203424219e+02,-9.608649142e+01,-1.095725026e+02,-1.533842535e+02,-2.021161883e+02,-2.110723189e+02,-1.426879088e+02,-6.244601654e+01,2.426090421e+00,1.181029672e+01,-6.543697098e+00,-4.486090897e+00
-2.521005674e+00,-3.677298987e+00,2.372299215e+01,2.891797548e+01,-4.700686243e+01,-1.343138523e+02,-2.137129099e+02,-2.687393466e+02,-2.453523017e+02,-2.143383826e+02,-1.893681077e+02,-1.768497413e+02,-1.914080518e+02,-2.373696849e+02,-2.967018039e+02,-3.190462032e+02,-3.373840711e+02,-3.644508717e+02,-3.839661105e+02,-3.762945699e+02,-3.483060497e+02,-3.313283012e+02,-3.473465833e+02,-3.925314047e+02,-4.455691433e+02,-4.896228957e+02,-5.202792027e+02,-5.391964028e+02,-5.370630898e+02,-5.114238561e+02,-4.810671879e+02,-4.575678782e+02,-4.486487104e+02,-4.555906418e+02,-4.672235941e+02,-4.654179459e+02,-4.590005824e+02,-4.612660572e+02,-4.750859938e+02,-4.999856086e+02,-5.282252728e+02,-5.338051256e+02,-5.210990331e+02,-5.022386414e+02,-4.758296562e+02,-4.397011961e+02,-3.922451907e+02,-3.521488257e+02,-3.463749227e+02,-3.676499600e+02,-3.896665152e+02,-3.965578817e+02,-3.884268892e+02,-3.758531196e+02,-3.588114755e+02,-2.730600579e+02,-1.997973056e+02,-1.478841276e+02,-1.156166138e+02,-1.045187582e+02,-1.205359948e+02,-1.573290462e+02,-1.933600791e+02,-1.924546081e+02,-1.317990074e+02,-5.190970995e+01,1.811497979e+01,1.989010195e+01,1.952730189e+00,1.338711892e+00
-4.220751535e+00,-6.156656252e+00,1.032800866e+01,1.055645354e+01,-5.325475082e+01,-1.359117228e+02,-2.147581613e+02,-2.707899681e+02,-2.628627867e+02,-2.327761367e+02,-2.040236611e+02,-1.761173123e+02,-1.620738563e+02,-1.754756627e+02,-2.088082696e+02,-2.343310471e+02,-2.531168388e+02,-2.803225016e+02,-3.070692797e+02,-3.108074506e+02,-2.844282997e+02,-2.568048383e+02,-2.560715187e+02,-2.859537185e+02,-3.290359578e+02,-3.672615001e+02,-3.941087540e+02,-4.109389547e+02,-4.208802348e+02,-4.256621892e+02,-4.061997261e+02,-3.824650251e+02,-3.709922309e+02,-3.714192661e+02,-3.669578353e+02,-3.559780709e+02,-3.532850956e+02,-3.591622837e+02,-3.711715141e+02,-3.915364623e+02,-4.179361316e+02,-4.267554924e+02,-4.147054363e+02,-3.946505049e+02,-3.669485520e+02,-3.340445097e+02,-3.035157064e+02,-2.889472025e+02,-3.001817259e+02,-3.246890693e+02,-3.412370840e+02,-3.397970898e+02,-3.227757002e+02,-3.001246795e+02,-2.666348072e+02,-2.115586162e+02,-1.664989761e+02,-1.415356088e+02,-1.287823955e+02,-1.263233598e+02,-1.412704899e+02,-1.698207801e+02,-1.933565353e+02,-1.843837536e+02,-1.296998787e+02,-5.398231565e+01,1.272727417e+01,2.292592097e+01,1.101139879e+01,7.548964316e+00
-9.180621752e+00,-1.339143796e+01,-1.276490261e+01,-2.726524226e+01,-8.174477773e+01,-1.546083107e+02,-2.257213895e+02,-2.770412575e+02,-2.823760769e+02,-2.570597427e+02,-2.268829061e+02,-1.937019372e+02,-1.654388716e+02,-1.557455115e+02,-1.662395028e+02,-1.823315267e+02,-1.974808852e+02,-2.221847732e+02,-2.512084592e+02,-2.596495669e+02,-2.309111012e+02,-1.942318168e+02,-1.788472177e+02,-1.923541028e+02,-2.225542255e+02,-2.509562351e+02,-2.671557569e+02,-2.709982965e+02,-2.681954467e+02,-2.657434236e+02,-2.666799111e+02,-2.666743025e+02,-2.618436404e+02,-2.542537789e+02,-2.436285555e+02,-2.397065384e+02,-2.469737568e+02,-2.525255964e+02,-2.514632560e+02,-2.594888211e+02,-2.815145697e+02,-3.103276332e+02,-3.205485925e+02,-2.996633545e+02,-2.702498224e+02,-2.399004567e+02,-2.194102403e+02,-2.201334223e+02,-2.432476913e+02,-2.757858595e+02,-2.953345077e+02,-2.888829439e+02,-2.658034961e+02,-2.384195863e+02,-2.096119271e+02,-1.813146154e+02,-1.663026807e+02,-1.632673516e+02,-1.590125009e+02,-1.571832005e+02,-1.692654879e+02,-1.915498053e+02,-2.063343679e+02,-1.923371826e+02,-1.418454895e+02,-7.069969974e+01,-5.961831796e+00,1.817638718e+01,1.579295859e+01,1.082700600e+01
-1.404026170e+01,-2.048001742e+01,-3.388115215e+01,-6.324060414e+01,-1.165153780e+02,-1.807392923e+02,-2.411723946e+02,-2.820123876e+02,-2.888986531e+02,-2.695924595e+02,-2.425576748e+02,-2.150855715e+02,-1.907310808e+02,-1.765531987e+02,-1.760078266e+02,-1.819310295e+02,-1.883410406e+02,-2.053444404e+02,-2.304256625e+02,-2.350299556e+02,-2.025452599e+02,-1.651118756e+02,-1.451368593e+02,-1.487528195e+02,-1.681661441e+02,-1.873118897e+02,-1.929194616e+02,-1.833639034e+02,-1.664794608e+02,-1.513443287e+02,-1.420758299e+02,-1.364501354e+02,-1.321723295e+02,-1.300349139e+02,-1.311152003e+02,-1.396076736e+02,-1.602860512e+02,-1.688104356e+02,-1.540560590e+02,-1.521611101e+02,-1.684626288e+02,-1.987945504e+02,-2.315155473e+02,-2.415219630e+02,-2.173144866e+02,-1.938962035e+02,-1.839544037e+02,-1.893541870e+02,-2.047068262e+02,-2.269929102e+02,-2.472844642e+02,-2.494015657e+02,-2.320639582e+02,-2.137874928e+02,-2.023768325e+02,-1.964159969e+02,-1.994519507e+02,-2.028384994e+02,-1.944690678e+02,-1.885544490e+02,-1.979062874e+02,-2.166318889e+02,-2.264531680e+02,-2.096441450e+02,-1.616339999e+02,-9.343377490e+01,-2.772543264e+01,7.546010145e+00,1.449201858e+01,9.935134779e+00
-1.457824553e+01,-2.126475481e+01,-4.256036489e+01,-8.158492825e+01,-1.358539201e+02,-1.929035211e+02,-2.419310964e+02,-2.713775270e+02,-2.752531649e+02,-2.600627146e+02,-2.395585608e+02,-2.235206934e+02,-2.131787478e+02,-2.078760759e+02,-2.087404685e+02,-2.120232862e+02,-2.109491493e+02,-2.182776139e+02,-2.339056260e+02,-2.272131151e+02,-1.978541702e+02,-1.702275760e+02,-1.574120631e+02,-1.621929232e+02,-1.785652228e+02,-1.939073293e+02,-1.938422790e+02,-1.754455111e+02,-1.475069107e+02,-1.188663922e+02,-9.432874071e+01,-7.563240831e+01,-6.404742887e+01,-5.996630773e+01,-6.226233759e+01,-7.137891037e+01,-8.875964319e+01,-1.055009103e+02,-1.057334521e+02,-1.062517384e+02,-1.213131388e+02,-1.507558164e+02,-1.826647599e+02,-1.972689002e+02,-1.909395301e+02,-1.858098202e+02,-1.951092526e+02,-2.057121953e+02,-2.015816102e+02,-2.073048372e+02,-2.202614500e+02,-2.268500304e+02,-2.207157188e+02,-2.161232697e+02,-2.215495575e+02,-2.278098113e+02,-2.356688460e+02,-2.315935971e+02,-2.136992927e+02,-2.040798980e+02,-2.123065553e+02,-2.298989163e+02,-2.378138693e+02,-2.205245167e+02,-1.753739668e+02,-1.108915379e+02,-4.597228937e+01,-4.389412703e+00,9.499351733e+00,6.512366741e+00
-7.958473697e+00,-1.160873518e+01,-3.427969195e+01,-7.701156096e+01,-1.299079796e+02,-1.784531021e+02,-2.162306608e+02,-2.374161259e+02,-2.393228876e+02,-2.273679097e+02,-2.138253845e+02,-2.089547862e+02,-2.131416929e+02,-2.202854633e+02,-2.267411710e+02,-2.286247914e+02,-2.195575953e+02,-2.201804835e+02,-2.225572278e+02,-2.123944779e+02,-1.959030928e+02,-1.848946344e+02,-1.863281225e+02,-1.997090799e+02,-2.195322761e+02,-2.372766531e+02,-2.390194540e+02,-2.203839562e+02,-1.905808258e+02,-1.560939473e+02,-1.210981738e+02,-9.023391902e+01,-6.834100171e+01,-5.724210183e+01,-5.494618494e+01,-5.968834585e+01,-7.334609913e+01,-9.584486777e+01,-1.153045804e+02,-1.252682763e+02,-1.389466009e+02,-1.610188896e+02,-1.807551626e+02,-1.842557803e+02,-1.783404443e+02,-1.824054548e+02,-2.036807459e+02,-2.323284067e+02,-2.080890708e+02,-1.985658668e+02,-2.041597018e+02,-2.121194020e+02,-2.132459235e+02,-2.154318181e+02,-2.262771479e+02,-2.320390415e+02,-2.348983306e+02,-2.213827437e+02,-1.998762744e+02,-1.897533701e+02,-1.981999543e+02,-2.153563214e+02,-2.227923832e+02,-2.080322645e+02,-1.694778291e+02,-1.131309923e+02,-5.398188474e+01,-1.189911944e+01,5.205680451e+00,3.568801449e+00
5.098749662e+00,7.437360082e+00,-1.155867404e+01,-5.333391597e+01,-1.037823547e+02,-1.451936888e+02,-1.738436515e+02,-1.886423323e+02,-1.885297555e+02,-1.782249453e+02,-1.689271460e+02,-1.683573143e+02,-1.731673789e+02,-1.769664421e+02,-1.769473210e+02,-1.735869273e+02,-1.715738710e+02,-1.738189227e+02,-1.750040930e+02,-1.711065785e+02,-1.678229467e+02,-1.729970635e+02,-1.897667853e+02,-2.144546611e+02,-2.396114513e+02,-2.599242169e+02,-2.661255258e+02,-2.543324434e+02,-2.324868469e+02,-2.020221788e+02,-1.667463346e+02,-1.329199158e+02,-1.064415327e+02,-8.995147139e+01,-8.208683011e+01,-8.074113188e+01,-8.841213833e+01,-1.094678389e+02,-1.385249978e+02,-1.585335705e+02,-1.705227956e+02,-1.821533456e+02,-1.859324615e+02,-1.757891015e+02,-1.640344210e+02,-1.656451643e+02,-1.837960393e+02,-2.121612711e+02,-2.005678188e+02,-1.808841174e+02,-1.798293111e+02,-1.849516706e+02,-1.842360786e+02,-1.823745924e+02,-1.838818270e+02,-1.836667121e+02,-1.828144740e+02,-1.751974187e+02,-1.566304259e+02,-1.476052411e+02,-1.557898754e+02,-1.708036485e+02,-1.773783875e+02,-1.674622071e+02,-1.391655231e+02,-9.526386022e+01,-4.702532642e+01,-1.050052731e+01,5.375147776e+00,3.684981311e+00
1.781135267e+01,2.598077022e+01,1.389010462e+01,-2.164659641e+01,-6.683835734e+01,-1.036421262e+02,-1.274205208e+02,-1.386241330e+02,-1.366293219e+02,-1.250202731e+02,-1.093883389e+02,-9.255068057e+01,-8.576104835e+01,-8.853283477e+01,-9.533131673e+01,-1.000137541e+02,-1.010179304e+02,-1.006529511e+02,-9.922502215e+01,-9.762452814e+01,-1.009259800e+02,-1.144651795e+02,-1.391716211e+02,-1.704091780e+02,-1.996484541e+02,-2.132215165e+02,-2.186316251e+02,-2.209496405e+02,-2.176324402e+02,-2.033618801e+02,-1.772848326e+02,-1.487579961e+02,-1.232888633e+02,-1.042227076e+02,-9.180192917e+01,-8.413928640e+01,-8.388146044e+01,-9.754575868e+01,-1.249452508e+02,-1.525566237e+02,-1.681695533e+02,-1.746598617e+02,-1.682125674e+02,-1.482280350e+02,-1.264470401e+02,-1.100993920e+02,-1.157434682e+02,-1.381014402e+02,-1.598013665e+02,-1.367086164e+02,-1.265211385e+02,-1.219412989e+02,-1.161735206e+02,-1.143133039e+02,-1.160492779e+02,-1.159390746e+02,-1.144996660e+02,-1.130642372e+02,-1.000572515e+02,-9.292805736e+01,-1.005871463e+02,-1.123259409e+02,-1.180564650e+02,-1.132132016e+02,-9.499867582e+01,-6.344356768e+01,-2.725730609e+01,-3.273165445e-01,9.805831668e+00,6.722476839e+00
1.728959166e+01,2.521969647e+01,2.578446993e+01,4.268716779e+00,-3.118284407e+01,-6.311599528e+01,-8.534967874e+01,-9.665689820e+01,-9.288885850e+01,-6.246716119e+01,-2.314145908e+01,3.607967017e+00,1.000023696e+01,2.937957354e+00,-1.125984217e+01,-2.330173772e+01,-2.512751758e+01,-1.919840090e+01,-1.270630473e+01,-1.036603623e+01,-1.562277065e+01,-3.051444604e+01,-5.375564083e+01,-8.078127171e+01,-1.058559617e+02,-1.245829924e+02,-1.360124595e+02,-1.412138714e+02,-1.398559948e+02,-1.313247898e+02,-1.170129160e+02,-1.009407742e+02,-8.781984275e+01,-7.977661735e+01,-7.109563112e+01,-5.893900956e+01,-4.977100373e+01,-5.258607419e+01,-7.010380954e+01,-9.472077523e+01,-1.162053607e+02,-1.296979474e+02,-1.232449040e+02,-9.569501174e+01,-5.991286180e+01,-2.366546786e+01,-1.979600836e+01,-4.328784059e+01,-5.974011772e+01,-4.904101188e+01,-3.631516036e+01,-2.975983138e+01,-2.846494561e+01,-3.315186109e+01,-3.991741827e+01,-4.200023039e+01,-3.802008239e+01,-3.251855444e+01,-3.365184197e+01,-4.481459780e+01,-5.382944562e+01,-6.251608581e+01,-6.671751977e+01,-6.448332974e+01,-5.308021990e+01,-3.068594128e+01,-5.234327990e+00,7.022639903e+00,4.479656008e+00,3.071068807e+00
1.461019673e+01,2.131136085e+01,2.350261543e+01,1.743518840e+01,-4.111198250e+00,-3.023664339e+01,-5.000195227e+01,-5.787369560e+01,-4.411361067e+01,-1.569972171e+01,1.433867141e+01,3.758627603e+01,5.138708924e+01,5.625984903e+01,4.714003548e+01,3.221276686e+01,3.086916275e+01,4.108367357e+01,4.591481232e+01,4.157844734e+01,3.182751263e+01,1.880696932e+01,4.463903810e+00,-9.554864904e+00,-2.270924364e+01,-3.563364310e+01,-4.832529121e+01,-5.739545628e+01,-5.763717845e+01,-4.899517296e+01,-3.499664420e+01,-2.158037410e+01,-1.632910598e+01,-2.329178091e+01,-3.800325864e+01,-3.629486964e+01,-1.773331553e+01,-6.558985290e+00,-9.789292096e+00,-2.292211704e+01,-3.843649436e+01,-5.473668544e+01,-6.230722295e+01,-2.909342893e+01,1.006279455e+01,4.458721077e+01,4.165350464e+01,8.654064621e+00,-2.249136759e-01,1.256621546e+01,2.755071749e+01,3.826464129e+01,3.926405086e+01,2.930865469e+01,1.851348593e+01,1.495724383e+01,1.546885737e+01,1.261166467e+01,4.386685236e+00,-1.605913765e+01,-3.501841548e+01,-3.772019657e+01,-3.690044271e+01,-3.307412375e+01,-2.383571122e+01,-6.491636430e+00,6.312155877e+00,3.110775248e+00,-1.151720490e+00,-7.895724280e-01
1.293201169e+01,1.886345357e+01,1.972462471e+01,1.745869654e+01,1.083610727e+01,-8.159794314e+00,-2.272788261e+01,-2.729443898e+01,-1.988948877e+01,-6.903536932e+00,4.636408556e+00,1.369222253e+01,2.105436488e+01,2.424333345e+01,2.056484582e+01,1.284288875e+01,1.134776091e+01,1.630401677e+01,1.867668053e+01,1.615781058e+01,1.041930326e+01,3.919691267e+00,-1.107157511e+00,-3.275264949e+00,-2.601917449e+00,-7.174744416e-01,-7.773009601e-01,-4.882015078e+00,-6.587495362e+00,-8.089271031e-01,8.152769024e+00,1.191342031e+01,4.995923970e+00,-9.107832556e+00,-2.515782610e+01,-3.581974773e+01,-1.667033977e+01,2.100077345e+00,1.385809713e+01,1.481781857e+01,9.318055705e+00,2.473534002e+00,2.703173355e-01,1.317317457e+01,3.054085921e+01,4.220285065e+01,2.145440688e+01,-1.295623840e+01,-1.064488284e+01,1.436184962e-01,9.978948892e+00,1.663149629e+01,1.815048089e+01,1.314254368e+01,3.388393003e+00,-4.656617434e+00,-6.448288344e+00,-7.629846432e+00,-1.130980415e+01,-1.912967162e+01,-2.831603617e+01,-2.758539029e+01,-2.275550071e+01,-1.714976109e+01,-8.540817711e+00,5.097013220e+00,5.279074601e+00,-5.580755847e-03,-2.410962273e+00,-1.652857054e+00
8.865657906e+00,1.293201169e+01,1.352239537e+01,1.196896776e+01,7.428791625e+00,-5.594021002e+00,-1.558130606e+01,-1.871195021e+01,-1.363541943e+01,-4.732782360e+00,3.178531938e+00,9.386827348e+00,1.443401081e+01,1.662023714e+01,1.409841658e+01,8.804558868e+00,7.779560413e+00,1.117736658e+01,1.280396774e+01,1.107713360e+01,7.143047853e+00,2.687179900e+00,-7.590218734e-01,-2.245387593e+00,-1.783768106e+00,-4.918711110e-01,-5.328857233e-01,-3.346909717e+00,-4.516117194e+00,-5.545673126e-01,5.589204750e+00,8.167353346e+00,3.425000991e+00,-6.243957218e+00,-1.724717587e+01,-2.455655294e+01,-1.142850263e+01,1.439727072e+00,9.500544182e+00,1.015848992e+01,6.388077604e+00,1.695753670e+00,1.853185012e-01,9.030989308e+00,2.093756304e+01,2.893254705e+01,1.470826323e+01,-8.882266748e+00,-7.297695984e+00,9.845896273e-02,6.841158922e+00,1.140187313e+01,1.244322680e+01,9.009990023e+00,2.322943556e+00,-3.192386318e+00,-4.420682560e+00,-5.230710425e+00,-7.753538815e+00,-1.311451989e+01,-1.941231542e+01,-1.891141451e+01,-1.560023990e+01,-1.175717427e+01,-5.855235048e+00,3.494303643e+00,3.619117474e+00,-3.825937789e-03,-1.652857054e+00,-1.133131145e+00
