5.123511712e+00,7.473479582e+00,4.375396770e+00,5.928378889e+00,1.794114338e+01,2.698781139e+01,2.943984797e+01,2.543183608e+01,1.810365643e+01,1.164161616e+01,8.985724938e+00,8.848871774e+00,8.753592894e+00,8.654413067e+00,9.367484124e+00,1.081552271e+01,1.174170224e+01,1.064667524e+01,7.719198811e+00,8.373797370e+00,1.394366540e+01,1.826205793e+01,1.891322513e+01,1.664055763e+01,1.401359300e+01,1.279079967e+01,1.228028765e+01,1.247266186e+01,1.565480936e+01,2.182124304e+01,2.819053063e+01,3.273483929e+01,3.522338977e+01,3.634405972e+01,3.615190252e+01,3.403879229e+01,3.015391909e+01,2.601516505e+01,2.355939642e+01,2.370593114e+01,2.589419463e+01,2.861823494e+01,3.019347552e+01,2.957667582e+01,2.678681605e+01,2.262719755e+01,1.806579658e+01,1.382084476e+01,1.018603831e+01,6.961794571e+00,4.048101010e+00,3.986299198e+00,8.156151976e+00,1.367006797e+01,1.928351949e+01,2.378914674e+01,2.580415801e+01,2.410193764e+01,1.829101419e+01,9.824485161e+00,5.758022360e+00,1.089948407e+01,1.357812747e+01,1.193185768e+01,7.529407182e+00,2.830655373e+00,1.260669091e+00,2.441319002e+00,2.246997949e+00,1.540449825e+00
7.473479582e+00,1.090129196e+01,6.382231614e+00,8.647509963e+00,2.617009119e+01,3.936613571e+01,4.294283199e+01,3.709649130e+01,2.640714305e+01,1.698120070e+01,1.310714909e+01,1.290752637e+01,1.276854654e+01,1.262387655e+01,1.366400728e+01,1.577620832e+01,1.712719261e+01,1.552991669e+01,1.125971364e+01,1.221455267e+01,2.033911593e+01,2.663819753e+01,2.758803137e+01,2.427297422e+01,2.044111677e+01,1.865747275e+01,1.791280750e+01,1.819341673e+01,2.283509918e+01,3.182985099e+01,4.112049838e+01,4.774911560e+01,5.137907338e+01,5.301375375e+01,5.273346105e+01,4.965114426e+01,4.398442149e+01,3.794737198e+01,3.436523189e+01,3.457897674e+01,3.777091685e+01,4.174437505e+01,4.404212101e+01,4.314241779e+01,3.907295114e+01,3.300546742e+01,2.635191826e+01,2.015996194e+01,1.485800241e+01,1.015491571e+01,5.904817231e+00,5.814669183e+00,1.189708128e+01,1.994002934e+01,2.812816624e+01,3.470036030e+01,3.763958371e+01,3.515661697e+01,2.668043497e+01,1.433061802e+01,8.399017111e+00,1.589867970e+01,1.980591908e+01,1.740456541e+01,1.098287151e+01,4.128973704e+00,1.838892003e+00,3.561062947e+00,3.277613918e+00,2.246997949e+00
9.954317657e+00,1.451999994e+01,8.002824924e+00,1.132920253e+01,3.514037794e+01,5.309079153e+01,5.831071089e+01,5.088111798e+01,3.653178243e+01,2.318868445e+01,1.739278083e+01,1.744309631e+01,1.752971227e+01,1.722396733e+01,1.850928104e+01,2.171680076e+01,2.452630118e+01,2.374405668e+01,1.870277750e+01,1.596623728e+01,2.162491056e+01,2.647711696e+01,2.480832250e+01,1.816405785e+01,1.219038883e+01,1.029489148e+01,9.572029023e+00,1.260635604e+01,2.193941472e+01,3.280822455e+01,4.083683264e+01,4.409768195e+01,4.430093807e+01,4.489254100e+01,4.594955193e+01,4.438391118e+01,3.914523002e+01,3.285631370e+01,2.952537517e+01,3.122395686e+01,3.666725766e+01,4.270747909e+01,4.632411964e+01,4.610170394e+01,4.257756654e+01,3.720836447e+01,3.111507561e+01,2.495026462e+01,1.940227475e+01,1.508484974e+01,1.172040241e+01,7.895188642e+00,6.550323354e+00,1.610011830e+01,2.949888241e+01,4.169597273e+01,4.881374493e+01,4.783744308e+01,3.763759505e+01,2.058276248e+01,9.091922574e+00,2.031423449e+01,2.723934245e+01,2.515669910e+01,1.692976558e+01,7.355962893e+00,2.355474111e+00,4.879209491e+00,4.888446171e+00,3.351318611e+00
1.185285027e+01,1.728932018e+01,1.197136424e+01,1.367948571e+01,3.781742211e+01,5.774858418e+01,6.473023150e+01,5.791258663e+01,4.247590926e+01,2.671556415e+01,1.920495524e+01,1.937534495e+01,1.933822614e+01,1.847019737e+01,1.976214011e+01,2.405065501e+01,2.873615187e+01,2.981334787e+01,2.540836849e+01,1.907202731e+01,1.699155386e+01,1.550348782e+01,8.435152669e+00,4.613611602e+00,1.392563965e+01,1.710537058e+01,1.349417621e+01,1.103095299e+01,1.704280589e+01,2.258614374e+01,2.229472165e+01,1.583704397e+01,1.302850373e+01,2.439581655e+01,3.543259261e+01,3.930372378e+01,3.593759155e+01,2.897690707e+01,2.307556174e+01,2.215656020e+01,2.642469447e+01,3.160296063e+01,3.402145449e+01,3.305141739e+01,3.059560108e+01,2.853616150e+01,2.654311478e+01,2.350624552e+01,2.042170568e+01,2.091296419e+01,2.509523514e+01,2.767385906e+01,2.587591231e+01,2.509246610e+01,3.416219993e+01,4.811360597e+01,5.804236440e+01,5.856403235e+01,4.767287594e+01,2.768386307e+01,1.047794125e+01,2.229031782e+01,3.189420746e+01,3.080323832e+01,2.221383736e+01,1.287834375e+01,1.015262116e+01,1.118134829e+01,9.568379517e+00,6.559689364e+00
1.257910773e+01,1.834868545e+01,1.579341812e+01,1.516298921e+01,3.426740333e+01,5.372253745e+01,6.283413738e+01,5.871671324e+01,4.450953988e+01,2.785887115e+01,1.859432121e+01,1.796900021e+01,1.724767221e+01,1.612414642e+01,1.814491932e+01,2.361304981e+01,2.979832017e+01,3.236435961e+01,2.858088508e+01,2.025921483e+01,1.202068558e+01,6.809615835e+00,1.468385822e+01,2.976455885e+01,4.167409567e+01,4.483151281e+01,3.950219694e+01,3.091097530e+01,2.357560266e+01,1.667761838e+01,1.152991659e+01,2.030905798e+01,3.658981739e+01,5.139608288e+01,5.962282685e+01,5.903172278e+01,5.115338554e+01,4.001730780e+01,2.955882697e+01,2.289596048e+01,2.208770187e+01,2.405661722e+01,2.377126889e+01,1.968099124e+01,1.416276137e+01,1.268752602e+01,1.552960927e+01,1.685583702e+01,1.682441412e+01,2.373749663e+01,3.722096154e+01,4.841488643e+01,5.210783995e+01,4.999589715e+01,4.970916536e+01,5.540109079e+01,6.148176909e+01,6.072887240e+01,4.967027696e+01,2.991760682e+01,1.327705604e+01,2.365287365e+01,3.341978904e+01,3.271874165e+01,2.519432709e+01,1.906478956e+01,1.890781028e+01,1.894082257e+01,1.506264791e+01,1.032633490e+01
1.102371899e+01,1.607989665e+01,1.507039981e+01,1.354143488e+01,2.869852331e+01,4.762077796e+01,5.878163873e+01,5.718194065e+01,4.420411238e+01,2.705159035e+01,1.583837167e+01,1.379444031e+01,1.345884270e+01,1.519851632e+01,1.990866133e+01,2.630632391e+01,3.287657491e+01,3.571584938e+01,3.185667584e+01,2.315988333e+01,1.650086884e+01,2.004914172e+01,3.335527030e+01,5.032788348e+01,6.325061077e+01,6.614641527e+01,5.842616131e+01,4.420798194e+01,2.821071280e+01,1.641270513e+01,2.497078680e+01,4.405110443e+01,6.111577018e+01,7.123488520e+01,7.214560264e+01,6.443226532e+01,5.168156747e+01,3.870164887e+01,2.826463632e+01,2.072455851e+01,1.831023964e+01,2.218625847e+01,2.664192621e+01,2.681162101e+01,2.116156566e+01,1.144421138e+01,5.202599598e+00,7.779538890e+00,8.448837786e+00,2.087313732e+01,4.179922704e+01,6.049973118e+01,7.018708437e+01,7.006462766e+01,6.491290408e+01,6.021714069e+01,5.674564513e+01,5.107644703e+01,3.995756605e+01,2.379200915e+01,1.362493361e+01,2.324644325e+01,3.064042340e+01,2.950153098e+01,2.437802461e+01,2.291417138e+01,2.478401933e+01,2.390270711e+01,1.829984759e+01,1.254562650e+01
8.143411447e+00,1.187849713e+01,1.155605670e+01,1.358045815e+01,2.883831795e+01,4.663695946e+01,5.694587079e+01,5.460817938e+01,4.103755950e+01,2.342498240e+01,1.102096863e+01,9.405574181e+00,1.372928358e+01,2.045266796e+01,2.716701120e+01,3.395093626e+01,4.060364446e+01,4.354903900e+01,4.000928117e+01,3.270996002e+01,2.952483038e+01,3.519751060e+01,4.765344280e+01,6.314279838e+01,7.505770989e+01,7.676719322e+01,6.625316768e+01,4.670223212e+01,2.342548669e+01,9.132656831e+00,2.822397090e+01,4.722069816e+01,5.924577505e+01,6.224142818e+01,5.700526727e+01,4.756508884e+01,4.049749451e+01,3.915921659e+01,3.860774235e+01,3.381925663e+01,2.665060680e+01,2.582576227e+01,3.278465366e+01,3.773933240e+01,3.489014458e+01,2.432126120e+01,1.081376777e+01,1.794914598e+00,5.882441362e+00,2.033746708e+01,4.230361591e+01,6.335861784e+01,7.622324987e+01,7.865114687e+01,7.326505810e+01,6.390408506e+01,5.267686003e+01,4.038174935e+01,2.748408448e+01,1.474473418e+01,9.771771384e+00,1.707475245e+01,2.125934550e+01,2.008772476e+01,1.918797009e+01,2.253426692e+01,2.543538792e+01,2.390147914e+01,1.782718944e+01,1.222159141e+01
9.763184361e+00,1.424120078e+01,1.650070562e+01,2.149080953e+01,3.478969986e+01,4.867456655e+01,5.434794465e+01,4.823029656e+01,3.312615287e+01,1.614829874e+01,5.572832526e+00,1.019249797e+01,1.860988838e+01,2.657685593e+01,3.290633085e+01,3.934889676e+01,4.625666535e+01,4.978987075e+01,4.702609829e+01,4.097027311e+01,3.960592635e+01,4.609922462e+01,5.693518916e+01,6.914399493e+01,7.794614853e+01,7.703181008e+01,6.368595484e+01,4.112612040e+01,1.630833844e+01,9.746037706e+00,2.552655123e+01,3.584700141e+01,3.939282725e+01,3.762020547e+01,3.555894920e+01,3.953838884e+01,4.891286092e+01,5.723521881e+01,5.927481981e+01,5.337282173e+01,4.260015236e+01,3.565224681e+01,3.908743085e+01,4.493073991e+01,4.405604539e+01,3.429361210e+01,1.926690015e+01,9.128528058e+00,1.722564211e+01,3.142772423e+01,4.926674242e+01,6.643972735e+01,7.715633079e+01,7.917992190e+01,7.442054498e+01,6.560620268e+01,5.376025396e+01,3.973292060e+01,2.605458015e+01,1.556860866e+01,9.751555164e+00,8.173716609e+00,6.630367571e+00,5.913471157e+00,1.205697228e+01,1.839358970e+01,2.095642689e+01,1.928342953e+01,1.423180170e+01,9.756740741e+00
1.510835329e+01,2.203800364e+01,2.591320329e+01,2.927990098e+01,3.836704149e+01,4.705478754e+01,4.711625425e+01,3.705073531e+01,2.151026045e+01,7.878572734e+00,7.555745383e+00,1.518218717e+01,2.320425579e+01,2.920411341e+01,3.269348294e+01,3.694765223e+01,4.316057476e+01,4.696293345e+01,4.450244148e+01,3.837674045e+01,3.794325369e+01,4.620770512e+01,5.648820041e+01,6.519174971e+01,6.973547806e+01,6.569304477e+01,5.122151348e+01,3.150172858e+01,2.011694561e+01,2.344439503e+01,2.541094592e+01,2.220879814e+01,2.013292611e+01,2.640722072e+01,3.807920832e+01,4.995725949e+01,5.904122637e+01,6.330642371e+01,6.136338681e+01,5.322182732e+01,4.205331798e+01,3.598686867e+01,4.077991255e+01,4.840856585e+01,4.979781103e+01,4.185160545e+01,2.680283813e+01,1.407850466e+01,2.299489760e+01,4.074125839e+01,5.898434708e+01,7.423157733e+01,8.223835104e+01,8.111152923e+01,7.303896567e+01,6.187537434e+01,4.948720743e+01,3.680906717e+01,2.774486589e+01,2.533188354e+01,2.449227692e+01,2.073135895e+01,1.444699635e+01,9.404554535e+00,1.092238265e+01,1.367682048e+01,1.359976968e+01,1.195914760e+01,9.205312806e+00,6.310785687e+00
1.853342336e+01,2.703402838e+01,3.064386691e+01,3.098196098e+01,3.619340070e+01,4.114792850e+01,3.777568814e+01,2.649372798e+01,1.426267327e+01,1.029597773e+01,1.379258639e+01,1.949853699e+01,2.549603386e+01,2.854552463e+01,2.805589812e+01,2.791527676e+01,3.135223953e+01,3.429536099e+01,3.109403780e+01,2.293876535e+01,2.390428232e+01,3.621637533e+01,4.619285895e+01,5.045166671e+01,4.992505096e+01,4.386290403e+01,3.299169987e+01,2.649838975e+01,3.084332044e+01,3.346438405e+01,2.693271343e+01,1.441859094e+01,1.512951717e+01,3.007147310e+01,4.322753131e+01,5.198324987e+01,5.596824899e+01,5.486449271e+01,4.826346998e+01,3.655019271e+01,2.302375416e+01,2.060138806e+01,3.398241600e+01,4.732398031e+01,5.299889504e+01,4.826320016e+01,3.433955484e+01,1.764141446e+01,1.971829324e+01,3.901744582e+01,5.982080454e+01,7.785576067e+01,8.822110386e+01,8.710304157e+01,7.504272689e+01,5.672030982e+01,3.775825196e+01,2.530195965e+01,2.853281926e+01,3.716782975e+01,3.950269169e+01,3.421772552e+01,2.509007486e+01,1.716120812e+01,1.375350751e+01,1.171682161e+01,7.315474355e+00,4.069558950e+00,4.610914781e+00,3.161054450e+00
1.817847133e+01,2.651627282e+01,2.845186998e+01,2.671968027e+01,3.134171150e+01,3.588888848e+01,3.252809305e+01,2.385394738e+01,1.761594971e+01,1.645621850e+01,1.743448589e+01,2.061755032e+01,2.447553366e+01,2.592067104e+01,2.383594870e+01,1.981007810e+01,1.762958401e+01,1.743306890e+01,1.282029872e+01,9.047362470e-02,1.805031407e+01,3.379790067e+01,4.079565270e+01,3.839516233e+01,3.143042249e+01,2.540765087e+01,2.494154703e+01,3.142586682e+01,3.748242093e+01,3.605085717e+01,2.613795664e+01,1.331794287e+01,1.459039734e+01,2.657805367e+01,3.799244699e+01,4.847938888e+01,5.702881042e+01,6.045136379e+01,5.590935908e+01,4.306013756e+01,2.393358657e+01,3.151711298e+00,2.209629552e+01,4.169707456e+01,5.365389735e+01,5.431351108e+01,4.303403659e+01,2.333869160e+01,1.031465875e+01,2.959453361e+01,5.169431128e+01,7.173430521e+01,8.548466027e+01,8.739153556e+01,7.538844978e+01,5.294409919e+01,2.700328166e+01,1.558025114e+01,3.235605334e+01,4.469369953e+01,4.510314533e+01,3.565543458e+01,2.288318969e+01,1.345342890e+01,1.075064128e+01,9.789958766e+00,5.814955716e+00,2.208930415e+00,4.056011578e+00,2.780635525e+00
1.469890276e+01,2.144075310e+01,2.151748231e+01,2.099879787e+01,2.860439316e+01,3.381120882e+01,3.109276211e+01,2.475363766e+01,2.039348741e+01,1.784173163e+01,1.608202524e+01,1.637926446e+01,1.820903568e+01,1.993603873e+01,2.018903975e+01,1.742206561e+01,1.103532423e+01,3.451420897e+00,9.760736313e+00,2.246522898e+01,3.701934027e+01,4.819585710e+01,5.064244562e+01,4.416228294e+01,3.443972519e+01,2.825470931e+01,2.797033095e+01,3.107791641e+01,3.248180576e+01,2.881089858e+01,2.173160271e+01,1.598631290e+01,1.316074079e+01,1.460913165e+01,2.665925744e+01,4.576270449e+01,6.438967350e+01,7.552016319e+01,7.493414309e+01,6.299486604e+01,4.361039587e+01,2.156315691e+01,1.285720195e+01,3.323320543e+01,5.207880972e+01,6.045822853e+01,5.414881114e+01,3.399409253e+01,6.268015591e+00,2.161045527e+01,4.352840684e+01,6.004551114e+01,7.152192518e+01,7.411193911e+01,6.413890912e+01,4.341224314e+01,1.955710690e+01,1.829495785e+01,3.556236757e+01,4.383471914e+01,3.872424572e+01,2.400464249e+01,8.205572604e+00,1.831910030e+00,4.941397388e+00,4.641255960e+00,3.249859258e+00,4.024092012e+00,5.126119747e+00,3.514257887e+00
9.981096971e+00,1.455906195e+01,1.428754018e+01,1.873904594e+01,2.816532208e+01,3.197022064e+01,2.869889904e+01,2.330467209e+01,1.869005922e+01,1.362960366e+01,8.481178999e+00,5.810538317e+00,6.895516872e+00,9.744520982e+00,1.281657679e+01,1.348672049e+01,8.312740791e+00,5.233246488e+00,2.201766976e+01,3.977952172e+01,5.413163213e+01,6.162818426e+01,6.038716399e+01,5.215504658e+01,4.144837081e+01,3.090643988e+01,2.109380836e+01,1.562853717e+01,1.487621442e+01,1.364895020e+01,1.495179371e+01,1.822573537e+01,1.594705442e+01,5.000106257e+00,1.547109946e+01,3.990941408e+01,6.332631884e+01,7.838209820e+01,8.001327406e+01,6.863097514e+01,4.964094021e+01,2.887003836e+01,1.146769413e+01,2.409472969e+01,4.776641311e+01,6.474353722e+01,6.657589348e+01,5.035825397e+01,2.139362474e+01,1.123775587e+01,3.313356608e+01,4.453867849e+01,4.944923294e+01,4.979058678e+01,4.284439104e+01,3.028869934e+01,2.334814473e+01,2.999451083e+01,3.799375971e+01,3.757170175e+01,2.559148163e+01,6.024834479e+00,1.208025216e+01,2.103074167e+01,1.979358083e+01,1.319479592e+01,6.840904743e+00,4.415850318e+00,4.329370271e+00,2.968039057e+00
6.157135164e+00,8.981188394e+00,1.147166103e+01,1.990530851e+01,2.770701632e+01,2.911000771e+01,2.564587627e+01,2.081764092e+01,1.402311855e+01,4.538083193e+00,5.547586835e+00,1.306830910e+01,1.642884993e+01,1.410520652e+01,7.535192557e+00,4.236295964e+00,1.500308108e+00,1.087090149e+01,3.056040014e+01,5.030200026e+01,6.347972628e+01,6.727928395e+01,6.283503086e+01,5.387892768e+01,4.337126381e+01,3.069110599e+01,1.640981784e+01,1.102939525e+01,1.332091666e+01,8.561455857e+00,1.046266246e+01,2.153116626e+01,2.649657337e+01,2.471691623e+01,2.519597431e+01,3.859122739e+01,5.909374317e+01,7.566503834e+01,8.006256575e+01,7.025807511e+01,5.141735192e+01,3.181506879e+01,1.586759958e+01,1.457094465e+01,3.709063013e+01,6.127022443e+01,7.432519964e+01,6.850470327e+01,4.559015980e+01,1.756398467e+01,1.087121738e+01,1.818985960e+01,2.164056917e+01,2.724013930e+01,3.162545390e+01,3.534916363e+01,4.058996081e+01,4.333189485e+01,3.985595184e+01,2.908849597e+01,1.096765057e+01,1.144645808e+01,3.051097494e+01,3.979769498e+01,3.857915203e+01,3.171786841e+01,2.451678504e+01,1.864050150e+01,1.297258831e+01,8.893475576e+00
5.167598843e+00,7.537787870e+00,1.351536945e+01,2.200768989e+01,2.712367124e+01,2.700984516e+01,2.423821508e+01,1.858586029e+01,7.247383749e+00,8.101002117e+00,2.218867912e+01,3.141464624e+01,3.420482940e+01,2.902122134e+01,1.726510855e+01,8.596338135e+00,1.014234057e+01,1.592051321e+01,3.324099570e+01,5.259499406e+01,6.433121503e+01,6.585976627e+01,6.077250120e+01,5.454861430e+01,4.901716846e+01,4.264550097e+01,3.762074170e+01,3.642262451e+01,3.238112717e+01,2.346609954e+01,2.701118722e+01,4.066168953e+01,4.722467618e+01,4.536028663e+01,4.233225396e+01,4.676757473e+01,6.182130710e+01,8.001016346e+01,8.988370752e+01,8.476519044e+01,6.648204506e+01,4.386813756e+01,2.621415611e+01,1.269720196e+01,1.602828957e+01,4.411731878e+01,6.961332547e+01,7.949204457e+01,7.031928954e+01,4.999179672e+01,3.069466484e+01,2.036851521e+01,2.612353679e+01,3.942881362e+01,4.910864672e+01,5.446409377e+01,5.648487269e+01,5.158662737e+01,3.742741901e+01,1.678915193e+01,6.471830377e+00,2.836704095e+01,4.563147633e+01,5.451011846e+01,5.502269517e+01,5.102814103e+01,4.583935453e+01,3.887624757e+01,2.842902232e+01,1.948977410e+01
6.586760099e+00,9.607866611e+00,1.701631769e+01,2.423459504e+01,2.688383423e+01,2.570593923e+01,2.303179817e+01,1.518348187e+01,1.495741352e+00,2.103161140e+01,3.693079493e+01,4.478278813e+01,4.492393874e+01,3.788404799e+01,2.742059373e+01,2.515228220e+01,2.815269138e+01,2.681662472e+01,3.211508240e+01,4.655109803e+01,5.651884421e+01,5.773267070e+01,5.504728640e+01,5.442375382e+01,5.569718321e+01,5.546517955e+01,5.299370255e+01,4.786401362e+01,3.957771157e+01,4.020905919e+01,5.810327272e+01,7.356036207e+01,7.379740309e+01,6.184228389e+01,5.038235949e+01,4.966871007e+01,6.226823066e+01,8.333021203e+01,1.004517861e+02,1.025779277e+02,8.704194438e+01,6.124719359e+01,4.027349485e+01,3.072098183e+01,1.570192466e+01,1.535020806e+01,5.021619407e+01,7.582941855e+01,8.347660423e+01,7.650644836e+01,6.525865476e+01,5.904323705e+01,6.229411387e+01,7.001092315e+01,7.372700276e+01,7.208683742e+01,6.685127337e+01,5.485918007e+01,3.315748509e+01,9.146962854e+00,2.508964563e+01,4.515858322e+01,5.779377671e+01,6.341286648e+01,6.439802140e+01,6.408129256e+01,6.293697696e+01,5.694539496e+01,4.309348961e+01,2.954313266e+01
8.719442300e+00,1.271873232e+01,2.073863499e+01,2.656982700e+01,2.666574472e+01,2.347491492e+01,1.990088735e+01,1.061303154e+01,9.247130472e+00,3.038261309e+01,4.485322616e+01,4.849733879e+01,4.511499825e+01,4.015427291e+01,4.014173603e+01,4.847738409e+01,5.443786819e+01,4.967581250e+01,4.077344169e+01,4.067583879e+01,4.477266412e+01,4.513086516e+01,4.510499877e+01,4.886512141e+01,5.374185122e+01,5.505890771e+01,5.016152089e+01,3.942924357e+01,3.608180262e+01,5.932069085e+01,8.876088172e+01,1.026316462e+02,9.289057497e+01,6.709474521e+01,4.433250127e+01,3.994827182e+01,5.193568682e+01,7.548487982e+01,9.905509221e+01,1.087813995e+02,9.811299158e+01,7.228569062e+01,5.127131759e+01,5.132952006e+01,4.884198161e+01,2.978240125e+01,2.907474502e+01,5.864979430e+01,7.844309866e+01,8.363265798e+01,8.155094637e+01,8.091149885e+01,8.538245368e+01,9.019914653e+01,8.826316098e+01,7.956121357e+01,6.823907644e+01,5.242733135e+01,2.831500198e+01,1.388793976e+01,3.773101280e+01,5.630481252e+01,6.406569645e+01,6.438776236e+01,6.321436890e+01,6.515947373e+01,6.825108991e+01,6.485897543e+01,5.042624653e+01,3.457017068e+01
1.144494291e+01,1.669432061e+01,2.484895210e+01,2.900120025e+01,2.632565348e+01,2.012585098e+01,1.530166458e+01,6.947353134e+00,1.391102377e+01,3.351646715e+01,4.444309277e+01,4.300362694e+01,3.817468549e+01,4.279030881e+01,5.737225003e+01,7.401535475e+01,8.234585323e+01,7.613565258e+01,6.021193239e+01,4.661911317e+01,4.005675067e+01,3.667388766e+01,3.718148951e+01,4.091691576e+01,4.303858252e+01,3.999709623e+01,2.934763660e+01,1.580580925e+01,3.757832963e+01,7.519198455e+01,1.045900828e+02,1.112084294e+02,9.092667758e+01,5.433102058e+01,2.477504884e+01,2.550820147e+01,3.775860122e+01,6.019559151e+01,8.612974832e+01,1.005647823e+02,9.441733970e+01,7.062170221e+01,5.317684831e+01,6.553175359e+01,7.574063062e+01,6.326926302e+01,3.881228595e+01,3.993011440e+01,5.893012458e+01,6.954693567e+01,7.322302084e+01,7.729275950e+01,8.412632192e+01,8.797661517e+01,8.208493339e+01,6.795518325e+01,5.310798945e+01,3.750940809e+01,1.426637867e+01,1.644108840e+01,4.442019745e+01,6.164245137e+01,6.574757455e+01,6.090766108e+01,5.521809716e+01,5.599040079e+01,6.100954815e+01,6.030734007e+01,4.804196633e+01,3.293560576e+01
1.525952493e+01,2.225851220e+01,2.989612947e+01,3.135776453e+01,2.564966314e+01,1.651158395e+01,1.072236636e+01,5.090715029e+00,1.440461993e+01,3.102027906e+01,3.831117365e+01,3.325381258e+01,3.122503141e+01,4.752115346e+01,7.046295884e+01,9.042185677e+01,9.910880380e+01,9.144556497e+01,7.211612056e+01,5.278875355e+01,4.060186176e+01,3.572442436e+01,3.772988813e+01,3.954230137e+01,3.368754528e+01,1.940228814e+01,3.639517819e+00,2.704976039e+01,5.611438635e+01,8.364902814e+01,9.915781382e+01,9.303589056e+01,6.451010062e+01,2.465322433e+01,1.174893337e+01,2.937066977e+01,3.628926959e+01,5.076566834e+01,7.229628834e+01,8.565019866e+01,8.033204563e+01,5.689845480e+01,4.425910851e+01,7.045294786e+01,9.136660664e+01,8.609019950e+01,6.015848444e+01,3.647203178e+01,3.716473541e+01,4.476721495e+01,4.945742627e+01,5.560846535e+01,6.345602089e+01,6.594739382e+01,5.637451875e+01,3.698909786e+01,2.061677213e+01,1.621208223e+01,1.878249316e+01,3.654451151e+01,5.826407809e+01,7.156296967e+01,7.256013880e+01,6.435043809e+01,5.447845922e+01,5.118273526e+01,5.400465981e+01,5.319062010e+01,4.257016682e+01,2.918436398e+01
2.004988117e+01,2.924603006e+01,3.591393992e+01,3.335968256e+01,2.394239753e+01,1.264325661e+01,6.771945471e+00,4.056509337e+00,1.274304420e+01,2.632789372e+01,3.112840590e+01,2.482017771e+01,2.686007744e+01,4.747237497e+01,7.057458294e+01,8.881647827e+01,9.519999269e+01,8.510514946e+01,6.341576741e+01,4.257033533e+01,3.101883304e+01,3.039031243e+01,3.862112048e+01,4.310420429e+01,3.479995598e+01,1.976217202e+01,3.285190067e+01,6.014722076e+01,8.078923501e+01,8.847419802e+01,8.053145261e+01,5.732811313e+01,2.443050931e+01,1.234194900e+01,3.309726190e+01,4.012710074e+01,4.123230413e+01,5.089832840e+01,6.634069364e+01,7.487563300e+01,6.647785454e+01,3.834184159e+01,2.676912396e+01,6.753896659e+01,9.576592838e+01,9.618414711e+01,7.361051457e+01,4.525410759e+01,2.983950290e+01,2.973539473e+01,3.431392969e+01,4.049773516e+01,4.567592263e+01,4.451835928e+01,3.264214525e+01,1.508305517e+01,2.102691362e+01,3.612792594e+01,4.756557656e+01,6.124684007e+01,7.589757283e+01,8.424757264e+01,8.269205646e+01,7.337808964e+01,6.340466322e+01,6.078969373e+01,6.339490033e+01,6.065263619e+01,4.741687730e+01,3.250707031e+01
2.445447032e+01,3.567084353e+01,4.111105733e+01,3.396209490e+01,2.032912080e+01,7.725404566e+00,2.803105246e+00,3.158604712e+00,1.223160906e+01,2.324717249e+01,2.623807080e+01,1.977849227e+01,2.247688436e+01,3.995094633e+01,5.755684230e+01,7.049987987e+01,7.283018786e+01,5.970155587e+01,3.557097255e+01,1.376932035e+01,6.143507018e+00,1.507395684e+01,3.244944225e+01,4.337388794e+01,3.972529050e+01,3.337946442e+01,5.347124263e+01,8.308389995e+01,9.983235392e+01,9.432029018e+01,6.710479233e+01,2.727493114e+01,1.192933749e+01,3.698395928e+01,4.317254550e+01,3.621317090e+01,3.440355578e+01,4.748826814e+01,6.329819795e+01,7.162862532e+01,6.363767541e+01,3.436742265e+01,1.417357556e+01,5.968123629e+01,8.949853376e+01,9.322633850e+01,7.546372654e+01,5.087478960e+01,3.470708509e+01,3.338226217e+01,4.017686312e+01,4.653822746e+01,4.853108254e+01,4.573740211e+01,4.125859076e+01,4.274589963e+01,5.092322471e+01,5.789400919e+01,6.277397515e+01,6.997375819e+01,7.831273727e+01,8.273183831e+01,8.048104420e+01,7.239769859e+01,6.561179393e+01,6.975861895e+01,7.884075119e+01,7.779623372e+01,6.113534090e+01,4.191188745e+01
2.648040106e+01,3.862599477e+01,4.226621179e+01,3.088289050e+01,1.351098927e+01,1.850834997e+00,3.245671856e+00,3.951550206e+00,1.392631840e+01,2.272776736e+01,2.344565287e+01,1.643504595e+01,1.811887788e+01,2.992395153e+01,3.997319284e+01,4.755711987e+01,4.867584639e+01,3.885843194e+01,2.657678784e+01,2.777444386e+01,2.715760949e+01,1.500729241e+01,2.134658105e+01,3.775184921e+01,4.047207495e+01,3.834756791e+01,5.847572565e+01,8.883829765e+01,1.055735969e+02,9.708844091e+01,6.472186545e+01,2.377614606e+01,2.669899136e+01,4.336254331e+01,3.848377902e+01,1.906165164e+01,1.411865564e+01,3.510483460e+01,5.644552663e+01,7.193688662e+01,7.197012441e+01,5.295819476e+01,3.352173332e+01,5.096942609e+01,7.219928285e+01,7.521699870e+01,6.238396235e+01,4.471148003e+01,3.259057501e+01,3.254178993e+01,4.129972783e+01,4.918060250e+01,5.208246679e+01,5.228697475e+01,5.458734981e+01,6.002340627e+01,6.351826260e+01,6.130680324e+01,5.713288302e+01,5.653732826e+01,5.808094217e+01,5.935529267e+01,5.937963056e+01,5.546123537e+01,5.345739414e+01,6.693810442e+01,8.563057410e+01,8.954614815e+01,7.206645803e+01,4.940581395e+01
2.480477840e+01,3.618182515e+01,3.718651161e+01,2.257175632e+01,2.735454663e+00,1.024565745e+01,1.194726305e+01,1.023837905e+01,1.700623450e+01,2.272103236e+01,2.014541296e+01,1.229724410e+01,1.636565633e+01,2.440118731e+01,2.795293045e+01,3.389298301e+01,4.213651221e+01,4.776502840e+01,5.392043360e+01,5.952099333e+01,5.396316463e+01,3.255192693e+01,1.015108704e+01,2.780091273e+01,3.668854037e+01,3.467624882e+01,4.866451863e+01,7.719215723e+01,9.567074048e+01,9.042435497e+01,6.112687249e+01,2.084120151e+01,2.168415885e+01,3.910156607e+01,3.756823033e+01,2.568446032e+01,1.497419652e+01,2.202950692e+01,4.665497883e+01,6.982212857e+01,7.810535687e+01,6.829216230e+01,5.122438390e+01,4.468278151e+01,4.676719071e+01,4.439610701e+01,3.761832211e+01,3.056233617e+01,2.301166047e+01,1.962026951e+01,2.732813242e+01,3.685875543e+01,4.366373377e+01,5.045859730e+01,5.888671522e+01,6.493297379e+01,6.271571221e+01,5.151848130e+01,3.916034882e+01,3.264020675e+01,2.654664447e+01,2.344429509e+01,3.045415901e+01,3.296401591e+01,3.358907401e+01,5.508550694e+01,8.213929297e+01,9.146081957e+01,7.560972968e+01,5.183493597e+01
1.971465795e+01,2.875705218e+01,2.688914684e+01,1.183859616e+01,1.113272067e+01,2.174337611e+01,2.181478778e+01,1.831683132e+01,2.028490562e+01,2.119759449e+01,1.437806079e+01,7.824052509e+00,1.913542032e+01,2.584892208e+01,2.476528010e+01,2.915797888e+01,4.287799102e+01,5.613751183e+01,6.651096475e+01,7.131976876e+01,6.346183148e+01,3.995696415e+01,8.709473116e+00,2.208944252e+01,3.496385697e+01,3.170683433e+01,3.293007458e+01,5.512839430e+01,7.474441088e+01,7.517505719e+01,5.327754566e+01,1.874298774e+01,2.108636539e+01,4.250362791e+01,4.959487632e+01,4.617220625e+01,3.531864073e+01,2.335979313e+01,3.573570820e+01,5.829890304e+01,7.024778726e+01,6.759000390e+01,5.487248711e+01,3.776174755e+01,2.100503328e+01,2.050911223e+01,3.346105444e+01,3.951639601e+01,3.443630782e+01,2.237320851e+01,1.355057507e+01,1.859676861e+01,3.054719170e+01,4.507499968e+01,5.827647960e+01,6.406248324e+01,5.782360297e+01,4.155395076e+01,2.721057712e+01,2.376789554e+01,1.684211161e+01,7.978303869e+00,2.086589667e+01,2.379348875e+01,1.876834160e+01,4.358286293e+01,7.459906886e+01,8.702900083e+01,7.338157289e+01,5.030740287e+01
1.299734182e+01,1.895874825e+01,1.590918306e+01,1.166313835e+01,2.299295964e+01,3.048256263e+01,2.859248827e+01,2.347762456e+01,2.122565566e+01,1.734806598e+01,6.660470842e+00,9.598783595e+00,2.416531750e+01,3.015949895e+01,2.693968165e+01,2.680484726e+01,3.775421619e+01,4.946212190e+01,5.759146498e+01,6.064255018e+01,5.454081887e+01,3.889565292e+01,2.657757134e+01,3.361471664e+01,4.078769958e+01,3.595129303e+01,2.597269813e+01,3.463228191e+01,5.233747980e+01,5.817321507e+01,4.684396244e+01,2.887104471e+01,3.258512718e+01,4.811945132e+01,5.641778624e+01,5.718152129e+01,5.126608579e+01,3.792192210e+01,2.612602087e+01,3.728867934e+01,5.578548732e+01,6.409609033e+01,5.617058100e+01,3.311013665e+01,1.431284803e+01,3.866433261e+01,5.890445039e+01,6.451063446e+01,5.767849379e+01,4.511691662e+01,3.364354883e+01,2.812620360e+01,3.220379526e+01,4.381812859e+01,5.537746809e+01,5.980983929e+01,5.412382038e+01,4.253269821e+01,3.497766887e+01,3.209162724e+01,2.500946539e+01,1.966120674e+01,2.495815872e+01,2.277480341e+01,1.350087591e+01,3.915727551e+01,6.904991625e+01,8.093374551e+01,6.841712084e+01,4.690397774e+01
6.988667679e+00,1.019411453e+01,1.091794309e+01,1.854529308e+01,2.863983456e+01,3.226969815e+01,2.837327045e+01,2.207998715e+01,1.740195067e+01,1.179185992e+01,5.475812100e+00,1.485570674e+01,2.616599753e+01,3.072202451e+01,2.818448189e+01,2.689814488e+01,3.184109485e+01,3.564862023e+01,3.581528164e+01,3.620248796e+01,3.859155732e+01,4.241572053e+01,4.711813012e+01,4.978507325e+01,4.704381107e+01,3.816723708e+01,2.649629966e+01,2.502669649e+01,3.722973291e+01,4.561604878e+01,4.289361606e+01,3.495401210e+01,3.615045408e+01,4.633941999e+01,5.754831825e+01,6.725898272e+01,6.900327671e+01,5.402369939e+01,2.128058466e+01,2.815717479e+01,6.703575494e+01,8.593607245e+01,7.664748479e+01,4.633017338e+01,3.240092435e+01,5.848812698e+01,7.696362216e+01,7.869319238e+01,6.971855864e+01,5.849083628e+01,5.025822572e+01,4.576823053e+01,4.435912160e+01,4.661723770e+01,5.100266257e+01,5.424036996e+01,5.657296190e+01,5.929022493e+01,5.817525375e+01,4.716823522e+01,2.691137961e+01,1.254683637e+01,1.941118441e+01,1.643864505e+01,1.277131191e+01,3.975295414e+01,6.503976921e+01,7.360524215e+01,6.130875426e+01,4.203077256e+01
4.767127926e+00,6.953635557e+00,1.285730601e+01,2.103773090e+01,2.648616859e+01,2.588873283e+01,2.035358362e+01,1.405806440e+01,1.025472635e+01,9.826346445e+00,1.293733992e+01,1.823121273e+01,2.313553856e+01,2.514406890e+01,2.527501564e+01,2.783745583e+01,3.076222298e+01,2.693997158e+01,1.447267872e+01,1.441308004e+01,3.563724672e+01,5.387853411e+01,6.226127880e+01,5.838996953e+01,4.529604249e+01,3.085918567e+01,2.312817235e+01,2.490409336e+01,3.354293735e+01,4.189200450e+01,4.402054447e+01,4.134868252e+01,4.223514800e+01,5.260487290e+01,6.997116679e+01,8.581813129e+01,8.719441150e+01,6.347732542e+01,1.532396766e+01,4.622511066e+01,9.573580644e+01,1.152978347e+02,9.910250113e+01,6.229297171e+01,4.897444665e+01,7.014694913e+01,8.191707615e+01,7.789538191e+01,6.720249502e+01,5.808551475e+01,5.366568119e+01,5.230878840e+01,5.056818090e+01,4.825361355e+01,4.773036991e+01,5.312441649e+01,6.772828393e+01,8.336001498e+01,8.607320371e+01,6.902271625e+01,3.756704668e+01,6.793643909e+00,1.293286576e+01,1.068111928e+01,1.272460506e+01,3.725656445e+01,5.661393459e+01,6.149938907e+01,5.028449810e+01,3.447299375e+01
7.799532331e+00,1.137689321e+01,1.722341614e+01,2.113784867e+01,2.031547788e+01,1.459504122e+01,7.575289049e+00,7.303916759e+00,1.187504143e+01,1.618080818e+01,1.912344747e+01,1.990541368e+01,1.942344403e+01,1.999340274e+01,2.380005520e+01,2.962386913e+01,3.194500679e+01,2.540860931e+01,1.090604879e+01,2.162518647e+01,4.631937248e+01,6.420065142e+01,6.823148171e+01,5.667746890e+01,3.506405688e+01,1.968084810e+01,2.657201782e+01,3.536013704e+01,4.195879657e+01,4.894621714e+01,5.378080435e+01,5.553556558e+01,5.921941592e+01,7.074162726e+01,8.870166535e+01,1.025623668e+02,9.792096131e+01,6.574407769e+01,1.987531172e+01,6.367630332e+01,1.102155427e+02,1.217797493e+02,9.702599032e+01,6.038138410e+01,5.862669535e+01,7.609561937e+01,7.838610060e+01,6.862185973e+01,5.820446990e+01,5.113945531e+01,4.816052426e+01,4.857665757e+01,4.834310420e+01,4.727663700e+01,4.897121740e+01,5.943350048e+01,8.150177704e+01,1.031543312e+02,1.077565194e+02,8.862680096e+01,5.442152600e+01,2.613221139e+01,1.999794472e+01,1.226445491e+01,6.439814082e+00,2.714435245e+01,4.108179549e+01,4.399588537e+01,3.593712030e+01,2.463701877e+01
1.198356726e+01,1.747999229e+01,2.342186671e+01,2.486981201e+01,2.021366723e+01,1.076720078e+01,5.298646350e+00,1.361004869e+01,1.991594378e+01,2.262311480e+01,2.276500196e+01,2.174771333e+01,2.133458531e+01,2.301557193e+01,2.678987988e+01,3.045404599e+01,2.981398005e+01,2.200938894e+01,1.674851529e+01,3.414210945e+01,5.568656137e+01,6.837219695e+01,6.622149126e+01,4.890488195e+01,2.435755473e+01,2.310058465e+01,4.130530210e+01,5.192042643e+01,5.620300736e+01,5.967665550e+01,6.294132944e+01,6.499529697e+01,6.871922641e+01,7.856570721e+01,9.358675222e+01,1.040030089e+02,9.675412970e+01,6.700430862e+01,4.098584421e+01,7.070320842e+01,9.926822556e+01,9.513155435e+01,6.373306366e+01,4.726604012e+01,6.898009111e+01,7.953871420e+01,6.976335148e+01,5.576828317e+01,4.927187144e+01,4.427847563e+01,3.994867727e+01,3.996657127e+01,4.165934459e+01,4.613027821e+01,5.506011163e+01,6.955919418e+01,9.201626943e+01,1.134056825e+02,1.181722706e+02,1.002489426e+02,6.947874536e+01,4.495237275e+01,3.334122628e+01,2.197886851e+01,1.365252507e+01,2.193151050e+01,3.080316999e+01,3.371902940e+01,2.866677804e+01,1.965276969e+01
1.531994363e+01,2.234664276e+01,2.969300236e+01,3.241584927e+01,2.913912994e+01,2.106702400e+01,1.428351566e+01,1.735988668e+01,2.284557288e+01,2.486725767e+01,2.498485643e+01,2.588127303e+01,2.723886131e+01,2.749969468e+01,2.645602904e+01,2.415840382e+01,1.879566869e+01,1.177253014e+01,2.276041446e+01,4.361188783e+01,6.014252888e+01,6.582822030e+01,5.868552468e+01,4.075986752e+01,2.170274264e+01,3.026207036e+01,5.065054430e+01,6.370119392e+01,6.808312983e+01,6.701806856e+01,6.381871181e+01,6.160674660e+01,6.330833117e+01,7.041876102e+01,8.178753883e+01,9.031061473e+01,8.586842405e+01,6.710396876e+01,5.405188193e+01,6.376099378e+01,6.666305423e+01,4.532530460e+01,3.314245719e+01,6.873316457e+01,9.212640083e+01,8.561425535e+01,5.890510466e+01,3.871386541e+01,3.765980146e+01,3.510456322e+01,3.027148618e+01,3.035774264e+01,3.439355304e+01,4.592538317e+01,6.181368267e+01,7.783122658e+01,9.646706710e+01,1.135881376e+02,1.173092150e+02,1.028138987e+02,7.870625471e+01,5.816522942e+01,4.400472070e+01,3.317573883e+01,3.010498260e+01,3.464162423e+01,4.098706967e+01,4.402537135e+01,3.753706409e+01,2.573387475e+01
1.684072419e+01,2.456494987e+01,3.372592177e+01,3.961144612e+01,3.934911198e+01,3.159002075e+01,1.953543394e+01,1.441458260e+01,2.011151636e+01,2.568000837e+01,3.042711938e+01,3.431359685e+01,3.466813955e+01,3.003758908e+01,2.135953501e+01,1.038257753e+01,3.009070667e+00,2.012285654e+01,4.063634692e+01,5.837783938e+01,6.590784728e+01,6.083088987e+01,4.791380750e+01,3.346185999e+01,2.064635564e+01,2.570601953e+01,4.829200147e+01,6.829732696e+01,7.686613948e+01,7.230654308e+01,6.043689257e+01,5.395030706e+01,5.908356027e+01,6.753979293e+01,7.420303579e+01,7.741355575e+01,7.281522601e+01,6.032063382e+01,4.998984943e+01,4.400847044e+01,2.732368734e+01,2.771493817e+01,7.392901752e+01,1.115077239e+02,1.193553072e+02,9.470285738e+01,5.258196191e+01,2.065669926e+01,2.203776995e+01,2.261541505e+01,2.144564947e+01,2.333976037e+01,2.919141377e+01,4.619459854e+01,6.570340996e+01,8.050930324e+01,9.311664549e+01,1.037873928e+02,1.054838539e+02,9.484156552e+01,7.732197223e+01,5.989063818e+01,4.547838434e+01,3.823758570e+01,3.915223214e+01,4.285466265e+01,4.954183158e+01,5.421417248e+01,4.674503995e+01,3.204648612e+01
1.624375850e+01,2.369417781e+01,3.432864916e+01,4.374917790e+01,4.663055188e+01,3.902177949e+01,2.262105244e+01,8.412300480e+00,1.866051515e+01,3.118566590e+01,4.097380711e+01,4.592657711e+01,4.353001610e+01,3.419919402e+01,2.145660943e+01,1.421615885e+01,2.476315583e+01,4.389716923e+01,6.485024963e+01,7.942286903e+01,7.881527184e+01,6.180024173e+01,3.944525890e+01,2.712550789e+01,1.698421345e+01,1.144791592e+01,4.445031389e+01,7.519656521e+01,8.934492735e+01,8.195212479e+01,6.115279418e+01,5.192093411e+01,6.575541882e+01,7.883655616e+01,8.104987533e+01,7.470423990e+01,6.265431579e+01,4.848703857e+01,3.826330604e+01,2.824599985e+01,2.575311359e+01,6.414143666e+01,1.106331728e+02,1.382132808e+02,1.332086279e+02,9.881289058e+01,5.240552470e+01,1.529851144e+01,1.003540448e+01,1.604230077e+01,2.087522811e+01,2.232407146e+01,2.878837849e+01,4.840188460e+01,6.763374262e+01,7.848123135e+01,8.350860186e+01,8.643129622e+01,8.529123925e+01,7.806898772e+01,6.618238166e+01,5.184248003e+01,4.067089845e+01,3.982404219e+01,4.082351001e+01,3.741362660e+01,4.121077261e+01,4.954865979e+01,4.527908052e+01,3.104148433e+01
1.370823539e+01,1.999570277e+01,3.117017353e+01,4.342229506e+01,4.887720635e+01,4.161780302e+01,2.312456728e+01,6.001786745e+00,2.215316402e+01,3.823715580e+01,5.024221118e+01,5.524389385e+01,5.116840812e+01,4.054720128e+01,3.008505815e+01,2.919753080e+01,4.093005942e+01,6.018026538e+01,8.144071538e+01,9.512248685e+01,9.093684682e+01,6.734195158e+01,3.761762586e+01,2.494781241e+01,1.878896693e+01,1.565701890e+01,5.275632175e+01,8.933964715e+01,1.061725295e+02,9.574272277e+01,6.580617594e+01,4.699648339e+01,6.301424225e+01,7.819664307e+01,7.767862213e+01,6.551456732e+01,4.930472661e+01,3.863526917e+01,3.789740399e+01,3.520792007e+01,4.075504078e+01,7.664906671e+01,1.169917654e+02,1.366636625e+02,1.257477634e+02,9.075256339e+01,4.879548775e+01,1.730114156e+01,1.351195067e+01,2.229908605e+01,2.588012876e+01,2.452805855e+01,3.347133834e+01,5.367107765e+01,6.969565700e+01,7.527129425e+01,7.351467825e+01,7.020932765e+01,6.757828068e+01,6.417389718e+01,5.685872239e+01,4.557184372e+01,4.050662270e+01,4.605379076e+01,4.513247812e+01,2.914927396e+01,1.593835638e+01,2.955186479e+01,3.250314296e+01,2.228282446e+01
9.670793321e+00,1.410643334e+01,2.415385424e+01,3.775280105e+01,4.480286199e+01,3.810907116e+01,2.046889007e+01,1.317664229e+01,2.776772444e+01,4.125199374e+01,5.189817685e+01,5.643988111e+01,5.267567475e+01,4.431000619e+01,3.803248213e+01,3.844118888e+01,4.701527456e+01,6.326206061e+01,8.295090002e+01,9.582793778e+01,9.092282443e+01,6.659202590e+01,3.698126094e+01,2.705811693e+01,2.497540682e+01,2.772858972e+01,6.195593401e+01,9.887301268e+01,1.160821533e+02,1.042286684e+02,6.862667212e+01,3.300796491e+01,3.961327345e+01,5.323024085e+01,5.083119295e+01,3.824140286e+01,2.623937379e+01,3.010167087e+01,4.031095457e+01,3.784512717e+01,3.248078408e+01,6.065852487e+01,9.608721045e+01,1.119031889e+02,1.007761586e+02,7.038834033e+01,3.638098390e+01,1.856918410e+01,2.650037234e+01,3.275488951e+01,2.991267567e+01,2.692487834e+01,4.055105563e+01,5.920757252e+01,6.964633228e+01,6.994380914e+01,6.544066188e+01,6.271257090e+01,6.364756778e+01,6.366236788e+01,5.664142192e+01,4.448223399e+01,4.355220675e+01,5.529290405e+01,5.844417689e+01,4.462217321e+01,2.175302732e+01,1.401193708e+01,1.739238479e+01,1.192350714e+01
6.049221513e+00,8.823778690e+00,1.399749415e+01,2.682064655e+01,3.457234832e+01,2.929362173e+01,1.982330537e+01,2.819871558e+01,3.933844938e+01,4.455473732e+01,4.810640551e+01,4.941957029e+01,4.584522020e+01,4.114593251e+01,3.981977712e+01,4.128530295e+01,4.625631810e+01,5.734884464e+01,7.235867525e+01,8.215929259e+01,7.700532796e+01,5.625010670e+01,3.446534471e+01,3.008032972e+01,2.714545410e+01,2.833582041e+01,5.860111849e+01,9.238935826e+01,1.087512510e+02,9.862241177e+01,6.584345526e+01,2.550084064e+01,4.736919397e+00,1.493646523e+01,1.069675832e+01,5.868294561e+00,3.536249987e+00,1.845279666e+01,3.232241522e+01,2.981416704e+01,6.554126401e+00,3.244103180e+01,6.499966730e+01,7.811587645e+01,6.826385432e+01,4.440515332e+01,2.611524470e+01,3.279749055e+01,4.251924870e+01,4.060508204e+01,2.835607255e+01,2.809209808e+01,4.757361996e+01,6.190015361e+01,6.334974543e+01,5.643135902e+01,5.193023833e+01,5.646970300e+01,6.441037671e+01,6.582897944e+01,5.518268371e+01,3.945804567e+01,4.499180374e+01,6.632246054e+01,7.811112107e+01,7.337745522e+01,5.703989560e+01,3.849552708e+01,2.332491425e+01,1.599060653e+01
9.229779514e+00,1.346314259e+01,9.483278954e+00,1.328415412e+01,2.040780292e+01,1.790343631e+01,2.446900478e+01,4.337028294e+01,5.424362998e+01,5.342893447e+01,4.821743478e+01,4.272323346e+01,3.562890217e+01,3.153177544e+01,3.385761274e+01,3.742542033e+01,4.167178368e+01,4.904069553e+01,5.791039311e+01,6.245386745e+01,5.713696196e+01,4.390212640e+01,3.421547351e+01,3.130065597e+01,2.300138030e+01,1.919021568e+01,4.361231650e+01,7.023781830e+01,8.362910311e+01,7.725698560e+01,5.588793867e+01,3.641372225e+01,2.999510199e+01,2.455844173e+01,2.425306390e+01,2.973971005e+01,2.257122886e+01,5.263780574e+00,2.551017788e+01,3.675663236e+01,3.243261915e+01,3.182759097e+01,4.381892380e+01,4.770044157e+01,3.751616849e+01,2.649208384e+01,3.559775851e+01,4.987670222e+01,5.301644428e+01,3.949111544e+01,1.554453724e+01,3.046225345e+01,5.554926006e+01,6.378040199e+01,5.340541134e+01,3.324721853e+01,2.625997304e+01,4.312960784e+01,5.856931039e+01,6.091659896e+01,4.780975658e+01,3.454127644e+01,5.328473303e+01,8.176765993e+01,9.792430370e+01,9.672283469e+01,8.139763618e+01,5.880149396e+01,3.630007573e+01,2.488584616e+01
1.683371731e+01,2.455472919e+01,2.192623179e+01,1.262263648e+01,9.111502080e+00,5.700784816e+00,2.613976381e+01,4.970821349e+01,6.162101040e+01,5.970076839e+01,5.209530953e+01,4.373153867e+01,3.244057428e+01,2.253937484e+01,2.276027590e+01,2.721995098e+01,3.252378306e+01,3.909126102e+01,4.411533298e+01,4.504439783e+01,4.205708875e+01,3.864086430e+01,3.589575208e+01,2.853005444e+01,1.455813109e+01,1.080885236e+01,2.637218234e+01,4.035738680e+01,4.732719781e+01,4.381014453e+01,3.822925796e+01,4.431905788e+01,4.999167378e+01,4.560773033e+01,4.147162783e+01,4.047214415e+01,2.721223615e+01,6.272421380e+00,3.531852773e+01,5.445789615e+01,5.495395011e+01,4.409455284e+01,3.289731842e+01,2.276711439e+01,1.660922297e+01,2.928507330e+01,4.714068937e+01,5.806602211e+01,5.463991219e+01,3.332655012e+01,8.655298827e+00,4.163661804e+01,6.580808938e+01,6.849390933e+01,5.103472095e+01,2.332825019e+01,1.650375727e+01,4.016557025e+01,5.672233816e+01,5.908890907e+01,4.789086470e+01,4.382537124e+01,6.780478189e+01,9.555825387e+01,1.091312439e+02,1.047595567e+02,8.688234653e+01,6.290838378e+01,3.988987536e+01,2.734686586e+01
2.459960894e+01,3.588255195e+01,3.648287601e+01,2.695623952e+01,1.828795558e+01,8.751527068e+00,2.125098400e+01,4.401545991e+01,5.610366968e+01,5.584754504e+01,5.228996572e+01,4.829687252e+01,3.835963139e+01,2.405819575e+01,1.489928962e+01,1.523158444e+01,2.040845736e+01,2.708686263e+01,3.181359677e+01,3.435222550e+01,3.692662876e+01,3.922220389e+01,3.647044055e+01,2.568021165e+01,1.305141243e+01,1.180559048e+01,1.117710749e+01,1.165487795e+01,1.550619997e+01,7.329776826e+00,1.592479783e+01,4.126895705e+01,5.473550780e+01,5.210596763e+01,4.353822459e+01,3.554923724e+01,1.875910502e+01,1.477159307e+01,4.368230275e+01,5.935145876e+01,5.521730022e+01,3.736479126e+01,1.623533722e+01,2.891998649e+00,1.920397839e+01,3.409837606e+01,4.733185009e+01,5.633865857e+01,5.496123181e+01,4.139143611e+01,3.541510109e+01,5.539767795e+01,7.214756735e+01,7.078936078e+01,5.543949993e+01,4.374985864e+01,5.021538743e+01,6.401270556e+01,7.370859647e+01,7.352546073e+01,6.347207630e+01,5.908054151e+01,7.708838663e+01,9.976263290e+01,1.076380732e+02,9.650690923e+01,7.377189288e+01,5.053504338e+01,3.282896829e+01,2.250619697e+01
3.083509553e+01,4.497802870e+01,4.848405380e+01,4.054412560e+01,3.266355638e+01,2.394012250e+01,1.956748087e+01,3.328599113e+01,4.372328876e+01,4.649844603e+01,5.030235359e+01,5.308454489e+01,4.659457754e+01,3.236050218e+01,1.906994207e+01,1.321799299e+01,1.429665953e+01,1.839752193e+01,2.390781314e+01,3.113979125e+01,3.844368313e+01,4.254593304e+01,4.103237792e+01,3.477054693e+01,2.680772696e+01,1.567013441e+01,1.226226686e+01,3.514161880e+01,5.130195235e+01,4.836850557e+01,3.276996648e+01,3.471519193e+01,4.745506926e+01,4.795349073e+01,3.903126946e+01,2.694252190e+01,8.426187599e+00,1.800920841e+01,3.971182730e+01,4.616143261e+01,3.545114413e+01,1.785518673e+01,1.530323628e+01,2.343844567e+01,2.686611858e+01,2.738786481e+01,3.497926248e+01,5.036777587e+01,6.028597214e+01,5.784676384e+01,5.243912280e+01,5.858483948e+01,6.633470061e+01,6.211728995e+01,5.131309644e+01,5.389841983e+01,7.034833418e+01,8.538252010e+01,9.293873730e+01,9.080850930e+01,7.897818715e+01,6.868453645e+01,7.846368348e+01,9.692187472e+01,1.008060630e+02,8.322125150e+01,5.351069207e+01,2.964260725e+01,2.074070889e+01,1.421898110e+01
3.449152267e+01,5.031152555e+01,5.604008052e+01,5.010765041e+01,4.378958107e+01,3.620923076e+01,2.668879365e+01,2.870969318e+01,3.532371274e+01,3.980453657e+01,4.811612161e+01,5.443099038e+01,5.019178606e+01,3.739210181e+01,2.499417555e+01,1.991906565e+01,1.984314828e+01,2.060270060e+01,2.521491474e+01,3.544263094e+01,4.601506656e+01,5.285737547e+01,5.523399994e+01,5.279595068e+01,4.316833244e+01,2.808115576e+01,3.859382549e+01,7.158153358e+01,9.357825951e+01,9.071732373e+01,6.667828238e+01,4.169497661e+01,3.608399599e+01,3.651684508e+01,3.135755234e+01,2.120341829e+01,5.383378311e+00,1.394506321e+01,2.486927736e+01,2.168111258e+01,1.581180657e+01,2.876642282e+01,3.919264865e+01,3.790354066e+01,2.713664020e+01,9.640453718e+00,1.880126834e+01,4.596032333e+01,6.396204794e+01,6.479444025e+01,5.348969747e+01,4.783223467e+01,5.121091706e+01,4.741879476e+01,3.700644111e+01,4.449744492e+01,6.783120577e+01,8.709442536e+01,9.626500417e+01,9.463396792e+01,8.315424156e+01,7.202949013e+01,8.009051719e+01,9.816297299e+01,1.012049742e+02,8.025650226e+01,4.431440199e+01,1.367155703e+01,1.204526792e+01,8.257742673e+00
3.488366895e+01,5.088353502e+01,5.776670488e+01,5.353258028e+01,4.817936082e+01,4.074522243e+01,3.029220701e+01,2.846528379e+01,3.196093264e+01,3.366328386e+01,3.959186104e+01,4.529597818e+01,4.245775172e+01,3.263758905e+01,2.411955745e+01,2.317482266e+01,2.637132699e+01,2.970531396e+01,3.640784822e+01,4.869479543e+01,6.157420333e+01,7.011370330e+01,7.256684924e+01,6.822931897e+01,5.713268816e+01,4.869619682e+01,6.514977890e+01,9.587101899e+01,1.151019492e+02,1.105833677e+02,8.560105040e+01,5.445714836e+01,3.187522222e+01,2.352734962e+01,2.280391145e+01,1.910699271e+01,1.175202772e+01,1.301180832e+01,1.163601418e+01,4.556860587e+00,2.933204165e+01,4.934789307e+01,5.305548184e+01,4.073701152e+01,2.551892927e+01,2.286969259e+01,3.160055343e+01,4.788889948e+01,6.146623041e+01,6.023472964e+01,4.384404226e+01,3.256225258e+01,4.260055639e+01,4.726828765e+01,3.741523357e+01,3.369915940e+01,5.402446679e+01,7.514691990e+01,8.624752492e+01,8.715571255e+01,8.121422041e+01,7.863426202e+01,9.158530695e+01,1.093472404e+02,1.107816238e+02,8.775600448e+01,4.908757112e+01,1.405218181e+01,9.209494258e+00,6.313652319e+00
3.180759230e+01,4.639657426e+01,5.288435098e+01,4.930420075e+01,4.390996137e+01,3.566559545e+01,2.584345913e+01,2.756172424e+01,3.214235083e+01,2.953049536e+01,2.660341195e+01,2.699453557e+01,2.427284533e+01,1.842317391e+01,1.602873103e+01,2.063648637e+01,2.834507584e+01,3.669105335e+01,4.775850207e+01,6.247902460e+01,7.628722724e+01,8.346749348e+01,8.151797881e+01,7.312305606e+01,6.678491708e+01,7.156160146e+01,8.573448994e+01,9.947927363e+01,1.044423148e+02,9.786500774e+01,8.246218238e+01,6.163411828e+01,3.727625244e+01,1.749193531e+01,1.977128954e+01,2.353586389e+01,2.326734139e+01,2.625138584e+01,2.402412779e+01,2.167446725e+01,4.072637532e+01,5.750596809e+01,5.425542110e+01,3.369109414e+01,2.851017086e+01,4.634209718e+01,5.476392174e+01,5.551583219e+01,5.699732810e+01,5.312030713e+01,3.656355804e+01,2.220338875e+01,3.861494978e+01,5.265371433e+01,5.199118626e+01,4.876090538e+01,5.990591536e+01,7.643735258e+01,8.622240957e+01,8.891296931e+01,8.987758435e+01,9.623913463e+01,1.111665822e+02,1.249817597e+02,1.225603294e+02,9.791925647e+01,5.973243402e+01,2.688487385e+01,1.582362487e+01,1.084802955e+01
2.594481990e+01,3.784476209e+01,4.232322911e+01,3.820458223e+01,3.230913162e+01,2.311498413e+01,1.599637448e+01,2.675402625e+01,3.515316754e+01,3.282250830e+01,2.493712944e+01,1.806847168e+01,1.293961815e+01,1.020192536e+01,1.135693080e+01,1.644992091e+01,2.510640726e+01,3.562241848e+01,4.858150168e+01,6.391692528e+01,7.699878537e+01,8.117311810e+01,7.376890922e+01,6.428830950e+01,7.232634546e+01,9.154613656e+01,9.915538586e+01,8.675976373e+01,6.690759326e+01,6.701269905e+01,7.967163069e+01,7.661340938e+01,5.241358907e+01,2.303694848e+01,2.155812225e+01,2.750111793e+01,3.054342522e+01,3.917164278e+01,4.036615974e+01,3.347429155e+01,4.277939328e+01,5.736609343e+01,5.190223130e+01,2.487220028e+01,2.588919461e+01,5.457307728e+01,6.492265900e+01,5.945657229e+01,5.411995174e+01,5.302417697e+01,4.417513486e+01,2.601184442e+01,2.322270406e+01,3.993450538e+01,5.219682931e+01,6.330021471e+01,7.946558189e+01,9.526377155e+01,1.038446114e+02,1.062196758e+02,1.085188613e+02,1.155921208e+02,1.269803972e+02,1.351048203e+02,1.296315868e+02,1.068352756e+02,7.453017981e+01,4.707666603e+01,3.116535929e+01,2.136569473e+01
1.917078584e+01,2.796372577e+01,2.978129526e+01,2.516340921e+01,2.041229493e+01,1.159935982e+01,4.992766978e+00,2.165510517e+01,3.071624130e+01,2.978586509e+01,2.398198669e+01,1.913206750e+01,1.643336588e+01,1.534388244e+01,1.496056959e+01,1.603823854e+01,2.040407220e+01,2.713356462e+01,3.643314201e+01,4.853064712e+01,5.900315153e+01,6.018261489e+01,4.941242601e+01,4.755622214e+01,7.636654766e+01,1.042080048e+02,1.044492874e+02,6.974213741e+01,2.481357690e+01,6.574203594e+01,1.034731943e+02,1.041958843e+02,7.304060820e+01,3.621325455e+01,2.810086249e+01,2.722213198e+01,2.853506201e+01,4.632710171e+01,5.349352039e+01,4.306246064e+01,4.254445513e+01,5.908755538e+01,5.920248247e+01,3.312109033e+01,7.437498394e+00,4.198594923e+01,5.656347854e+01,5.364508867e+01,5.296481148e+01,6.356737371e+01,6.979907445e+01,6.276159800e+01,4.732133628e+01,3.801454114e+01,4.625673485e+01,6.569263559e+01,8.849273733e+01,1.075566572e+02,1.177479808e+02,1.201516850e+02,1.205155299e+02,1.232558861e+02,1.280432679e+02,1.302408041e+02,1.237693690e+02,1.066677351e+02,8.408466983e+01,6.291758374e+01,4.424009971e+01,3.032920162e+01
1.422377729e+01,2.074770492e+01,2.133322996e+01,1.911522892e+01,2.008459710e+01,1.778742502e+01,1.081317051e+01,1.093833461e+01,1.398376468e+01,1.140512602e+01,7.959406692e+00,9.502458905e+00,1.145862838e+01,1.245641611e+01,1.333871628e+01,1.463969923e+01,1.641787994e+01,1.814233357e+01,2.045988603e+01,2.538591585e+01,3.092634664e+01,2.926398497e+01,1.963999184e+01,4.077584359e+01,8.092639904e+01,1.074680415e+02,1.003630078e+02,5.449474977e+01,2.015433563e+01,8.748262032e+01,1.258476531e+02,1.208237667e+02,8.367999588e+01,4.935031602e+01,4.340759138e+01,3.088577630e+01,1.752244268e+01,4.743746677e+01,6.144340154e+01,4.895182051e+01,4.299032609e+01,6.762220926e+01,7.929396181e+01,6.199436593e+01,2.648155302e+01,1.862187788e+01,3.668082684e+01,4.244756644e+01,5.453488065e+01,7.925054440e+01,1.010852749e+02,1.092025783e+02,1.023965415e+02,8.725202633e+01,7.489981403e+01,7.594676684e+01,9.052218824e+01,1.080426212e+02,1.192677880e+02,1.220725486e+02,1.197386544e+02,1.156820274e+02,1.110077181e+02,1.054494127e+02,9.774930945e+01,8.735465395e+01,7.595080391e+01,6.351356682e+01,4.711968074e+01,3.230332451e+01
1.324157815e+01,1.931500688e+01,2.142576333e+01,2.274237699e+01,2.692551212e+01,2.816189359e+01,2.389506383e+01,1.803930040e+01,1.506481561e+01,1.618478863e+01,1.954779126e+01,2.169606924e+01,2.114341241e+01,1.869302442e+01,1.530854031e+01,1.135189077e+01,8.631915211e+00,1.087967500e+01,1.416301256e+01,1.422446460e+01,1.136769296e+01,3.793261661e+00,1.569072609e+01,4.781795793e+01,8.281355612e+01,1.026473285e+02,9.150114419e+01,4.797236106e+01,3.463005400e+01,9.020387595e+01,1.193901356e+02,1.085028452e+02,7.477150240e+01,6.032504243e+01,6.382047378e+01,4.425365118e+01,1.453342851e+00,4.415910325e+01,6.229652309e+01,4.766718265e+01,4.411248008e+01,8.190795709e+01,1.049754043e+02,9.520853616e+01,6.161133581e+01,2.846962060e+01,2.458797465e+01,3.529778968e+01,5.598234162e+01,8.839238945e+01,1.206166786e+02,1.413048166e+02,1.451781731e+02,1.342670609e+02,1.162091760e+02,1.015113761e+02,9.929524562e+01,1.079873918e+02,1.169828226e+02,1.190236089e+02,1.127499058e+02,9.913691159e+01,8.088267428e+01,6.365354909e+01,5.243762570e+01,4.734628179e+01,4.689183901e+01,4.613028427e+01,3.782159644e+01,2.592893848e+01
1.562987350e+01,2.279872615e+01,2.769752320e+01,3.072473572e+01,3.512765264e+01,3.827403586e+01,3.780198700e+01,3.562862344e+01,3.507238790e+01,3.719166323e+01,3.970765549e+01,3.988355052e+01,3.716281594e+01,3.236526467e+01,2.589942665e+01,1.775979588e+01,8.826322579e+00,5.867550842e+00,1.027989378e+01,1.041568926e+01,6.186004465e+00,1.017295489e+01,2.663910488e+01,5.103662037e+01,7.676440696e+01,9.170688471e+01,8.585180979e+01,6.290694793e+01,5.517998290e+01,7.679431002e+01,8.648710724e+01,7.014882957e+01,5.397697788e+01,7.083856158e+01,8.084638830e+01,5.813848007e+01,1.592711770e+01,4.042016088e+01,5.708295713e+01,4.025773902e+01,4.819292122e+01,9.657615676e+01,1.249438842e+02,1.171997045e+02,8.267535025e+01,4.474546458e+01,2.759180663e+01,3.305536666e+01,5.252019815e+01,8.410168292e+01,1.183805424e+02,1.449799570e+02,1.568315042e+02,1.525761319e+02,1.367161874e+02,1.182186899e+02,1.079588914e+02,1.101281012e+02,1.167338832e+02,1.175444034e+02,1.065361140e+02,8.174247042e+01,4.712583226e+01,1.626452177e+01,1.784688124e+01,2.025634743e+01,1.521912170e+01,1.995428191e+01,2.197955715e+01,1.506828476e+01
1.883556010e+01,2.747474422e+01,3.514709288e+01,3.974040257e+01,4.444393598e+01,4.885317157e+01,5.042557104e+01,4.850633417e+01,4.499472764e+01,4.293089992e+01,4.276784334e+01,4.204303144e+01,3.935617665e+01,3.497264601e+01,2.981229067e+01,2.592635860e+01,2.446715849e+01,2.303287454e+01,1.970587441e+01,1.736419278e+01,2.110934714e+01,2.930570829e+01,3.932732227e+01,5.133840224e+01,6.450329820e+01,7.557493944e+01,8.126958917e+01,8.150041995e+01,7.903637242e+01,7.258519683e+01,5.448411951e+01,2.524270243e+01,3.959914588e+01,7.445952879e+01,8.491553273e+01,6.382480039e+01,3.197881023e+01,4.169090908e+01,4.975297034e+01,3.105896068e+01,5.268929271e+01,1.028016718e+02,1.282261856e+02,1.164508262e+02,7.893408464e+01,4.131131940e+01,2.763878503e+01,3.127678372e+01,4.528958896e+01,7.009489954e+01,9.791781403e+01,1.217445599e+02,1.358047462e+02,1.367637452e+02,1.259929550e+02,1.106259505e+02,1.017017239e+02,1.047604462e+02,1.127859302e+02,1.145460846e+02,1.009115421e+02,6.743840714e+01,1.897864359e+01,2.961719682e+01,6.023991107e+01,6.357657734e+01,4.557103457e+01,2.488263841e+01,1.721323804e+01,1.180069147e+01
2.027755825e+01,2.957813430e+01,3.855572755e+01,4.378914981e+01,4.846571671e+01,5.324685816e+01,5.540870561e+01,5.249902279e+01,4.485874301e+01,3.639276993e+01,3.145511374e+01,2.969815323e+01,2.802799722e+01,2.482163195e+01,2.204973248e+01,2.558294695e+01,3.342096401e+01,3.888022233e+01,4.197490578e+01,4.743460413e+01,5.510351581e+01,6.032183844e+01,6.155573603e+01,6.015776120e+01,5.760150073e+01,5.896918609e+01,7.004329485e+01,8.428593341e+01,8.967759240e+01,7.938871701e+01,5.284767188e+01,1.559703934e+01,2.984608922e+01,6.160917867e+01,7.314777705e+01,6.340182857e+01,4.960587424e+01,4.994571549e+01,4.416062249e+01,2.238300508e+01,5.096330383e+01,9.410056574e+01,1.099350341e+02,9.048368850e+01,5.070714545e+01,2.670680061e+01,3.433696700e+01,3.587170518e+01,4.019146682e+01,5.567495078e+01,7.223782919e+01,8.597067697e+01,9.586287658e+01,9.882243300e+01,9.331840088e+01,8.418657659e+01,8.150498166e+01,8.945388980e+01,1.011887065e+02,1.064781077e+02,9.450883464e+01,5.843585746e+01,3.877388486e+00,5.352276354e+01,8.993152730e+01,9.459330459e+01,7.336968913e+01,4.531464871e+01,2.746361382e+01,1.882792955e+01
1.870654172e+01,2.728654983e+01,3.511102070e+01,3.872198630e+01,4.157679408e+01,4.529367233e+01,4.785546847e+01,4.647493751e+01,4.017432377e+01,3.124236865e+01,2.415249194e+01,2.161132513e+01,2.085807044e+01,1.676377966e+01,9.109896158e+00,1.522483673e+01,2.946152405e+01,4.236601763e+01,5.659999674e+01,7.332564542e+01,8.596380534e+01,8.786311790e+01,8.008102713e+01,6.953616266e+01,5.984683575e+01,5.218233639e+01,5.557630062e+01,7.040489710e+01,8.139592531e+01,7.842992279e+01,6.034241011e+01,3.145747564e+01,8.602447384e+00,3.606270596e+01,5.789712078e+01,6.765948140e+01,6.771679656e+01,6.045268159e+01,4.198009833e+01,1.467985072e+01,3.989223979e+01,7.017792214e+01,7.341865217e+01,4.652576468e+01,1.708437757e+01,4.461403962e+01,6.021938947e+01,5.405260301e+01,4.343083976e+01,4.568193115e+01,5.161474490e+01,5.384722503e+01,5.634955757e+01,5.982362267e+01,6.005064134e+01,5.801451848e+01,6.089232311e+01,7.115441235e+01,8.472436017e+01,9.444868766e+01,8.839918555e+01,5.708647375e+01,8.847031561e+00,5.474237859e+01,9.289952516e+01,1.000113614e+02,8.106387172e+01,5.394260536e+01,3.412586229e+01,2.339529442e+01
1.504686477e+01,2.194831259e+01,2.687218718e+01,2.712341637e+01,2.651660388e+01,2.803960224e+01,3.202305525e+01,3.647685313e+01,3.813993250e+01,3.551879482e+01,3.064413829e+01,2.783837958e+01,2.736019952e+01,2.356121351e+01,1.334210279e+01,1.611741791e+00,1.416804398e+01,2.978635688e+01,5.370792514e+01,8.111240390e+01,9.935210651e+01,9.918831222e+01,8.290856327e+01,6.496840289e+01,5.777851718e+01,5.477282860e+01,5.072150460e+01,5.322583110e+01,6.185400569e+01,6.596187802e+01,5.942987660e+01,4.244083736e+01,2.282842450e+01,3.131050994e+01,5.666835128e+01,7.440923009e+01,7.743663677e+01,6.542349598e+01,4.177597258e+01,1.295454954e+01,2.069151954e+01,3.566755767e+01,2.765039113e+01,5.310352127e+00,4.555654981e+01,7.811197016e+01,8.834465802e+01,7.609472239e+01,5.405740009e+01,3.951305374e+01,3.560159428e+01,3.149846395e+01,3.027129208e+01,3.836077133e+01,4.573614210e+01,4.692594848e+01,4.737520187e+01,5.335223591e+01,6.584976778e+01,7.978619778e+01,8.201780829e+01,6.097023060e+01,2.075723099e+01,3.732385069e+01,7.229928658e+01,8.242059348e+01,7.047826296e+01,5.057076042e+01,3.398902149e+01,2.330148197e+01
1.185620056e+01,1.729420714e+01,1.960311933e+01,1.676796806e+01,1.244551775e+01,1.215936844e+01,2.081035514e+01,3.290347000e+01,4.118867865e+01,4.169801593e+01,3.605508486e+01,3.104359134e+01,2.981164658e+01,2.640196778e+01,1.838970524e+01,1.268673930e+01,9.239263406e+00,5.514726814e+00,3.429732593e+01,6.795340400e+01,9.124890091e+01,9.228754519e+01,7.113452288e+01,4.515757199e+01,4.412913208e+01,5.507772398e+01,5.527561820e+01,4.740915947e+01,4.378664521e+01,4.849351309e+01,5.318981907e+01,5.261312749e+01,4.861170867e+01,4.895769913e+01,5.863881222e+01,6.952545630e+01,7.111737129e+01,6.019866047e+01,4.106970648e+01,2.141478604e+01,8.343515315e+00,3.731062460e+00,1.699006261e+01,4.433593165e+01,7.519317409e+01,9.720493571e+01,1.015374602e+02,8.714086072e+01,6.073627107e+01,3.451620657e+01,2.049923312e+01,1.495714732e+01,2.176994632e+01,4.165699417e+01,5.529701884e+01,5.522849650e+01,4.683082807e+01,4.221324073e+01,4.912521379e+01,6.347231220e+01,7.195893520e+01,6.258912510e+01,3.521802470e+01,1.744784003e+01,3.996597982e+01,5.219216474e+01,4.963400061e+01,3.985997243e+01,2.865603828e+01,1.964540696e+01
1.176039130e+01,1.715445367e+01,1.967823329e+01,1.690782628e+01,1.054052984e+01,3.560111880e+00,1.544106634e+01,3.102913382e+01,4.202890751e+01,4.384288583e+01,3.735594040e+01,2.918921909e+01,2.435994922e+01,1.859041293e+01,1.180148977e+01,1.889656313e+01,2.738263062e+01,2.514611985e+01,2.367635478e+01,4.619852571e+01,6.989121250e+01,7.534202408e+01,5.694793120e+01,2.390205880e+01,2.478629130e+01,4.950826833e+01,5.823993492e+01,5.079633957e+01,3.608367988e+01,3.139768448e+01,4.215803439e+01,5.281655725e+01,5.595460200e+01,5.201606656e+01,4.769868749e+01,4.898446054e+01,5.091920113e+01,4.746156503e+01,4.065998889e+01,3.573793053e+01,3.445997188e+01,3.906550578e+01,5.185684507e+01,6.862229743e+01,8.340285605e+01,9.217030630e+01,9.175674065e+01,7.911306121e+01,5.455848671e+01,2.595035614e+01,6.695469126e+00,8.090720480e+00,3.135838463e+01,6.173242335e+01,8.241134809e+01,8.468253561e+01,7.352262613e+01,6.059297871e+01,5.251456932e+01,5.147761694e+01,5.529551073e+01,5.407742903e+01,4.211152426e+01,2.449239433e+01,1.681379532e+01,2.332494105e+01,2.771117471e+01,2.641961940e+01,2.024960072e+01,1.388229744e+01
1.431955562e+01,2.088741328e+01,2.654881147e+01,2.725736590e+01,2.282043214e+01,1.313033755e+01,5.814974532e+00,2.136564383e+01,3.524013792e+01,4.103668278e+01,3.779518184e+01,2.842392446e+01,1.648290185e+01,4.269335542e+00,1.277816671e+01,2.908773588e+01,4.387448700e+01,5.127126223e+01,4.874651317e+01,4.551384608e+01,5.308223573e+01,5.942905592e+01,4.981366456e+01,2.339884926e+01,1.197873405e+01,4.090563932e+01,5.636467571e+01,5.464661469e+01,3.900129194e+01,2.017388520e+01,2.202339681e+01,3.473543174e+01,3.969658796e+01,3.480626653e+01,2.508827860e+01,2.215129835e+01,2.825790833e+01,3.571856056e+01,4.407835016e+01,5.270676261e+01,5.967463766e+01,6.583344813e+01,7.195060009e+01,7.474083541e+01,7.168154531e+01,6.679520600e+01,6.402786540e+01,5.672920403e+01,3.800292159e+01,1.419957212e+01,1.008139599e+01,1.928649566e+01,4.646983923e+01,8.414639125e+01,1.116806336e+02,1.187714267e+02,1.098045265e+02,9.491140489e+01,7.753928261e+01,5.703104907e+01,3.905650554e+01,3.311039308e+01,3.484221042e+01,3.414898005e+01,2.882940855e+01,2.081002354e+01,1.449910495e+01,1.301994844e+01,1.119121870e+01,7.672241488e+00
1.651985513e+01,2.409690989e+01,3.323481527e+01,3.845499175e+01,3.780458892e+01,3.028236567e+01,1.682761086e+01,9.517415437e+00,2.324857946e+01,3.487145903e+01,3.870577901e+01,3.304068170e+01,1.977675419e+01,1.690556752e+01,3.280661483e+01,4.668933333e+01,5.776404064e+01,6.745530058e+01,7.021208316e+01,6.258297176e+01,5.232436919e+01,4.873288497e+01,4.394042617e+01,2.765746424e+01,9.022188797e+00,3.181930152e+01,5.166511461e+01,5.693895816e+01,4.790592338e+01,3.072807817e+01,1.323802466e+01,1.157046500e+00,4.445336880e+00,3.657759116e+00,5.583385413e-01,5.320088159e+00,1.560286503e+01,3.267053485e+01,5.189685324e+01,6.712172242e+01,7.529028997e+01,7.759987440e+01,7.564055098e+01,6.738576312e+01,5.107179647e+01,3.486168477e+01,3.396940805e+01,3.489177406e+01,2.251555143e+01,1.056058537e+01,2.189040912e+01,3.198371010e+01,5.782106623e+01,9.607750615e+01,1.260602757e+02,1.375400521e+02,1.339108181e+02,1.225725703e+02,1.053991525e+02,8.147565657e+01,5.291792327e+01,2.475810523e+01,1.563791355e+01,3.226683736e+01,4.095299195e+01,3.524232582e+01,1.854402433e+01,1.251454847e+00,7.750736378e+00,5.313587624e+00
1.726001684e+01,2.517655675e+01,3.625946036e+01,4.483495181e+01,4.757074115e+01,4.226678578e+01,2.918922114e+01,1.202677835e+01,1.063149309e+01,2.669037611e+01,3.861403576e+01,4.087637538e+01,3.245740172e+01,2.899108117e+01,4.439731117e+01,5.852012144e+01,6.465261054e+01,6.976623872e+01,7.450568601e+01,7.020315499e+01,5.528681858e+01,4.013129984e+01,3.262180462e+01,2.272900477e+01,4.626584840e+00,2.433866114e+01,4.601676590e+01,5.692232629e+01,5.701170705e+01,5.162107929e+01,4.613100399e+01,4.193512068e+01,3.728344527e+01,3.070690102e+01,2.222897226e+01,1.267830574e+01,1.746662092e+01,3.872931612e+01,5.967903750e+01,7.246878120e+01,7.515025798e+01,7.107622551e+01,6.394591320e+01,5.247287415e+01,3.320944336e+01,1.047815763e+01,1.822452538e+01,2.563671956e+01,1.798261158e+01,1.818983549e+01,3.293635099e+01,4.428056850e+01,6.276776423e+01,9.123685750e+01,1.165046227e+02,1.312557380e+02,1.368482765e+02,1.350907865e+02,1.257230977e+02,1.094917480e+02,8.666629090e+01,5.526865587e+01,1.642055587e+01,2.177593941e+01,4.485906612e+01,4.502966941e+01,2.658436225e+01,9.959854745e+00,1.414469831e+01,9.697026221e+00
1.908041678e+01,2.783190773e+01,3.929670050e+01,4.849304648e+01,5.174558680e+01,4.587587147e+01,3.136920303e+01,1.338677136e+01,5.448871970e+00,2.074963766e+01,3.696789550e+01,4.683281867e+01,4.275967691e+01,3.037936212e+01,3.744873661e+01,5.519302398e+01,6.242373292e+01,6.224016227e+01,6.434500012e+01,6.428894484e+01,5.322750290e+01,3.402093108e+01,1.933369651e+01,1.277229435e+01,7.031393303e-01,1.901737500e+01,3.804655027e+01,5.088912052e+01,5.844099275e+01,6.468612043e+01,7.070689741e+01,7.362358839e+01,6.925717019e+01,5.580012559e+01,3.646771903e+01,2.124923315e+01,2.892168806e+01,4.771526820e+01,6.187129875e+01,6.532101488e+01,5.887210330e+01,4.932721238e+01,4.276545371e+01,3.622760443e+01,2.294359003e+01,5.201094915e+00,1.815289001e+01,2.693920384e+01,2.533114232e+01,2.951134516e+01,4.318583381e+01,5.413383750e+01,6.211678431e+01,7.166231950e+01,8.497884623e+01,1.030725405e+02,1.213735443e+02,1.318482298e+02,1.326111883e+02,1.270392997e+02,1.132448625e+02,8.409644353e+01,3.979831779e+01,1.556502584e+01,4.510400033e+01,5.021145885e+01,3.328752419e+01,2.062783900e+01,2.287508137e+01,1.568221951e+01
2.347186283e+01,3.423754984e+01,4.616833415e+01,5.454546598e+01,5.639976996e+01,4.761636823e+01,2.816387298e+01,7.796773390e+00,1.611125085e+01,2.523138136e+01,3.597552409e+01,4.849365974e+01,4.875810386e+01,2.899699867e+01,1.227970422e+01,4.268566522e+01,6.044638513e+01,6.094715940e+01,5.647200651e+01,5.591019701e+01,5.086162899e+01,3.571833431e+01,1.734967623e+01,6.274845304e+00,2.731132641e+00,1.325250436e+01,2.527616626e+01,3.477541856e+01,4.532871803e+01,5.960329004e+01,7.398163107e+01,8.225506832e+01,7.881222077e+01,6.246323061e+01,4.044151930e+01,3.064237982e+01,4.081702609e+01,5.267492898e+01,5.643379952e+01,4.917231519e+01,3.484215005e+01,2.586133349e+01,2.905173009e+01,3.090322260e+01,2.376916053e+01,1.344138697e+01,2.051135925e+01,3.030313190e+01,3.334954496e+01,3.767509658e+01,4.813058199e+01,5.715709554e+01,5.724527968e+01,4.655649847e+01,4.202236551e+01,6.728708480e+01,9.823753587e+01,1.168914751e+02,1.247293940e+02,1.287649068e+02,1.245772058e+02,1.013462834e+02,6.001508443e+01,3.093368936e+01,4.803355920e+01,5.351998207e+01,4.010832636e+01,3.310637550e+01,3.319481607e+01,2.275700724e+01
2.718534079e+01,3.965426465e+01,5.190353603e+01,5.974694000e+01,6.159310611e+01,5.234698169e+01,2.994642474e+01,1.361504283e+00,2.200145565e+01,3.175576863e+01,3.603792025e+01,4.751266886e+01,5.446351617e+01,4.260640967e+01,2.336715461e+01,4.487696324e+01,6.909612172e+01,7.307850370e+01,6.281182028e+01,5.510910000e+01,5.243323425e+01,4.406689986e+01,2.990533049e+01,1.856824155e+01,1.544729762e+01,1.782327233e+01,1.881103816e+01,1.435096408e+01,1.686655874e+01,3.418172477e+01,5.262972110e+01,6.404044726e+01,6.270587286e+01,4.876064686e+01,3.383212324e+01,3.563777131e+01,4.535070596e+01,5.008852534e+01,4.652233073e+01,3.371129974e+01,1.738030856e+01,2.012452482e+01,3.244833717e+01,3.685160447e+01,3.161651849e+01,2.131525328e+01,1.885446547e+01,2.510309797e+01,2.902028626e+01,3.308932947e+01,4.173715871e+01,5.022005310e+01,4.910249090e+01,3.062707832e+01,5.111695919e+00,4.700890534e+01,8.017879346e+01,9.798744371e+01,1.087457960e+02,1.208872636e+02,1.255581464e+02,1.100247007e+02,7.674076298e+01,5.120471970e+01,5.486182087e+01,5.669025238e+01,4.894393741e+01,4.807065424e+01,4.528430110e+01,3.104506335e+01
2.749821121e+01,4.011063730e+01,5.090176111e+01,5.748516895e+01,6.068517555e+01,5.478687641e+01,3.553760450e+01,1.059167059e+01,2.073359719e+01,3.217759931e+01,3.575940489e+01,4.741747498e+01,6.146172431e+01,6.180471605e+01,5.250577273e+01,5.993652420e+01,7.837941511e+01,8.217651155e+01,6.866581985e+01,5.523428343e+01,5.471367298e+01,5.464765736e+01,4.750889014e+01,3.887102090e+01,3.527641401e+01,3.667337284e+01,3.751031608e+01,3.269969650e+01,2.134251056e+01,6.967000172e+00,1.407122351e+01,2.607382501e+01,2.787273734e+01,2.066944810e+01,2.175602734e+01,3.273579223e+01,3.880361994e+01,3.970268660e+01,3.736733859e+01,2.873449083e+01,1.469306305e+01,1.546726001e+01,2.893322365e+01,3.696857518e+01,3.698633227e+01,3.026787440e+01,2.130904521e+01,1.463321669e+01,1.127077684e+01,1.445290771e+01,2.480465358e+01,3.593801413e+01,3.972331881e+01,3.137158114e+01,2.763277029e+01,4.975543075e+01,7.078140468e+01,8.199996998e+01,9.475238506e+01,1.134596956e+02,1.236832346e+02,1.137755940e+02,8.802509647e+01,6.591200782e+01,6.099871701e+01,5.995760680e+01,5.965598701e+01,6.349967990e+01,5.727869919e+01,3.926793175e+01
2.490443282e+01,3.632718741e+01,4.402375482e+01,4.760461179e+01,5.130518664e+01,4.981185615e+01,3.713523644e+01,1.881753268e+01,1.952866974e+01,3.037165719e+01,3.696030927e+01,4.909057726e+01,6.494438454e+01,7.089498930e+01,6.515267472e+01,6.453811383e+01,7.466005264e+01,7.609795911e+01,6.160799000e+01,4.848504651e+01,5.539985327e+01,6.475587339e+01,6.434604003e+01,5.820701626e+01,5.354749749e+01,5.366297353e+01,5.690464389e+01,5.883559569e+01,5.534228326e+01,4.473790308e+01,2.979196324e+01,1.803732827e+01,1.374929677e+01,1.478543028e+01,2.192609893e+01,2.584811708e+01,2.206545520e+01,2.306734493e+01,3.324838023e+01,3.698306032e+01,2.896676620e+01,1.321010788e+01,9.285312073e+00,2.439705951e+01,3.436939978e+01,3.620127926e+01,3.115088966e+01,2.305984257e+01,1.574000230e+01,1.052509624e+01,1.280010704e+01,2.393350830e+01,3.247924103e+01,3.372135677e+01,3.725771701e+01,5.007756246e+01,6.033781675e+01,6.711589754e+01,8.378000374e+01,1.066600043e+02,1.181659030e+02,1.103549354e+02,8.952441971e+01,7.051944312e+01,6.257467749e+01,6.235026373e+01,6.890802139e+01,7.496504795e+01,6.551158881e+01,4.491206390e+01
2.158568999e+01,3.148625834e+01,3.646642905e+01,3.644667809e+01,3.858344192e+01,3.973777808e+01,3.372937931e+01,2.464296556e+01,2.508759221e+01,3.318880523e+01,4.059354138e+01,4.938892713e+01,5.994660785e+01,6.408731114e+01,5.771017014e+01,5.153647608e+01,5.541730312e+01,5.541711329e+01,4.300690248e+01,3.755566799e+01,5.470108761e+01,6.974530924e+01,7.261251855e+01,6.729810127e+01,6.072339060e+01,5.821924005e+01,6.241357799e+01,6.994274182e+01,7.385683072e+01,7.029483636e+01,6.167409424e+01,5.390081740e+01,4.886034787e+01,4.447240567e+01,3.979770718e+01,3.130523529e+01,1.422127226e+01,1.222224777e+01,3.629490176e+01,5.158882404e+01,5.317654809e+01,4.154175389e+01,2.179111070e+01,1.381108874e+01,2.821665398e+01,3.499333983e+01,3.209652199e+01,2.839519176e+01,3.015035669e+01,3.025343466e+01,2.530115786e+01,2.403099974e+01,2.869759738e+01,2.997085218e+01,3.109067156e+01,3.730199513e+01,4.118855211e+01,4.783918084e+01,7.000542227e+01,9.459676017e+01,1.048749733e+02,9.735435595e+01,8.020218765e+01,6.525763275e+01,5.884307380e+01,6.166504609e+01,7.196184899e+01,7.789359216e+01,6.645829673e+01,4.556108811e+01
1.929915744e+01,2.815097674e+01,3.233415960e+01,3.077111710e+01,3.149554699e+01,3.440791506e+01,3.406981006e+01,3.228505469e+01,3.397368221e+01,3.885376168e+01,4.313358614e+01,4.530940408e+01,4.633700691e+01,4.407886098e+01,3.511190180e+01,2.549460394e+01,2.729400904e+01,2.863722160e+01,2.252960850e+01,3.107171897e+01,5.205203815e+01,6.569311558e+01,6.741697280e+01,6.119199658e+01,5.252451341e+01,4.672853462e+01,5.006129682e+01,6.089221486e+01,7.043479543e+01,7.398818788e+01,7.324748631e+01,7.163322328e+01,6.899602721e+01,6.382478845e+01,5.678696798e+01,4.767039666e+01,3.503145720e+01,2.754255240e+01,4.153218805e+01,6.132449843e+01,7.154145132e+01,6.718589892e+01,5.367297365e+01,4.663468113e+01,4.969633700e+01,4.527991637e+01,2.827566446e+01,1.911683520e+01,3.433907500e+01,4.260136533e+01,3.802338017e+01,2.958520227e+01,2.619911550e+01,2.211988595e+01,1.596832726e+01,1.604255161e+01,1.628608305e+01,2.792215063e+01,5.513079967e+01,7.861224690e+01,8.660992248e+01,7.932793538e+01,6.584871865e+01,5.547639604e+01,5.193747384e+01,5.645793080e+01,6.638375532e+01,7.050511127e+01,5.891508402e+01,4.038977021e+01
1.935817114e+01,2.823705788e+01,3.308365744e+01,3.153114755e+01,3.221084940e+01,3.788462045e+01,4.182437467e+01,4.205486542e+01,4.127185770e+01,4.119670565e+01,4.017483786e+01,3.590622855e+01,2.879182010e+01,2.052751340e+01,1.091884526e+01,4.428101424e+00,1.191677981e+01,1.570830617e+01,2.050482597e+01,3.448743584e+01,4.895856945e+01,5.515702626e+01,5.185739221e+01,4.326578990e+01,3.333040862e+01,2.487746980e+01,2.586499560e+01,3.706026137e+01,4.874707826e+01,5.716189080e+01,6.333324305e+01,6.798826919e+01,6.950365686e+01,6.708146822e+01,6.274961165e+01,5.800745146e+01,5.097747306e+01,4.199979423e+01,4.291761210e+01,5.916314490e+01,7.430924079e+01,7.830901659e+01,7.668905494e+01,8.062866683e+01,8.381367388e+01,7.045722339e+01,3.929411591e+01,5.857099228e+00,3.196258147e+01,4.629578867e+01,4.272220734e+01,3.094264884e+01,2.264286314e+01,1.604255210e+01,6.775737899e+00,5.620967061e+00,5.914639766e+00,2.055076555e+01,4.498474008e+01,6.424685567e+01,7.036466750e+01,6.523843180e+01,5.667861572e+01,5.002277687e+01,4.685989664e+01,4.898783727e+01,5.456082264e+01,5.546422899e+01,4.505147363e+01,3.088544637e+01
2.188669968e+01,3.192533019e+01,3.801978828e+01,3.610018462e+01,3.472637452e+01,4.039803860e+01,4.558177483e+01,4.478915279e+01,3.983528690e+01,3.408563600e+01,2.818460239e+01,2.280819650e+01,2.088601946e+01,2.278849105e+01,2.622165933e+01,2.969477875e+01,3.145048668e+01,3.193452316e+01,3.603736769e+01,4.452398328e+01,5.025561613e+01,4.763322215e+01,3.714888512e+01,2.387385972e+01,1.281427291e+01,4.593056210e+00,4.127924637e+00,1.256849075e+01,2.115314841e+01,2.995362136e+01,3.898607884e+01,4.681612909e+01,5.163989516e+01,5.332918975e+01,5.398571858e+01,5.533141659e+01,5.486852223e+01,4.861358825e+01,4.121104618e+01,4.719884152e+01,6.145300232e+01,7.148664608e+01,8.096846695e+01,9.446434110e+01,1.004828425e+02,8.678054955e+01,5.453247132e+01,1.475439009e+01,2.006245917e+01,3.719443979e+01,3.580124695e+01,2.608978728e+01,2.151736366e+01,2.064975954e+01,1.939987199e+01,1.950226184e+01,1.694045563e+01,1.885598046e+01,3.453509013e+01,4.950651609e+01,5.652071598e+01,5.756140278e+01,5.605310360e+01,5.196322187e+01,4.642620388e+01,4.324486680e+01,4.240877175e+01,3.907793363e+01,2.986311780e+01,2.047293127e+01
2.473449255e+01,3.607930174e+01,4.266608612e+01,3.982769961e+01,3.510850736e+01,3.664741227e+01,3.884358467e+01,3.481159440e+01,2.559715928e+01,1.568022084e+01,1.260272316e+01,2.384121473e+01,3.695512808e+01,4.441849206e+01,4.580150169e+01,4.512725396e+01,4.526914840e+01,4.688504193e+01,5.111299288e+01,5.634949314e+01,5.730518355e+01,5.035009079e+01,3.648590585e+01,2.013626581e+01,7.123639337e+00,7.535255259e+00,1.091927169e+01,1.013880465e+01,6.517488562e+00,5.689251370e+00,1.096511035e+01,1.703496467e+01,2.275437303e+01,2.812230351e+01,3.399627425e+01,4.165891628e+01,4.846354847e+01,4.849747414e+01,4.084770553e+01,3.569331422e+01,4.088157238e+01,4.949006016e+01,6.287586919e+01,8.132285141e+01,9.430972000e+01,9.667268998e+01,7.480196576e+01,3.755607914e+01,5.013898713e+00,2.152254415e+01,2.745288107e+01,2.839671437e+01,3.136446897e+01,3.197376945e+01,2.909172396e+01,2.519373951e+01,1.845166064e+01,9.651944518e+00,1.633465439e+01,2.906301785e+01,4.011335910e+01,4.990054741e+01,5.537926443e+01,5.305090135e+01,4.529085736e+01,3.850329121e+01,3.421698531e+01,2.844866210e+01,1.990436143e+01,1.364561551e+01
2.687670000e+01,3.920406158e+01,4.442443237e+01,3.880793954e+01,3.087176493e+01,2.794215533e+01,2.561737570e+01,1.795171137e+01,8.063008823e+00,1.330699700e+01,2.732819355e+01,4.331610461e+01,5.631190299e+01,6.055007212e+01,5.579116020e+01,4.910461528e+01,4.847206498e+01,5.367492237e+01,6.028260349e+01,6.491608695e+01,6.457247122e+01,5.775186955e+01,4.583810706e+01,3.235612298e+01,2.116458277e+01,1.481302479e+01,1.277561792e+01,1.240069912e+01,1.226508779e+01,1.216538020e+01,1.194910602e+01,1.089410101e+01,8.733218379e+00,7.019934855e+00,1.182366091e+01,2.398028183e+01,3.702554628e+01,4.396698290e+01,4.173106014e+01,3.424124046e+01,2.728480245e+01,2.242312766e+01,3.036965750e+01,5.309305481e+01,7.948314338e+01,1.033550654e+02,9.334137758e+01,5.630590177e+01,2.852619519e+01,3.115422930e+01,3.896696299e+01,4.322907630e+01,4.440837498e+01,4.044771674e+01,3.248892985e+01,2.505076952e+01,1.959203443e+01,1.379311979e+01,6.056309872e+00,5.655067693e+00,2.194471979e+01,3.843578317e+01,4.789108632e+01,4.648371718e+01,3.797792128e+01,3.136865880e+01,2.930488802e+01,2.566259812e+01,1.846401862e+01,1.265817544e+01
2.831347406e+01,4.129983148e+01,4.500118501e+01,3.623536062e+01,2.493921728e+01,1.948552228e+01,1.646771061e+01,1.366123633e+01,1.928958448e+01,3.073165293e+01,4.307865925e+01,5.537367296e+01,6.395954996e+01,6.368456666e+01,5.409836185e+01,4.295957791e+01,4.198379392e+01,5.032557797e+01,5.899275062e+01,6.390276978e+01,6.388585086e+01,5.900979436e+01,5.064556187e+01,4.089277786e+01,3.140708476e+01,2.282503145e+01,1.556399437e+01,1.148669203e+01,1.299291588e+01,1.817410510e+01,2.390487739e+01,2.738212604e+01,2.627967063e+01,1.956606120e+01,7.607065999e+00,9.315455575e+00,2.512452745e+01,3.604979045e+01,3.917320470e+01,3.597939977e+01,2.873277828e+01,1.589340273e+01,6.574917531e+00,3.479584634e+01,6.852145715e+01,9.870352822e+01,9.210113959e+01,5.483571789e+01,3.997790827e+01,4.462455141e+01,4.987503844e+01,5.134257879e+01,4.850595321e+01,4.042328247e+01,2.926029376e+01,2.191556673e+01,2.289356735e+01,2.518411419e+01,2.217406989e+01,1.268084169e+01,1.141295346e+01,2.568299271e+01,3.463448148e+01,3.339552934e+01,2.588644371e+01,2.255876924e+01,2.511232263e+01,2.460934271e+01,1.883674847e+01,1.291370376e+01
2.535093571e+01,3.697848489e+01,3.984900128e+01,3.176195907e+01,2.096206305e+01,1.532672383e+01,1.446102706e+01,1.678830942e+01,2.367568461e+01,3.259134834e+01,4.141573530e+01,4.943185628e+01,5.407518845e+01,5.169494188e+01,4.188607986e+01,3.073738190e+01,2.951754629e+01,3.769589456e+01,4.573097627e+01,5.011320057e+01,5.058228338e+01,4.778997751e+01,4.283132925e+01,3.682847673e+01,3.039250059e+01,2.361184836e+01,1.677462101e+01,1.142404779e+01,1.126854505e+01,1.676409253e+01,2.361653319e+01,2.828939589e+01,2.830325201e+01,2.272891921e+01,1.218348921e+01,1.521568729e+00,1.516641516e+01,2.540740966e+01,3.023407603e+01,3.028158284e+01,2.689107319e+01,2.032957038e+01,1.657637273e+01,3.072508604e+01,5.487017288e+01,7.519726234e+01,6.155814435e+01,3.098224510e+01,3.322540020e+01,4.030659541e+01,4.393433627e+01,4.368579087e+01,3.954235947e+01,3.131233133e+01,2.128288806e+01,1.666461562e+01,2.100331516e+01,2.539096871e+01,2.442981886e+01,1.764964408e+01,1.117883980e+01,1.597977545e+01,2.132724033e+01,2.003914071e+01,1.494569209e+01,1.522296118e+01,1.958233591e+01,2.011879509e+01,1.570406804e+01,1.076606628e+01
1.737956391e+01,2.535093571e+01,2.731884426e+01,2.177469913e+01,1.437073245e+01,1.050737454e+01,9.913888265e+00,1.150937779e+01,1.623108033e+01,2.234329446e+01,2.839293298e+01,3.388845742e+01,3.707173591e+01,3.543993628e+01,2.871538196e+01,2.107229095e+01,2.023602158e+01,2.584276242e+01,3.135128556e+01,3.435555918e+01,3.467714316e+01,3.276285254e+01,2.936340625e+01,2.524809626e+01,2.083585444e+01,1.618731681e+01,1.149999358e+01,7.831859579e+00,7.725253265e+00,1.149277568e+01,1.619052853e+01,1.939405194e+01,1.940355113e+01,1.558201672e+01,8.352501530e+00,1.043125243e+00,1.039747348e+01,1.741828014e+01,2.072724505e+01,2.075981377e+01,1.843541913e+01,1.393712137e+01,1.136408267e+01,2.106386142e+01,3.761674469e+01,5.155216524e+01,4.220174420e+01,2.124015914e+01,2.277797447e+01,2.763255207e+01,3.011958272e+01,2.994919016e+01,2.710862318e+01,2.146645275e+01,1.459067695e+01,1.142457838e+01,1.439901321e+01,1.740700890e+01,1.674808390e+01,1.209987358e+01,7.663755014e+00,1.095507999e+01,1.462108305e+01,1.373801467e+01,1.024615477e+01,1.043623911e+01,1.342484799e+01,1.379262245e+01,1.076606628e+01,7.380774389e+00
