-2.286801747e+00,-3.335674264e+00,1.939255486e+00,4.829721106e+00,-1.546555086e+00,-5.881615484e+00,-5.741126674e+00,-1.001559725e+00,6.032792522e+00,1.100241966e+01,1.002630841e+01,5.155385211e+00,3.073749716e+00,5.695088940e+00,8.277619043e+00,9.804688502e+00,1.172412190e+01,1.442217523e+01,1.659581027e+01,1.287967956e+01,2.481969407e+00,-8.285144527e+00,-1.676648022e+01,-1.002538162e+01,-1.244982204e+00,9.436869553e-01,-4.070384789e+00,-9.925733757e+00,-2.219214122e+00,-9.648065702e-01,-6.024128909e+00,-1.494520246e+01,-2.471576901e+01,-3.224811999e+01,-3.582828586e+01,-2.879591902e+01,-1.620079730e+01,-4.255761251e+00,-1.726121716e-01,-7.313605240e+00,-2.034548528e+01,-1.402939860e+01,-6.167506282e+00,-3.617220731e+00,-4.651193327e+00,-5.266478821e+00,-3.070974472e+00,3.979965014e-01,2.916261946e+00,4.858126382e+00,1.038664832e+01,1.665801603e+01,1.590457807e+01,6.891619226e+00,-8.755820254e+00,-2.083231827e+01,-1.293640547e+01,-5.026602115e+00,5.223495348e+00,1.906956156e+01,2.790528614e+01,2.371475198e+01,1.676722509e+01,1.011316932e+01,6.365180403e+00,9.930120050e+00,1.459771591e+01,1.363656384e+01,1.026069296e+01,7.034311127e+00
-3.335674264e+00,-4.865626333e+00,2.828721215e+00,7.044937945e+00,-2.255903472e+00,-8.579297892e+00,-8.374371990e+00,-1.460938624e+00,8.799814320e+00,1.604882809e+01,1.462501023e+01,7.519972291e+00,4.483566552e+00,8.307218428e+00,1.207426085e+01,1.430174135e+01,1.710154881e+01,2.103710075e+01,2.420770288e+01,1.878711860e+01,3.620358209e+00,-1.208523800e+01,-2.445665290e+01,-1.462365836e+01,-1.816010113e+00,1.376521727e+00,-5.937321767e+00,-1.447830565e+01,-3.237086662e+00,-1.407328139e+00,-8.787177023e+00,-2.180002149e+01,-3.605199040e+01,-4.703915592e+01,-5.226141323e+01,-4.200355633e+01,-2.363151186e+01,-6.207723648e+00,-2.517830762e-01,-1.066808910e+01,-2.967721699e+01,-2.046417182e+01,-8.996316366e+00,-5.276307891e+00,-6.784525988e+00,-7.682020486e+00,-4.479518405e+00,5.805429740e-01,4.253844888e+00,7.086371685e+00,1.515062490e+01,2.429844014e+01,2.319942769e+01,1.005255350e+01,-1.277179551e+01,-3.038734250e+01,-1.886986262e+01,-7.332121088e+00,7.619322062e+00,2.781607361e+01,4.070442264e+01,3.459184338e+01,2.445773941e+01,1.475171107e+01,9.284656393e+00,1.448470377e+01,2.129315554e+01,1.989115808e+01,1.496689842e+01,1.026069296e+01
-2.274690285e+00,-3.318007717e+00,7.055792745e+00,9.299649410e+00,-6.952659454e+00,-1.839844291e+01,-2.068788115e+01,-1.312128207e+01,1.460002775e+00,1.471078657e+01,1.599207200e+01,5.926464957e+00,-3.284803047e+00,-9.961480645e-01,4.909234149e+00,1.022647437e+01,1.601047159e+01,2.179168289e+01,2.633099432e+01,2.421173474e+01,1.125185357e+01,-2.553414768e+00,-1.013521099e+01,-4.664942711e+00,8.289263682e+00,1.179711914e+01,3.671044498e+00,-8.271042424e+00,5.037165740e-01,9.942883472e-01,-7.062473219e+00,-2.086746054e+01,-3.627682372e+01,-3.506814419e+01,-3.028658944e+01,-3.319996303e+01,-2.709010775e+01,-7.072481255e+00,9.194231497e-01,-1.238970671e+01,-3.058959142e+01,-1.085821238e+01,1.352974170e+00,2.225331502e+00,-4.458636311e+00,-1.030172228e+01,-9.200109503e+00,-3.137662399e+00,2.169577674e+00,3.815896941e+00,1.069130615e+01,2.715670706e+01,3.619670540e+01,2.053647688e+01,-1.143150263e+01,-3.063984597e+01,-2.097828810e+01,-1.067804156e+01,4.763141665e+00,2.843288778e+01,4.484044745e+01,3.158152794e+01,1.509684799e+01,4.588892981e+00,6.570632288e+00,2.047189323e+01,2.987204615e+01,2.544692887e+01,1.773224782e+01,1.215650333e+01
1.942376022e-01,2.833273028e-01,9.318209070e+00,8.375909003e+00,-1.361175602e+01,-2.944651976e+01,-3.565475978e+01,-3.242847865e+01,-1.669398949e+01,5.399204794e+00,1.450661375e+01,6.506398487e+00,-7.075858242e+00,-1.666369653e+01,-3.973517798e+00,6.790554403e+00,1.467851442e+01,1.882884325e+01,2.041316796e+01,1.982647453e+01,1.642267106e+01,1.663478021e+01,2.369935274e+01,2.534483808e+01,1.232573754e+01,4.334127763e+00,-1.097721057e+00,-8.054476595e+00,-5.246789892e-01,1.476229141e+00,-1.415772557e+00,-8.077350174e+00,-8.306107962e-01,6.342514374e+00,5.563840905e+00,-1.849729081e+00,-1.417318464e+01,-2.267717694e+01,-1.332729785e+01,-1.525957774e+01,-4.165198425e+00,1.244220586e+01,2.109374377e+01,1.732981403e+01,4.824607789e+00,-7.190250873e+00,-1.020244821e+01,-3.750482559e+00,3.170717068e+00,6.880555997e-02,-5.522425307e+00,4.476199824e+00,1.558557352e+01,1.031775228e+01,-1.661454575e+01,-2.747821314e+01,-2.138348475e+01,-1.608055135e+01,-5.028758646e+00,1.633778516e+01,3.208413102e+01,1.058900310e+01,-1.341796333e+01,-1.454113331e+01,4.844159660e+00,2.147947888e+01,2.483639153e+01,1.835838607e+01,1.098155748e+01,7.528506335e+00
3.226788225e+00,4.706798240e+00,1.023625442e+01,5.346480741e+00,-1.855238506e+01,-3.068480349e+01,-3.627213349e+01,-4.151955457e+01,-3.852628553e+01,-3.837669687e+00,1.557849171e+01,1.394573167e+01,5.388067248e+00,-7.916385460e-01,2.640103539e+00,1.219449491e+01,1.844690224e+01,1.820864603e+01,1.339590602e+01,7.379821972e+00,9.472653863e+00,2.689695690e+01,3.060232179e+01,1.585656483e+01,-6.819980937e+00,-2.442587872e+01,-2.846954271e+01,-2.211230343e+01,-1.385041493e+01,-6.014157124e+00,-3.513020079e-01,-2.721252703e+00,-4.770757303e+00,-2.379573870e+00,1.690328371e+00,1.965414450e+00,-4.435150191e+00,-1.328482739e+01,-1.195579621e+01,2.125924899e+00,1.590539785e+01,2.590829829e+01,2.816810138e+01,2.118576638e+01,9.649516184e+00,4.856240474e-01,-2.955954661e+00,1.411632785e+00,8.242161874e+00,2.164358110e-01,-1.839583343e+01,-2.109940305e+01,-1.622738848e+01,-1.978939946e+01,-3.179825039e+01,-2.618903073e+01,-1.843497598e+01,-1.657569048e+01,-1.171078689e+01,3.742809972e+00,1.497653728e+01,-6.593218197e+00,-1.867542163e+01,-5.439543217e+00,9.957393699e+00,1.598847774e+01,1.043152065e+01,2.335231642e+00,-1.730605607e+00,-1.186432370e+00
6.491890881e+00,9.469484344e+00,1.210872393e+01,2.937254450e+00,-1.661239782e+01,-1.690610788e+01,-1.935267536e+01,-2.654324899e+01,-3.280795509e+01,-6.842222895e+00,1.735528967e+01,2.046392102e+01,1.598019792e+01,1.031105219e+01,7.690542938e+00,1.333877693e+01,1.914732733e+01,1.931433441e+01,1.462189573e+01,4.864644625e+00,-1.444666567e+01,6.215541845e+00,1.304180845e+01,-6.727285767e-01,-2.756882433e+01,-5.181210068e+01,-4.639451141e+01,-2.258071555e+01,-2.818276857e+00,1.091989044e+01,5.039716430e+00,-1.015383061e+01,-2.002011365e+01,-1.764210313e+01,-5.978833064e+00,5.145838760e+00,8.405759054e+00,5.821573220e+00,8.468658024e+00,1.905372226e+01,2.608047331e+01,2.263200043e+01,1.013227195e+01,-6.719301880e+00,-1.420838015e+01,4.144254299e+00,1.224630483e+01,8.625306585e+00,1.159227109e+01,-1.203885956e+00,-2.576759383e+01,-3.701029991e+01,-3.976150520e+01,-4.463776654e+01,-4.524391587e+01,-2.662989453e+01,-1.125791021e+01,-6.550689584e+00,-4.267748673e+00,6.036329517e+00,1.687592120e+01,1.237646847e+01,1.197925394e+01,1.588567822e+01,1.590603794e+01,6.721562138e+00,-5.687513925e+00,-1.128673478e+01,-9.688113873e+00,-6.641774337e+00
7.994176201e+00,1.166081312e+01,1.180631186e+01,-3.389679322e+00,-1.134319685e+01,-6.540072078e+00,-7.207079690e+00,-1.380129538e+01,-1.984123582e+01,-4.732381254e+00,1.756383007e+01,2.292155070e+01,2.213806848e+01,1.783149470e+01,9.692006138e+00,6.559300777e+00,1.073404703e+01,1.574024212e+01,1.866274161e+01,1.411124505e+01,-5.716058067e+00,-1.983864363e+01,-1.136536404e+01,-2.119715354e+01,-4.694887704e+01,-7.313174268e+01,-4.699885221e+01,-1.238755900e+01,1.946534914e+01,3.773754191e+01,1.739924640e+01,-6.389148076e+00,-1.996534439e+01,-1.515874748e+01,1.962546464e+00,1.726617746e+01,1.985096343e+01,1.164188762e+01,7.210080422e+00,1.132519771e+01,1.463137905e+01,5.584313721e+00,-1.615716978e+01,-2.927455113e+01,-1.261023988e+01,6.900469123e+00,1.981210650e+01,2.207198021e+01,1.053952855e+01,-1.174379229e+01,-3.493806726e+01,-4.430647013e+01,-5.088160418e+01,-5.659285784e+01,-5.348119036e+01,-3.299832464e+01,-1.214143349e+01,4.331476822e-01,7.858734189e+00,1.845797510e+01,3.024692428e+01,3.419057427e+01,3.682031345e+01,3.416299292e+01,2.095442206e+01,-2.682676816e-01,-1.561745235e+01,-1.533310983e+01,-9.872326642e+00,-6.768063072e+00
1.590888374e+00,2.320570820e+00,-2.153390846e+00,-1.648627937e+01,-1.056982198e+01,-4.317330390e+00,-2.475673285e+00,-5.025161093e+00,-6.622661612e+00,2.222581775e+00,1.482130070e+01,1.996390998e+01,2.854217892e+01,3.107097781e+01,2.237162450e+01,8.673275590e+00,3.188895218e+00,8.672694033e+00,1.736838971e+01,1.757897185e+01,-1.943326352e+00,-3.422708967e+01,-3.370523945e+01,-3.794200466e+01,-5.688132442e+01,-6.839162292e+01,-3.924758310e+01,-1.252764496e+00,3.527778944e+01,4.718710996e+01,2.679831592e+01,5.336476759e+00,-3.979045373e+00,3.887367637e+00,1.502952260e+01,1.543622108e+01,3.872092091e+00,-9.281157379e+00,-1.412418851e+01,-1.205539858e+01,-1.120149706e+01,-1.611249810e+01,-1.608901049e+01,-9.811201527e+00,-1.818887583e+00,8.899998466e+00,2.177543756e+01,2.781194428e+01,1.174128341e+01,-1.431623843e+01,-4.001873507e+01,-5.115509860e+01,-5.741222379e+01,-6.071107371e+01,-5.784140302e+01,-4.512110482e+01,-2.816406120e+01,-1.228761740e+01,1.155938983e+00,1.478037431e+01,3.182070709e+01,4.716307898e+01,5.503418103e+01,4.930122040e+01,2.649855835e+01,1.294994088e+00,-1.469625521e+01,-1.686133373e+01,-1.174764526e+01,-8.053704762e+00
-1.060211101e+01,-1.546491247e+01,-2.119827544e+01,-1.570079736e+01,-7.836531461e+00,-2.107480112e+00,2.517671485e+00,6.537756345e+00,1.136586418e+01,1.336041629e+01,-1.248589692e+00,1.329671755e+01,3.409699308e+01,4.470151197e+01,3.991702825e+01,2.269857285e+01,5.804127638e+00,3.257732470e+00,1.179762579e+01,1.557247552e+01,-1.019964824e+00,-3.521778520e+01,-4.076317382e+01,-4.053107074e+01,-5.173866076e+01,-5.663618331e+01,-3.125342799e+01,3.279884475e+00,2.861443924e+01,3.180650060e+01,2.402415434e+01,1.460310043e+01,1.209815027e+01,1.061584202e+01,1.825577922e+00,-1.108425826e+01,-2.286473217e+01,-2.907629262e+01,-2.834985920e+01,-2.489298222e+01,-2.013177085e+01,-4.580445468e+00,9.381153497e+00,1.247912767e+01,7.766371271e+00,3.864594408e+00,1.311262617e+01,2.853189646e+01,1.761147350e+01,-1.037327197e+01,-4.041855370e+01,-6.076511055e+01,-6.865651547e+01,-6.716368628e+01,-5.874919711e+01,-4.705297481e+01,-3.411416989e+01,-2.205704015e+01,-1.550934706e+01,-8.530393340e+00,8.617275094e+00,2.887727206e+01,4.254747469e+01,4.271939319e+01,2.873758489e+01,1.507340875e+01,1.075120388e+01,9.956980476e+00,7.579627264e+00,5.196282219e+00
-1.148593758e+01,-1.675411804e+01,-1.433891663e+01,-5.382418434e+00,7.223878009e-02,3.163348419e+00,9.169566970e+00,1.829837300e+01,2.534899078e+01,1.874118855e+01,1.048484443e+00,1.412399786e+01,3.741299334e+01,5.133966952e+01,5.054946559e+01,3.596996238e+01,1.472989980e+01,1.221289108e+00,4.532869006e+00,1.210020382e+01,-6.096316042e-03,-3.118503669e+01,-3.141600565e+01,-2.882447244e+01,-3.411101377e+01,-3.986037139e+01,-2.123604443e+01,5.527999446e-01,1.044586529e+01,1.337536454e+01,1.315170468e+01,1.507682243e+01,1.475441912e+01,3.316688890e+00,-1.396173219e+01,-3.180666864e+01,-4.311358493e+01,-4.429016886e+01,-3.714085214e+01,-2.271950542e+01,4.954655583e+00,3.095807602e+01,3.884388190e+01,3.286758207e+01,1.528279505e+01,-5.456650052e+00,-7.853797316e+00,1.879654162e+01,2.226344632e+01,-4.031127244e+00,-3.772218697e+01,-6.601921267e+01,-7.948409273e+01,-7.566415340e+01,-5.664375664e+01,-2.984151390e+01,-5.657274436e+00,4.584369124e+00,-9.900984517e+00,-3.681939354e+01,-1.767518712e+01,5.507369804e+00,2.314473323e+01,2.988618208e+01,2.867399598e+01,3.007481906e+01,3.712274761e+01,3.935294139e+01,2.960817078e+01,2.029815002e+01
-4.158837006e+00,-6.066343787e+00,-5.016281210e-01,7.409525031e+00,7.478902510e+00,5.486434969e+00,9.569088232e+00,1.834898915e+01,2.368975868e+01,2.104435923e+01,1.761942406e+01,2.557037856e+01,4.015121955e+01,4.908296831e+01,4.738755933e+01,3.717070379e+01,2.167427610e+01,4.642977781e+00,-3.232840768e+00,9.519179879e+00,-1.114395745e+01,-2.960116550e+01,-2.478752432e+01,-1.608990492e+01,-9.169641259e+00,-3.522448719e+00,2.008910815e+00,5.754272020e+00,9.267352105e+00,1.221720031e+01,1.528537215e+01,2.556620516e+01,3.263806497e+01,2.627935172e+01,1.114660531e+01,-8.670617876e+00,-2.742331312e+01,-4.114891485e+01,-4.441735221e+01,-2.576916889e+01,1.082095273e+01,5.417199329e+01,5.446350621e+01,4.068114456e+01,1.575665868e+01,-1.326663335e+01,-3.306096082e+01,-2.127520743e+00,2.271900784e+01,1.910964016e+00,-2.950262920e+01,-5.938639445e+01,-7.725380666e+01,-7.594538664e+01,-5.397176560e+01,-1.879675302e+01,1.502314977e+01,2.397227836e+01,-5.761011113e+00,-3.514569697e+01,-2.838079042e+01,-4.779547197e+00,1.468985663e+01,2.469536858e+01,2.830584387e+01,3.535634131e+01,4.715472628e+01,5.209961159e+01,3.971405653e+01,2.722633166e+01
2.423127843e+00,3.534528167e+00,1.034610368e+01,1.406202567e+01,7.339353819e+00,1.238860426e+00,1.967277566e+00,7.396255807e+00,1.411939797e+01,2.186554522e+01,2.983023140e+01,3.668007880e+01,4.154822858e+01,4.112429624e+01,3.414796047e+01,2.632155242e+01,2.409399934e+01,2.428629738e+01,1.041377786e+01,-5.922286023e+00,-2.218898792e+01,-3.685004210e+01,-3.571692232e+01,-1.979566540e+01,-2.227652179e+00,9.671335812e+00,1.673349500e+01,2.343644808e+01,3.057594427e+01,3.576639319e+01,3.996978979e+01,4.974823692e+01,6.353004219e+01,6.730597056e+01,4.909893097e+01,1.671117026e+01,-1.605552420e+01,-4.016670213e+01,-5.037135094e+01,-4.233189950e+01,-1.670818202e+01,1.882297307e+01,4.213594926e+01,2.966573625e+01,6.766871733e+00,-1.727123581e+01,-3.294703901e+01,-2.969199802e+01,1.189812447e+01,4.211396231e+00,-1.919759863e+01,-4.332247941e+01,-6.191873104e+01,-6.462046592e+01,-4.627380446e+01,-1.384488912e+01,1.672272647e+01,1.432737311e+01,-1.553227009e+01,-3.475397571e+01,-2.215079130e+01,-2.699155715e-01,1.673310294e+01,2.108622542e+01,1.885612230e+01,2.709058709e+01,3.937632595e+01,4.353883429e+01,3.495748517e+01,2.396542102e+01
5.023931609e+00,7.328225718e+00,1.255464892e+01,1.091370162e+01,3.991368800e+00,1.225299472e-01,-1.617456543e+00,-3.766405101e+00,2.667462970e+00,2.004198499e+01,3.526771926e+01,4.126631912e+01,3.835631045e+01,3.054098991e+01,2.050174730e+01,1.668553661e+01,2.606312372e+01,3.255430116e+01,1.414315359e+01,-7.595598473e+00,-2.737373689e+01,-4.443269745e+01,-5.069159782e+01,-3.011860736e+01,-5.973801303e+00,1.290721717e+01,2.929339484e+01,4.479289988e+01,5.653708329e+01,6.376445013e+01,6.538233244e+01,6.965733346e+01,8.121696944e+01,9.136394458e+01,6.613513588e+01,2.216561293e+01,-1.330302911e+01,-3.556580086e+01,-4.867360197e+01,-5.129845208e+01,-3.876600732e+01,-1.289831358e+01,1.576362035e+01,1.711761595e+01,3.178694903e+00,-1.443212521e+01,-2.907232116e+01,-3.356403967e+01,-9.519790697e+00,1.406363844e+01,-5.009843105e+00,-2.310201122e+01,-3.600490844e+01,-4.022967205e+01,-3.257150192e+01,-1.308830677e+01,-2.024774450e+00,-1.248514667e+01,-2.651440491e+01,-2.172547087e+01,-4.483844736e+00,1.478268590e+01,4.700068468e+00,-8.303697173e+00,-1.074627306e+01,-5.562222514e+00,1.033570768e+01,2.139897003e+01,2.048317762e+01,1.404242820e+01
3.333785625e+00,4.862871443e+00,7.852927486e+00,8.468039847e+00,9.351022844e+00,1.004132229e+01,6.329843928e+00,-3.711640114e+00,-4.843439619e+00,2.000777519e+01,2.838394292e+01,1.947113613e+01,8.080939765e+00,3.064638235e+00,5.099628126e+00,1.155091104e+01,2.538013725e+01,2.425666188e+01,6.221552165e+00,-1.564152028e+01,-3.274234617e+01,-4.542958448e+01,-5.646984822e+01,-3.993113880e+01,-1.369136831e+01,6.577884986e+00,2.347328649e+01,3.723558178e+01,4.971618708e+01,6.694808837e+01,7.403070690e+01,7.224364424e+01,7.175000776e+01,6.226349955e+01,3.494826486e+01,4.394142406e+00,-3.638772749e+00,-1.419695922e+01,-3.367162749e+01,-4.934434022e+01,-2.730427628e+01,1.017398328e+01,3.612385481e+01,4.321141751e+01,2.397110526e+01,-3.469414675e+00,-2.862392912e+01,-3.814818871e+01,-1.993816250e+01,1.241732479e+01,1.840830465e+01,5.696664843e+00,-1.416685673e+00,-1.096829591e+01,-2.394439522e+01,-2.970095728e+01,-2.810431623e+01,-2.679895274e+01,-1.734107226e+01,-8.845202341e-01,1.758662064e+01,1.341280767e+01,-6.666870806e+00,-1.203339730e+01,-8.168337213e+00,-5.286830266e+00,-8.599896564e+00,-1.320962582e+01,-7.643278796e+00,-5.239919103e+00
3.578459844e+00,5.219768799e+00,1.058880669e+01,1.593743879e+01,1.997053877e+01,1.949615489e+01,1.136853299e+01,-1.206219845e+00,-2.786896823e+00,1.319976632e+01,6.556464982e+00,-7.850282348e+00,-2.447737530e+01,-2.535220421e+01,-8.970209489e+00,-4.581591366e+00,1.418060494e+00,4.799666460e+00,-9.062946683e+00,-2.680998034e+01,-3.611217262e+01,-4.005656705e+01,-4.591377950e+01,-4.712314726e+01,-2.925922915e+01,-1.875965185e+01,-2.037422843e+01,-1.478197922e+01,1.016645508e+01,3.720228961e+01,4.613803937e+01,4.110718395e+01,3.290694083e+01,1.232525539e+01,-2.333974487e+01,-5.481292766e-01,2.172922560e+01,1.059956528e+01,-2.439795566e+01,-5.688045096e+01,-2.550279385e+01,2.692693225e+01,5.871441885e+01,7.187728324e+01,5.835173062e+01,1.449919626e+01,-2.601337680e+01,-4.239653729e+01,-3.360371145e+01,-1.689730986e+01,-4.912874775e+00,2.792366829e+00,-1.598309463e+00,-1.967889846e+01,-4.151556975e+01,-4.688827273e+01,-3.908587862e+01,-2.713157081e+01,-5.705468145e+00,1.910782139e+01,2.724307226e+01,1.386707003e+00,-1.321675937e+01,-1.402726383e+01,-7.845560952e+00,-3.451536466e+00,-5.925534882e+00,-1.183812511e+01,-1.348756763e+01,-9.246524325e+00
8.808571103e+00,1.284874125e+01,1.955986249e+01,2.485255830e+01,2.643640492e+01,2.075829985e+01,7.715362431e+00,-3.563066488e+00,1.114593772e+01,7.258259960e+00,-1.293669217e+00,-1.389722880e+01,-2.743680944e+01,-2.687040358e+01,-1.070034832e+01,-8.575159735e+00,-1.530122506e+01,-1.600183497e+01,-2.349465946e+01,-3.109230650e+01,-2.934375706e+01,-2.548394431e+01,-2.746863749e+01,-3.371896035e+01,-3.225613657e+01,-2.870770852e+01,-3.139960201e+01,-3.093224079e+01,-1.088882097e+01,1.978354331e+00,-6.788296744e+00,-1.707732819e+01,-2.292661030e+01,-3.562827256e+01,-1.940712210e+01,3.106803518e+01,5.153031417e+01,2.853231342e+01,-2.492880644e+01,-7.300328110e+01,-3.564094565e+01,2.575337522e+01,6.223725519e+01,6.768425028e+01,6.353874347e+01,3.700321771e+01,-1.728525556e+01,-4.099920882e+01,-4.558822788e+01,-4.653848422e+01,-4.660975760e+01,-3.917482426e+01,-3.997202773e+01,-5.546695559e+01,-6.696115951e+01,-5.369761861e+01,-4.156315745e+01,-2.647691747e+01,6.234131062e-01,2.794278386e+01,8.366311404e+00,-1.608517562e+01,-2.372009199e+01,-1.888563132e+01,-1.054014231e+01,-5.657032047e+00,-7.706391553e+00,-1.279394266e+01,-1.386309069e+01,-9.503967560e+00
1.267930361e+01,1.849483752e+01,2.556452911e+01,2.930484990e+01,2.773021252e+01,1.897776939e+01,8.013482111e+00,1.292156266e+01,2.203332336e+01,1.188184470e+01,4.423441782e+00,-2.760956830e+00,-1.444931585e+01,-2.834124239e+01,-2.802069123e+01,-2.959576001e+01,-3.617282577e+01,-3.782834577e+01,-3.974956857e+01,-2.223195434e+01,-9.380646192e+00,-6.467650361e-01,-1.167896170e+00,-8.234317418e+00,-1.034831800e+01,-6.008599332e+00,-6.707427257e-01,3.318773898e+00,-2.956344485e+00,-3.301937137e+01,-6.458787132e+01,-7.715997809e+01,-6.564247578e+01,-2.702506702e+01,3.018767699e+01,7.287674420e+01,7.995934059e+01,4.237044469e+01,-2.493193017e+01,-7.849388995e+01,-4.097365248e+01,1.822542400e+01,5.265399178e+01,4.667113607e+01,2.726598288e+01,1.467339007e+01,-1.063404011e+01,-3.414290978e+01,-4.877194235e+01,-6.193090246e+01,-6.853858754e+01,-6.338751912e+01,-6.747844187e+01,-7.541786086e+01,-6.254416627e+01,-4.193654778e+01,-2.905290897e+01,-1.886434424e+01,3.350789501e+00,1.779044745e+01,-1.280294048e+01,-3.678600123e+01,-3.351254300e+01,-1.957147029e+01,-7.299846469e+00,-1.971703718e+00,-4.405060583e+00,-9.649770357e+00,-1.123059325e+01,-7.699235062e+00
1.335288156e+01,1.947736110e+01,2.644087109e+01,2.954142904e+01,2.759257698e+01,2.247798536e+01,2.331570971e+01,3.783518731e+01,3.727485584e+01,2.427179800e+01,2.004983443e+01,2.035046311e+01,1.106473949e+01,-1.625596334e+01,-5.029303622e+01,-6.360958645e+01,-7.079168334e+01,-7.203111767e+01,-4.867588547e+01,-1.467847204e+01,1.094293949e+01,2.510957994e+01,2.602619982e+01,2.100299975e+01,2.195572954e+01,2.994589670e+01,3.919055947e+01,3.997718801e+01,-3.677922551e+00,-6.323667353e+01,-1.004594682e+02,-1.018383930e+02,-5.981712693e+01,1.182741058e+01,7.954944337e+01,1.068568296e+02,9.938737429e+01,5.292456035e+01,-1.755521498e+01,-6.576577350e+01,-3.859595138e+01,1.008186792e+01,3.745547824e+01,2.005513952e+01,-9.116879420e+00,-2.569921003e+01,-3.147837078e+01,-2.452407347e+01,-3.571107992e+01,-4.972758470e+01,-5.633568973e+01,-5.686641861e+01,-5.956906125e+01,-5.387614028e+01,-3.264212386e+01,-8.159689857e+00,4.517737026e+00,7.901525036e+00,1.918057826e+01,8.766372367e+00,-3.275076202e+01,-5.120800167e+01,-3.277703854e+01,-1.131807685e+01,4.165917395e+00,9.398997874e+00,5.927454675e+00,-3.820218164e-01,-3.952702747e+00,-2.709811220e+00
1.093386720e+01,1.594883311e+01,2.340950799e+01,2.855938949e+01,2.960594093e+01,3.109780982e+01,4.006194902e+01,5.497560131e+01,5.089110175e+01,3.893760886e+01,3.954879062e+01,4.745529342e+01,3.955651933e+01,3.789777745e+00,-3.728922610e+01,-6.693952867e+01,-8.128660593e+01,-7.611831924e+01,-4.526836557e+01,-4.689723122e+00,2.767341303e+01,4.375487828e+01,4.305665506e+01,3.908639022e+01,4.529099778e+01,6.000362293e+01,6.857015796e+01,2.517302772e+01,-3.352118668e+01,-7.114294445e+01,-7.305198746e+01,-6.979500394e+01,-2.894495985e+01,5.111624032e+01,1.030208436e+02,1.063201376e+02,9.428983862e+01,5.082896910e+01,-1.079272011e+01,-5.033229648e+01,-3.647099040e+01,1.271911415e+00,2.151255423e+01,-6.195352744e+00,-4.026737297e+01,-5.810022177e+01,-5.530587027e+01,-1.597491207e+01,-6.347364358e+00,-1.395845853e+01,-2.326423406e+01,-2.860689249e+01,-2.659437613e+01,-1.470286854e+01,9.100721931e+00,3.634856092e+01,4.916796323e+01,3.995005875e+01,2.140775979e+01,-9.590034453e+00,-4.348174597e+01,-4.961519013e+01,-2.984858720e+01,-6.998267452e+00,8.100504985e+00,1.199753650e+01,8.480531762e+00,3.506891025e+00,3.220399803e-01,2.207774294e-01
6.921339002e+00,1.009590465e+01,1.926229634e+01,2.960173230e+01,3.590882771e+01,4.104848005e+01,5.034911202e+01,6.222386413e+01,5.912550103e+01,5.119805801e+01,5.653881420e+01,6.917504102e+01,6.102268799e+01,2.393551733e+01,-1.697741873e+01,-4.879793385e+01,-6.536952537e+01,-5.888168520e+01,-2.499858506e+01,1.821833461e+01,5.010181158e+01,6.040036278e+01,5.043238446e+01,3.947453065e+01,4.237865984e+01,5.119155311e+01,2.497998757e+01,-2.609337597e+01,-7.695576160e+01,-6.275459364e+01,-4.454826627e+01,-3.560567622e+01,1.323780092e+00,5.874232707e+01,7.541215713e+01,8.282954744e+01,6.973140270e+01,2.908279993e+01,-2.157315380e+01,-5.259642613e+01,-4.566088890e+01,-1.062230196e+01,1.028383387e+01,-2.610287185e+01,-6.097765581e+01,-7.855276981e+01,-6.659973345e+01,-1.783621802e+01,1.121955809e+01,1.373272483e+01,3.216744857e+00,-3.556173661e+00,3.512232032e+00,1.825214162e+01,3.835608018e+01,5.787498139e+01,4.661567781e+01,1.904524470e+01,-7.576796257e+00,-3.439192796e+01,-5.852496625e+01,-5.883332743e+01,-3.800239793e+01,-1.565432975e+01,-4.360713397e+00,-7.152525166e+00,-1.346678841e+01,-1.410310401e+01,-1.044380193e+01,-7.159843136e+00
4.040693828e+00,5.894012645e+00,1.802828727e+01,3.523436443e+01,4.741409450e+01,5.264314078e+01,5.680069297e+01,6.394477306e+01,6.248628276e+01,5.988097315e+01,6.817461715e+01,8.108101498e+01,7.209490449e+01,3.723075255e+01,-6.538410647e-01,-3.112978926e+01,-4.721983164e+01,-3.488816362e+01,7.977128046e+00,5.390307060e+01,7.944012369e+01,7.483529808e+01,4.898786520e+01,2.510381091e+01,1.752501650e+01,1.176166005e+01,-2.554415451e+01,-7.739751236e+01,-8.241704587e+01,-6.126427478e+01,-3.518499118e+01,-1.423930001e+01,2.199386460e+01,3.670921892e+01,5.713229045e+01,6.720032440e+01,4.886270690e+01,2.042490529e+00,-4.651483219e+01,-6.434424455e+01,-5.276391525e+01,-2.220596182e+01,1.006603220e+01,-2.497437082e+01,-5.244743032e+01,-6.182310715e+01,-5.079245410e+01,-1.943870401e+01,1.099758995e+01,1.949657229e+01,1.097495170e+01,7.251721230e+00,1.971230075e+01,3.509102505e+01,4.063331282e+01,3.047198742e+01,9.477789279e+00,-1.184111291e+01,-3.055593556e+01,-4.819618284e+01,-6.704992520e+01,-7.169363090e+01,-4.979479102e+01,-2.763956024e+01,-1.978862059e+01,-3.223508237e+01,-4.572219250e+01,-4.299151492e+01,-3.055390455e+01,-2.094650639e+01
4.852836263e+00,7.078655181e+00,2.318179403e+01,4.675743177e+01,6.364800142e+01,6.591682058e+01,5.909030526e+01,6.469217891e+01,6.555503631e+01,6.750354622e+01,7.623618208e+01,8.524203735e+01,7.202410778e+01,3.699776245e+01,5.050408558e-01,-2.924454230e+01,-3.763594191e+01,-9.721712943e+00,2.517932067e+01,4.385467787e+01,5.387599010e+01,6.009612801e+01,3.706481714e+01,7.782583909e+00,2.255688159e+00,-8.572607083e-01,-3.093911101e+01,-6.135922221e+01,-7.072522814e+01,-6.410860761e+01,-4.379412278e+01,9.670199649e+00,4.055990013e+01,5.131192196e+01,6.545618766e+01,7.297937479e+01,5.026332063e+01,-2.174427595e-01,-2.673605256e+01,-3.080745398e+01,-2.733948239e+01,-1.117139711e+01,8.903085148e+00,-1.246325189e+00,-1.520103572e+01,-1.828821617e+01,-1.572767876e+01,-9.471943064e+00,9.877392258e+00,2.459525773e+01,2.431594259e+01,2.660882966e+01,4.194591173e+01,5.586914730e+01,5.175552249e+01,2.945757928e+01,3.412116433e+00,-1.414369833e+01,-2.142159135e+01,-2.251555305e+01,-2.733665828e+01,-4.246807501e+01,-5.318060888e+01,-3.238473962e+01,-2.561525017e+01,-4.642408914e+01,-6.671335934e+01,-6.235137207e+01,-4.524507625e+01,-3.101817240e+01
9.554583136e+00,1.393692178e+01,3.389804663e+01,6.166408603e+01,8.157596418e+01,6.403413932e+01,5.525060326e+01,6.415633288e+01,7.145995750e+01,7.698727566e+01,8.432775990e+01,8.667995309e+01,6.363681253e+01,2.627828949e+01,-4.500117713e+00,-9.262392148e+00,-1.631732818e+00,6.914960131e+00,1.286379362e+01,1.386677059e+01,1.448203225e+01,1.787132511e+01,2.632802249e+01,2.563369037e+01,3.679016873e+01,4.294966712e+01,1.958770881e+01,-2.046491104e+01,-4.918235931e+01,-6.203310839e+01,-4.349241854e+01,3.506817682e+01,7.208231556e+01,7.498389398e+01,7.374885893e+01,6.444773129e+01,4.852072856e+01,2.860077148e+01,1.176049104e+01,-1.007140340e+00,-6.841177042e+00,-1.676355558e+00,1.053933399e+01,1.946226440e+01,2.581822175e+01,3.203958557e+01,2.795809731e+01,9.853830343e+00,7.534983783e+00,3.602725819e+01,5.027572323e+01,5.780473342e+01,6.981305414e+01,7.615828078e+01,6.374881724e+01,3.661086716e+01,1.122658487e+01,1.467649013e-01,5.106157968e+00,1.817134836e+01,2.773656235e+01,2.108955587e+01,-3.450761738e+00,-1.265222281e+01,-1.221054828e+01,-4.168042287e+01,-6.946037218e+01,-6.727439920e+01,-5.032444389e+01,-3.450037895e+01
1.631444677e+01,2.379728820e+01,4.518290895e+01,7.199378805e+01,7.346343367e+01,5.529000357e+01,5.069205041e+01,6.382244045e+01,7.818041594e+01,8.758865811e+01,9.337736436e+01,8.670783854e+01,5.213473632e+01,2.276688649e+01,2.348137587e+01,3.506059957e+01,3.343989680e+01,2.448329639e+01,1.207157494e+01,-1.970584024e+00,-1.367248271e+01,-1.459159442e+01,3.478115866e+01,5.987006812e+01,7.241224589e+01,7.906861634e+01,6.263316977e+01,1.780489277e+01,-2.473777847e+01,-5.276266010e+01,-3.090632478e+01,4.766555392e+01,8.160987252e+01,7.515377333e+01,5.902171346e+01,3.857237636e+01,2.819708023e+01,3.712272338e+01,3.473512177e+01,2.169041466e+01,1.261943485e+01,1.063721330e+01,1.481278479e+01,2.863314505e+01,5.424273920e+01,6.498551269e+01,4.606546594e+01,1.024967213e+01,-2.058476782e+01,2.813133165e+01,7.015759130e+01,8.366355299e+01,8.381567180e+01,7.511690919e+01,5.347458945e+01,2.463950278e+01,2.969498713e+00,-2.420110641e+00,9.941344192e+00,2.933267550e+01,4.757558410e+01,5.327653618e+01,2.801614197e+01,1.496742213e+01,1.196262566e+01,-2.384546170e+01,-5.378452227e+01,-5.620728907e+01,-4.314084360e+01,-2.957559662e+01
2.446995126e+01,3.569342502e+01,5.348607215e+01,6.372101447e+01,5.277712967e+01,4.285572149e+01,4.515844911e+01,6.204923117e+01,8.188797219e+01,9.497362146e+01,9.928516706e+01,7.663665833e+01,4.012141244e+01,3.071376183e+01,5.162746376e+01,6.882808767e+01,6.326681256e+01,4.510166013e+01,2.214678171e+01,-2.363210425e+00,-2.525335515e+01,-2.531974525e+01,2.777999080e+01,5.868277362e+01,7.366631510e+01,7.884929983e+01,7.063055755e+01,3.566667612e+01,-8.231706472e+00,-4.193140434e+01,-2.141894259e+01,3.684443991e+01,6.409018836e+01,5.813734011e+01,3.694720236e+01,1.244768279e+01,3.634164873e+00,2.037941285e+01,4.197070318e+01,3.905095079e+01,2.394892239e+01,1.126964022e+01,7.699263341e+00,2.284296134e+01,5.357875439e+01,4.864845974e+01,3.022176935e+01,-3.193293860e+00,-4.758718981e+01,-2.836349558e-01,4.894010976e+01,6.830333766e+01,6.304464874e+01,4.471833458e+01,1.973576338e+01,-5.226839751e+00,-2.079411156e+01,-2.937119380e+01,-1.929259940e+01,9.421549369e+00,3.391773258e+01,4.302431996e+01,3.275985114e+01,2.711247620e+01,2.599917007e+01,-4.689652787e+00,-2.445754633e+01,-2.819043629e+01,-2.228323426e+01,-1.527647336e+01
3.505174186e+01,5.112869684e+01,5.994806745e+01,4.751648429e+01,3.273223111e+01,3.094037946e+01,3.873929215e+01,5.674520526e+01,7.940209638e+01,9.348441497e+01,8.910853962e+01,5.499456317e+01,2.856400095e+01,4.130064203e+01,6.969991660e+01,8.503495785e+01,7.746837058e+01,5.756228255e+01,3.393624090e+01,7.200118891e+00,-2.254770478e+01,-2.307407567e+01,3.234429900e+00,2.735370857e+01,4.455686266e+01,5.134842736e+01,4.696015556e+01,2.662690618e+01,-6.626912294e+00,-3.464603431e+01,-1.365292004e+01,2.715053292e+01,4.885702567e+01,4.102324162e+01,1.240259251e+01,-1.900555828e+01,-2.336454681e+01,1.839808343e+00,4.243259396e+01,4.125118062e+01,4.585440379e+00,-2.080369406e+01,-2.668545676e+01,-5.165756837e+00,2.778950286e+01,2.734507233e+01,1.485700952e+01,-1.250574049e+01,-5.467586416e+01,-1.766918029e+01,2.657676826e+01,3.691257031e+01,2.210512287e+01,-6.860496941e-01,-1.870400381e+01,-2.551558445e+01,-2.509061790e+01,-3.023427817e+01,-3.254614114e+01,-1.153770245e+01,2.026446091e+01,3.966062718e+01,3.402304176e+01,3.460179966e+01,3.469703744e+01,1.664156745e+01,8.562209379e+00,5.538004513e+00,3.677211682e+00,2.520945821e+00
4.439876212e+01,6.476285424e+01,6.667376861e+01,4.400205541e+01,2.374803406e+01,2.533133040e+01,3.321218779e+01,4.700887182e+01,6.785922175e+01,7.605983128e+01,5.910887238e+01,2.706136157e+01,2.449051527e+01,5.552392915e+01,8.116939965e+01,8.584188589e+01,7.161892098e+01,5.185721831e+01,3.700389517e+01,1.395947817e+01,-1.539778098e+01,-2.413771368e+01,-1.997604091e+01,-6.082370988e+00,1.126444191e+01,2.187492769e+01,1.870590342e+01,3.282992524e+00,-1.792040119e+01,-2.596075143e+01,-6.074740327e+00,2.039341096e+01,3.129308042e+01,1.294693323e+01,-2.756721396e+01,-5.474658893e+01,-4.043284490e+01,-5.799697704e+00,4.562531449e+01,1.939183833e+01,-2.797426999e+01,-5.750802405e+01,-6.044506198e+01,-2.698387288e+01,9.712575113e+00,1.101832183e+01,2.444130441e+00,-1.905148297e+01,-5.697136646e+01,-1.723558330e+01,1.714080292e+01,1.636426258e+01,-8.254668232e+00,-3.701439554e+01,-3.025720570e+01,-1.914125860e+01,-2.268243489e+01,-3.392540554e+01,-3.675903987e+01,-2.121795747e+01,5.579984177e+00,3.172899892e+01,2.862038564e+01,3.695255454e+01,4.449250789e+01,3.944662459e+01,3.852505095e+01,3.476830463e+01,2.566609389e+01,1.759562346e+01
4.588679505e+01,6.693339357e+01,6.911291473e+01,4.684653217e+01,2.643465057e+01,2.940311965e+01,3.261972254e+01,3.035092804e+01,3.975438187e+01,4.196335225e+01,2.363485754e+01,5.055785091e+00,3.505732099e+01,6.866394803e+01,8.272684754e+01,7.449437026e+01,5.291077703e+01,3.137451950e+01,1.817705846e+01,-7.044139665e+00,-2.117833904e+01,-2.780256081e+01,-2.740316909e+01,-1.799929096e+01,-2.112271543e+00,6.779212300e+00,-6.353518164e+00,-1.947048706e+01,-2.308910089e+01,-1.730586468e+01,-4.916690533e+00,5.942439186e+00,7.322865287e-01,-3.033316540e+01,-7.392995843e+01,-6.865195609e+01,-4.507139279e+01,-1.219798766e+01,2.933262097e+01,-5.913538256e+00,-4.594282729e+01,-6.846011998e+01,-6.203709470e+01,-1.848078362e+01,3.774598667e+00,-1.744861228e+00,-8.825800922e+00,-2.566405945e+01,-5.771786854e+01,-8.295828744e+00,1.546993825e+01,6.039277727e+00,-2.243870108e+01,-4.135484131e+01,-2.848843078e+01,-2.995415601e+01,-3.920365017e+01,-4.859181571e+01,-4.742619542e+01,-3.134000978e+01,-9.850435058e+00,3.280805815e+00,1.133724252e+01,3.402970481e+01,5.834049774e+01,5.840160677e+01,5.809564621e+01,5.098707515e+01,3.635800645e+01,2.492556109e+01
3.966877989e+01,5.786340174e+01,5.898921306e+01,3.871064305e+01,2.258926499e+01,2.961866283e+01,2.758460209e+01,4.361859348e+00,6.892073064e+00,9.075306340e+00,-3.092717537e+00,1.108523918e+01,4.516883661e+01,6.748631451e+01,6.983015604e+01,5.475135375e+01,3.221244263e+01,1.341354462e+01,-4.599297357e+00,-2.771857370e+01,-3.474248314e+01,-3.811251683e+01,-3.497182891e+01,-2.456265536e+01,-7.137768829e+00,-2.432262558e+00,-1.307370086e+01,-1.776186731e+01,-1.631737724e+01,-1.244547531e+01,-8.950090262e+00,-1.118075895e+01,-2.821290787e+01,-6.493904382e+01,-7.281277179e+01,-5.682551601e+01,-4.258940499e+01,-2.844439036e+01,-1.906496116e+01,-2.968129668e+01,-4.724285870e+01,-5.344471280e+01,-2.889694699e+01,7.343953412e+00,1.439659228e+00,-8.757863351e+00,-1.279555669e+01,-2.586863550e+01,-4.042903497e+01,-5.537984420e+00,9.223873437e+00,-5.527121901e+00,-3.453182854e+01,-3.193208689e+01,-4.105636289e+01,-6.041701479e+01,-5.940316883e+01,-6.325622460e+01,-6.224314018e+01,-4.894864726e+01,-3.098494875e+01,-1.954768716e+01,-2.300599661e+00,2.643202255e+01,5.213213358e+01,5.773457717e+01,5.381191879e+01,4.220490443e+01,2.667921417e+01,1.829017726e+01
2.769634386e+01,4.039964616e+01,3.704959927e+01,1.542676654e+01,7.334143125e-01,1.033315584e+01,1.056769399e+01,-1.103476467e+01,-7.653418264e+00,-4.792796548e+00,-1.373200999e+00,2.074262985e+01,4.309280163e+01,5.339250549e+01,4.936916764e+01,3.550000915e+01,2.133235559e+01,1.352160834e+01,-5.621550004e+00,-3.360314048e+01,-5.258899001e+01,-5.578671657e+01,-5.431082003e+01,-2.767288973e+01,1.308213752e+01,2.377916716e+01,1.451957589e+01,3.274626741e+00,-6.249460434e+00,-1.357763159e+01,-1.944868216e+01,-2.770343918e+01,-4.112558911e+01,-4.451093417e+01,-3.682791901e+01,-3.296851174e+01,-3.299237075e+01,-3.463233398e+01,-3.670668310e+01,-3.410151319e+01,-3.715966151e+01,-2.613289300e+01,1.027002722e+01,2.804946572e+00,-1.075154609e+01,-1.316064642e+01,-5.792385104e+00,-9.495018141e+00,-2.475655662e+01,-1.034729870e+01,-5.095178819e+00,-2.344813539e+01,-1.590090048e+01,-1.380125544e+01,-3.442860880e+01,-5.561526479e+01,-6.148829754e+01,-7.127942330e+01,-7.745099639e+01,-6.647380252e+01,-4.397571814e+01,-2.334775641e+01,-2.879374786e+00,1.849346997e+01,3.030869632e+01,2.959401074e+01,2.112580704e+01,9.476162644e+00,1.102573050e+00,7.558789550e-01
1.424672244e+01,2.078117417e+01,1.192618843e+01,-1.312443603e+01,-3.142919759e+01,-1.554286391e+01,-8.312920754e+00,-7.124259976e+00,-1.295469240e-01,-8.156387866e-01,3.991611883e+00,1.870538855e+01,3.078137833e+01,3.348954007e+01,2.878826404e+01,2.410725407e+01,2.254519075e+01,2.926405273e+00,-2.194029984e+01,-4.687129043e+01,-5.305194135e+01,-4.044065440e+01,-1.684582992e+01,1.795778007e+01,5.627633742e+01,7.142042945e+01,5.639006160e+01,2.938307888e+01,1.255779556e+00,-2.241948639e+01,-4.183237258e+01,-3.933923602e+01,-2.135969010e+01,-1.315652798e+01,-1.084853764e+01,-1.317746428e+01,-1.274859354e+01,-2.722140377e+00,6.801157502e+00,3.181828957e+00,-4.375585037e+00,-6.666651705e-01,-9.378142320e+00,-2.376123523e+01,-3.154351814e+01,-2.356451250e+01,-1.576249415e+00,1.337447900e+01,-4.774493251e-01,-5.650212350e+00,-6.726160040e+00,2.889275302e+00,1.593472925e+01,6.857161034e+00,-1.728114918e+01,-3.615652661e+01,-5.030493573e+01,-6.933105140e+01,-7.212647181e+01,-4.601734201e+01,-1.857220583e+01,-2.310956382e+00,7.997525129e+00,1.332098487e+01,9.784765095e+00,3.880855611e+00,1.059262876e-01,-2.481534089e+00,-3.771870728e+00,-2.585840189e+00
4.062235721e+00,5.925435019e+00,-5.086004205e+00,-2.556649651e+01,-3.080056638e+01,-1.985307518e+01,-5.222557401e+00,1.380999331e+01,1.016389918e+01,4.579575723e-01,3.976593802e-02,8.601095955e+00,1.491994882e+01,1.403523722e+01,9.095876860e+00,4.399997109e+00,-6.459384514e+00,-2.550017259e+01,-4.605096100e+01,-5.258299389e+01,-4.015974225e+01,-1.306373011e+01,2.090479380e+01,5.285797007e+01,8.676432578e+01,1.095910899e+02,8.032585565e+01,3.865382236e+01,1.136686782e+00,-2.275892535e+01,-2.645271580e+01,-7.104426263e+00,-9.037909670e-01,-4.640989943e+00,-7.844130755e+00,-4.025731047e+00,1.314639241e+01,3.670882972e+01,4.778278635e+01,4.315108042e+01,2.697882563e+01,-2.619166027e+00,-2.563773446e+01,-4.535399792e+01,-5.405424613e+01,-4.308460782e+01,-1.204185712e+01,2.055979575e+01,2.446198166e+01,1.972653946e+01,2.027797368e+01,3.157848783e+01,3.808135241e+01,2.119674678e+01,-3.353371180e+00,-1.997751721e+01,-3.630161754e+01,-5.167333795e+01,-3.022052218e+01,4.276393790e+00,2.347538057e+01,2.509007086e+01,1.741852302e+01,2.726215519e+00,-1.214698207e+01,-5.533428272e+00,1.247375054e+01,1.670918197e+01,1.260255472e+01,8.639795693e+00
-1.582232779e+00,-2.307945220e+00,-1.105956007e+01,-2.021193290e+01,-1.937584806e+01,-1.061456666e+01,6.134082896e+00,2.548559269e+01,1.155905810e+01,-3.337004913e+00,-7.117946501e+00,-2.527580490e+00,8.401257172e-01,-1.321851140e+00,-7.252118052e+00,-1.215691861e+01,-1.894416872e+01,-3.059113239e+01,-4.036487777e+01,-4.059417306e+01,-2.570975712e+01,3.366829974e+00,3.735352446e+01,6.039149698e+01,8.164309685e+01,9.618721155e+01,6.282558140e+01,2.366748070e+01,-1.673297895e+00,-6.093279638e+00,9.763068365e+00,2.685003667e+01,1.623816603e+01,7.925004621e-01,-3.613471011e+00,1.057624409e+01,3.869893774e+01,5.986506679e+01,5.965531843e+01,5.080320375e+01,3.772908249e+01,8.896082157e+00,-2.550000006e+01,-5.684181091e+01,-7.470478272e+01,-6.930352998e+01,-2.695147836e+01,1.567699825e+01,2.915311790e+01,3.046098409e+01,3.618018868e+01,4.811143668e+01,4.711718764e+01,2.591709877e+01,3.720629253e+00,-9.457157064e+00,-2.304759053e+01,-2.309214169e+01,1.363123190e+01,4.590809142e+01,5.280099677e+01,3.769324100e+01,9.872610998e+00,-2.078178544e+01,-4.482423744e+01,4.408250596e+00,4.916110793e+01,4.959387683e+01,3.578806332e+01,2.453483141e+01
-5.567782242e+00,-8.121520792e+00,-1.770140842e+01,-2.061588283e+01,-1.787469956e+01,-9.309225489e+00,6.404788696e+00,1.545375204e+01,3.077922479e+00,-8.197397351e+00,-1.159185849e+01,-9.692258921e+00,-8.514424580e+00,-1.123761279e+01,-1.489763088e+01,-1.232675799e+01,-9.511929506e+00,-1.199184419e+01,-1.782199643e+01,-1.964480294e+01,-9.475552190e+00,1.319609215e+01,3.738526492e+01,4.437550782e+01,4.758934643e+01,4.749938778e+01,2.139457523e+01,8.016124462e-01,-2.647703868e+00,8.688814174e+00,3.002604572e+01,4.938319636e+01,3.353440526e+01,1.543741537e+01,1.823170602e+01,3.930355947e+01,6.181787404e+01,6.231622393e+01,4.920950393e+01,4.798954351e+01,5.544101526e+01,2.992716087e+01,-1.408362237e+01,-5.352657027e+01,-6.960617431e+01,-4.436608225e+01,-6.696175245e+00,9.889670531e+00,1.508962905e+01,2.769758491e+01,4.323175607e+01,5.500967178e+01,4.617329932e+01,2.434892516e+01,6.604467229e+00,-2.080565112e+00,-9.859583809e+00,1.601058846e+00,3.804465619e+01,6.282403010e+01,6.019743488e+01,3.364499423e+01,-9.183542603e+00,-3.803972972e+01,-2.960394655e+01,7.405312281e+00,5.546963121e+01,7.249063075e+01,5.497544057e+01,3.768891192e+01
6.226082497e+00,9.081759353e+00,3.535679428e+00,-1.090649972e+01,-1.612197495e+01,-1.256658178e+01,-7.665483671e+00,-1.072688660e+01,-1.499517443e+01,-1.586982611e+01,-1.414574666e+01,-1.173003872e+01,-1.034795658e+01,-1.198226443e+01,-1.264860222e+01,-5.744809949e+00,3.063611193e+00,5.488365017e+00,3.994375213e-01,-4.804532302e+00,-1.031505765e+00,1.288157878e+01,2.501830565e+01,2.033969137e+01,1.361674991e+01,1.905676506e+00,-1.598301643e+01,-1.630061815e+01,-5.347958627e+00,1.127794215e+01,2.853769466e+01,4.313328292e+01,4.684909400e+01,3.851142465e+01,5.337639575e+01,6.684208154e+01,7.051549221e+01,5.079419781e+01,3.435013184e+01,4.233511095e+01,7.251701069e+01,4.565828101e+01,3.402405154e+00,-1.629427940e+01,-6.170730892e-01,2.598909570e+01,2.803592348e+01,-8.797504281e+00,-7.754225175e+00,2.275624281e+01,5.005641329e+01,5.709970411e+01,4.023855971e+01,2.116537008e+01,1.039472531e+01,8.887938627e+00,8.290218055e+00,2.090047639e+01,4.808564389e+01,6.535897947e+01,5.906910615e+01,2.842315123e+01,-2.619810885e+01,-3.674341303e+01,-2.942689055e+01,-8.124102050e+00,2.520357611e+01,4.775639695e+01,4.694178771e+01,3.218136833e+01
1.776627303e+01,2.591501420e+01,3.555984573e+01,2.683641776e+01,1.082934126e+01,2.576913255e+00,-1.842587512e+01,-3.317340618e+01,-3.379460816e+01,-2.918145639e+01,-2.249601438e+01,-1.536155459e+01,-7.959415426e+00,-4.359682214e+00,-3.888822089e+00,1.176875408e+00,7.781765937e+00,8.063143108e+00,8.315666695e-01,-7.698195292e+00,-9.983855682e+00,-5.548598528e+00,-2.599633193e+00,-2.103754321e+00,3.023243099e+00,-4.178325002e+00,-2.321520681e+01,-1.899755055e+01,-6.459415166e+00,7.696777363e+00,1.550893308e+01,9.317565950e+00,2.893993283e+00,2.198580516e+01,3.484922403e+01,2.972112518e+01,2.625277379e+01,3.330499327e+01,1.793201923e+01,1.724690837e+01,2.489450789e+01,2.386779598e+01,1.960758488e+01,3.575831917e+01,6.148220576e+01,6.760781034e+01,2.767765039e+01,-3.529609920e+01,-1.724469648e+01,2.966546365e+01,6.685547787e+01,5.524555697e+01,3.098562540e+01,1.666199950e+01,1.453538990e+01,2.490234819e+01,3.162967833e+01,3.370240423e+01,4.794587275e+01,5.871051495e+01,5.196856015e+01,1.847515193e+01,-4.024821015e+01,-4.072938484e+01,-4.150270190e+01,-3.244813531e+01,-7.801025563e+00,1.610007963e+01,2.431594948e+01,1.667001971e+01
2.137368043e+01,3.117700774e+01,4.311414008e+01,4.565684333e+01,3.490840548e+01,2.319767861e+01,-1.396756511e+01,-4.198874897e+01,-4.204461863e+01,-3.615448547e+01,-3.014972449e+01,-2.260075501e+01,-8.407564606e+00,6.250705540e+00,1.118313705e+01,1.174219256e+01,9.196947080e+00,3.884341849e-02,-1.368568489e+01,-2.690907473e+01,-3.575835936e+01,-3.680367501e+01,-3.200993966e+01,-1.775718558e+01,1.042361376e+01,2.926193934e+01,2.663196844e+01,2.404366687e+01,2.537070389e+01,2.806899993e+01,1.989250390e+01,-7.502614887e+00,-2.115665380e+01,-5.131246467e+00,4.295682083e+00,-3.606260548e+00,-3.185131313e+00,2.712913356e+01,1.264671091e+01,-6.331976226e+00,-2.136239282e+01,-1.240588732e+01,2.856680045e+01,6.776917302e+01,8.534911575e+01,5.868472490e+01,2.932623655e+00,-4.690115456e+01,-4.419503402e+00,4.341754292e+01,7.454020903e+01,4.169933202e+01,1.941204658e+01,1.108865194e+01,1.199039854e+01,2.394578998e+01,2.794738361e+01,1.763305011e+01,2.206805685e+01,2.781382387e+01,2.055312691e+01,-1.435416424e+01,-4.202409208e+01,-4.314940511e+01,-5.046895124e+01,-5.171131322e+01,-3.533153053e+01,-1.124739793e+01,2.964379030e+00,2.032256931e+00
1.706954905e+01,2.489872835e+01,3.304008584e+01,3.236437904e+01,2.334923761e+01,1.766584334e+01,-1.024430023e+01,-3.310074525e+01,-2.967406456e+01,-2.176672392e+01,-1.873530012e+01,-1.774684011e+01,-6.026433309e+00,1.507060828e+01,2.981776673e+01,2.911046736e+01,1.572212017e+01,-6.387070714e+00,-2.993137002e+01,-1.719471364e+01,-7.022892041e+00,-4.967186633e+00,-8.280424296e+00,-1.127539697e+01,1.471099056e+01,4.665931777e+01,7.332972502e+01,8.724259323e+01,8.462511090e+01,8.218168419e+01,5.349337539e+01,3.400092853e+00,-2.887282051e+01,-2.849758384e+01,-2.013582308e+01,-1.088431931e+01,2.537663123e+01,5.161056562e+01,3.003398481e+01,-6.635483933e-01,-3.070269003e+01,-1.918082768e+01,3.978669554e+01,7.564306575e+01,6.019255675e+01,2.392079170e+01,-2.422636221e+01,-2.447960315e+01,8.497775712e+00,3.532573076e+01,3.982806690e+01,2.287377173e+01,1.611811269e+01,1.553554382e+01,1.035691450e+01,-5.406919013e+00,-2.794322075e+01,-3.947746083e+01,-3.967874124e+01,-3.727698728e+01,-4.222644006e+01,-4.198932532e+01,-2.892128949e+01,-3.326834240e+01,-4.432150699e+01,-5.239362240e+01,-4.959195737e+01,-3.058578715e+01,-1.297450885e+01,-8.894792219e+00
5.958994346e+00,8.692167614e+00,9.674655030e+00,3.558083544e+00,-4.654833753e+00,2.171132742e-02,8.895311346e-01,-1.061200438e+01,-7.643273660e+00,-6.253750114e-01,-3.337741014e+00,-9.633137168e+00,-2.705372205e+00,1.794580706e+01,3.539826097e+01,3.574220024e+01,1.769148452e+01,-1.005597069e+01,-2.077014928e+00,1.097489334e+01,1.298144881e+01,6.390138055e+00,-4.495112910e+00,-1.449746035e+01,6.243354946e+00,5.061259477e+01,8.362231089e+01,7.733750625e+01,6.179778272e+01,5.152139985e+01,4.495045189e+01,1.790169205e+01,-1.585165427e+01,-2.571037989e+01,-8.943848830e+00,2.640930876e+01,7.354704680e+01,8.310570002e+01,5.870767269e+01,2.512017638e+01,-5.795372552e+00,4.649176431e+00,3.550492849e+01,3.696883185e+01,2.223300467e+01,-5.175440988e+00,-1.875869115e+01,-3.818167710e+00,3.315035386e+00,5.110458247e+00,7.634358043e+00,1.978040541e+01,3.468195574e+01,4.100669414e+01,2.806232399e+01,-1.241643655e+01,-6.087314160e+01,-6.841335706e+01,-6.929050708e+01,-6.572524649e+01,-4.552689289e+01,-1.521675702e+01,-5.228687503e+00,-1.660041124e+01,-3.056296754e+01,-3.548598226e+01,-2.930190674e+01,-1.449890084e+01,-5.799577044e+00,-3.975952645e+00
-7.895313058e+00,-1.151660506e+01,-1.828028083e+01,-2.823862417e+01,-2.287135697e+01,-3.644502487e+00,5.755269111e+00,2.763847355e-01,1.537135533e+00,6.869940389e+00,1.075210898e+00,-8.025875092e+00,-3.928688044e+00,1.360853205e+01,2.728343589e+01,2.240863777e+01,1.465312600e-02,-9.448918952e+00,1.527289660e+01,2.457911228e+01,1.806549272e+01,7.696795952e-01,-1.960714528e+01,-2.825755505e+01,-5.282158074e+00,3.305628978e+01,4.287768818e+01,2.099555434e+01,-1.491642867e+00,-8.946895910e+00,-1.624987720e-01,1.087082429e+01,8.229102489e+00,6.149275236e+00,2.154737014e+01,5.763436761e+01,1.031855968e+02,1.107135304e+02,9.032462814e+01,5.863422465e+01,1.761456259e+01,-8.502640758e+00,3.578397337e+00,7.005597725e+00,1.097226476e+00,-4.783886482e+00,8.072863150e+00,-1.119968684e+00,-1.623178515e+01,-2.416636266e+01,8.306182223e-01,4.301963609e+01,6.843487047e+01,7.497010022e+01,5.938138726e+01,1.020497421e+01,-3.731387488e+01,-3.799561642e+01,-2.924965698e+01,-1.784235901e+01,1.180480123e+00,2.050618530e+01,1.675348573e+01,-6.796312443e+00,-2.508386341e+01,-2.174601468e+01,4.377398268e+00,3.165976012e+01,2.448862390e+01,1.678839823e+01
-1.894669526e+01,-2.763685303e+01,-3.965695660e+01,-4.750815363e+01,-2.187678147e+01,-1.323239590e+00,7.267105856e+00,-6.997566849e-01,-4.755758050e+00,1.533319060e+00,-6.331516504e-01,-7.774887358e+00,-5.876532499e+00,5.397352128e+00,1.128472836e+01,-5.739988317e-01,-2.232719045e+01,1.897041595e+00,2.292432847e+01,2.786035109e+01,1.659443436e+01,-4.338349458e+00,-2.397799631e+01,-2.772762362e+01,-1.267713740e+01,7.387802613e-01,-1.476779158e+01,-4.773900761e+01,-7.089543576e+01,-7.101682669e+01,-4.856043182e+01,-1.461462665e+01,1.269609191e+01,2.368167373e+01,3.331185472e+01,6.271754421e+01,1.013047111e+02,1.175036928e+02,1.103266353e+02,8.356461052e+01,1.269738723e+01,-4.233835646e+01,-2.899447454e+01,-1.443238991e+01,-1.117499649e+01,-1.564367684e+01,-1.106495862e+01,-2.109934692e+01,-3.644052807e+01,-2.531229119e+01,2.404514997e+01,7.316575997e+01,8.819381444e+01,8.364139038e+01,6.735612720e+01,3.199991656e+01,-5.203480707e+00,-3.062174084e+00,1.181811256e+01,2.788031042e+01,4.255391147e+01,4.618541373e+01,2.503429336e+01,-9.865386828e+00,-3.150279900e+01,-2.139098116e+01,1.627873919e+01,5.072334515e+01,4.301076206e+01,2.948641804e+01
-2.212068168e+01,-3.226663120e+01,-4.388713829e+01,-4.042856978e+01,-1.666512761e+01,2.610516854e+00,1.086359079e+01,-1.638859121e+00,-1.465494464e+01,-9.034173142e+00,-2.379658792e+00,-3.156342878e+00,-2.694801687e+00,-1.717928497e-01,-5.396520903e+00,-1.530738991e+01,-1.669635605e+00,1.485572856e+01,2.608908791e+01,2.509206719e+01,1.275037785e+01,-4.008025467e+00,-1.601175842e+01,-1.773500240e+01,-1.665302525e+01,-2.838688786e+01,-5.464055903e+01,-8.154064448e+01,-9.264820886e+01,-8.848218181e+01,-7.431882955e+01,-4.229333356e+01,-7.848999257e+00,1.387520732e+01,1.689433589e+01,4.023841442e+01,7.517293157e+01,9.438408298e+01,9.482868793e+01,7.216183436e+01,1.661423402e+01,-3.285952484e+01,-4.882265775e+01,-3.068329492e+01,-2.348169228e+01,-4.286327942e+01,-5.083538884e+01,-3.969221012e+01,-2.465000925e+01,1.750618271e+00,4.574735214e+01,8.604646788e+01,8.440968835e+01,6.621538831e+01,4.366442726e+01,1.719162298e+01,-1.046497376e-02,8.775684977e+00,2.868399129e+01,4.857076166e+01,5.932201332e+01,5.094839543e+01,1.941140926e+01,-2.099818411e+01,-4.451188621e+01,-3.259462825e+01,7.785299229e+00,4.210898915e+01,4.063843875e+01,2.786005028e+01
-1.630978835e+01,-2.379049314e+01,-3.111994083e+01,-3.037944692e+01,-1.075074400e+01,8.598228740e+00,1.587054548e+01,-2.709871876e+00,-1.939495331e+01,-1.896409642e+01,-1.028396387e+01,-3.874025086e+00,-4.657131792e-01,-7.299844758e-01,2.899239211e-01,8.640419275e+00,1.829541253e+01,2.636643214e+01,2.857232435e+01,2.176403346e+01,8.628625924e+00,-3.497825389e+00,-8.228229126e+00,-1.017580397e+01,-2.635922474e+01,-5.055572020e+01,-5.855394977e+01,-4.156849076e+01,-1.866569442e+01,-2.422828061e+01,-5.106818166e+01,-6.200027584e+01,-3.984211967e+01,-1.590145198e+01,-4.014348860e+00,2.378177548e+01,5.506312266e+01,6.783042671e+01,6.749124283e+01,5.762817654e+01,2.544840059e+01,-8.317473039e+00,-1.896509947e+01,-7.153928516e+00,-1.420209681e+01,-3.671545348e+01,-3.602014827e+01,-1.535920050e+01,5.258539555e+00,1.949190772e+01,3.956740374e+01,6.589760654e+01,7.018765244e+01,4.495797844e+01,1.538316938e+01,-9.975126930e+00,-1.683076120e+01,-4.484609320e+00,1.813838140e+01,4.178434597e+01,5.366501134e+01,4.301981096e+01,9.260536128e+00,-3.278621867e+01,-5.924807807e+01,-5.294034886e+01,-1.942801996e+01,1.126082449e+01,1.802118814e+01,1.235458899e+01
-7.154675152e+00,-1.043626358e+01,-1.518715444e+01,-2.226741074e+01,-5.974944858e+00,1.124520828e+01,1.631582817e+01,-6.694661328e+00,-1.819493251e+01,-1.770401678e+01,-1.488559622e+01,-1.293797697e+01,-1.028161099e+01,-5.069207988e+00,4.769270167e+00,1.660296643e+01,2.619306307e+01,3.192906339e+01,3.110306048e+01,2.149268432e+01,6.753431679e+00,-4.227050774e+00,-5.609717442e+00,-1.412329481e+01,-4.734611633e+01,-7.102920792e+01,-6.067789207e+01,-1.499347016e+01,3.416658281e+01,-1.380042405e+01,-6.793859924e+01,-8.558567297e+01,-6.336438041e+01,-2.664627576e+01,4.234866876e+00,3.648471164e+01,6.126636754e+01,5.352932379e+01,3.856632173e+01,3.454633328e+01,2.942220268e+01,1.130511602e+01,-1.848259053e+00,-2.566992890e+00,-1.678225781e-01,-8.590177118e+00,-3.849608306e-01,1.785282438e+01,2.494539507e+01,1.211296439e+01,-1.910900476e+00,-5.118676204e+00,-9.035592643e-01,-2.862938439e+00,-1.962536109e+01,-3.259909840e+01,-3.035049037e+01,-1.649300388e+01,6.660564753e+00,3.156279381e+01,4.495804337e+01,3.573183444e+01,3.534777717e+00,-3.815055662e+01,-6.819046021e+01,-7.177115385e+01,-5.068462475e+01,-2.463002343e+01,-9.750078107e+00,-6.684254480e+00
9.772768033e-01,1.425518013e+00,-1.822619384e+00,-1.260398411e+01,-1.144495123e+01,-5.376449922e+00,-6.184845425e+00,-3.083776800e+00,4.813089466e-01,-5.620132805e-01,-7.242133004e+00,-1.741988027e+00,-2.260220761e+00,-4.074743028e+00,3.418293205e+00,1.323074061e+01,2.128045109e+01,2.701212712e+01,2.827134145e+01,2.119642616e+01,7.235710508e+00,-3.405510348e+00,-3.965953597e+00,-2.618397771e+01,-6.191478493e+01,-8.235958915e+01,-6.657332105e+01,-1.100617774e+01,2.874879524e+01,-4.217162956e+01,-9.194098817e+01,-9.854696258e+01,-7.110222734e+01,-4.338061167e+01,-7.022985711e+00,3.939633098e+01,7.558479128e+01,4.667166278e+01,1.395032517e+01,1.257107059e+01,3.249808380e+01,2.053453537e+01,-3.205053652e+00,-2.182718303e+01,-1.318606839e+01,3.278472995e+01,4.143045345e+01,4.508086824e+01,2.662363264e+01,-1.539689206e+01,-5.790220602e+01,-8.270926349e+01,-8.232103750e+01,-6.427082469e+01,-5.175879735e+01,-5.102493984e+01,-4.116224146e+01,-2.138974968e+01,3.687359756e+00,2.726724107e+01,3.935769817e+01,3.192193901e+01,4.790039052e+00,-3.212725697e+01,-6.214929232e+01,-7.299209360e+01,-6.515479017e+01,-4.626829553e+01,-2.832634745e+01,-1.941938442e+01
5.681637137e+00,8.287596773e+00,4.821343238e+00,-8.465016151e+00,-1.971379746e+01,-1.940767493e+01,-7.757745470e+00,8.942606694e+00,1.224217687e+01,-2.824741295e+00,-9.622846343e+00,4.033128509e+00,9.144523761e+00,7.392601783e+00,7.114925637e+00,1.205320649e+01,1.676453406e+01,1.558529961e+01,1.171307799e+01,8.823125545e+00,9.368814803e+00,2.175175032e+01,1.884760218e+01,-7.860604511e+00,-4.356751370e+01,-6.913462536e+01,-6.643450531e+01,-2.444776457e+01,8.861007050e-01,-4.335261090e+01,-7.001074944e+01,-6.472406805e+01,-4.216638480e+01,-4.086256343e+01,-3.092946062e+01,1.938113163e+01,8.387737355e+01,4.097421555e+01,2.233629637e+00,5.909851415e+00,3.293134340e+01,1.281344449e+01,-2.170383558e+01,-4.809327815e+01,-2.785044954e+01,4.039082142e+01,6.712944247e+01,5.759961198e+01,2.291875122e+01,-2.374479262e+01,-5.591797748e+01,-6.770304209e+01,-6.588979096e+01,-5.675229382e+01,-5.089554354e+01,-5.832835935e+01,-5.886132074e+01,-3.174150917e+01,-3.780923805e+00,1.669626017e+01,2.614098160e+01,2.291305081e+01,7.762701103e+00,-1.550653451e+01,-3.761855406e+01,-3.975500906e+01,-4.091661316e+01,-4.328132050e+01,-2.980176738e+01,-2.043087193e+01
6.361143913e+00,9.278768513e+00,4.548237357e+00,-9.435292199e+00,-2.211567054e+01,-2.057517639e+01,-5.806313040e+00,7.493449928e+00,2.937642620e+00,-2.105959375e+01,-2.056625845e+01,4.513236130e-01,9.817158518e+00,9.512204357e+00,7.230475214e+00,6.808742046e+00,7.691078265e+00,5.532348575e+00,2.235145645e+00,8.390533536e+00,2.305985362e+01,3.203870806e+01,2.606573178e+01,5.195124449e+00,-2.339842513e+01,-4.512260997e+01,-5.283533060e+01,-5.172877686e+01,-2.723655541e+01,-2.127712455e+01,-1.802642889e+01,-5.379842409e+00,1.133082137e-01,-2.046305346e+01,-2.217565707e+01,1.552250485e+01,6.968137485e+01,4.348932956e+01,9.049844417e+00,1.106744384e+01,1.741355741e+01,-1.565496292e+01,-5.253989083e+01,-7.080617785e+01,-3.226247091e+01,3.737862265e+01,7.269660797e+01,6.738825962e+01,4.422058363e+01,2.108582403e+01,3.940638458e+00,-1.120548218e+01,-2.405682397e+01,-3.221651226e+01,-3.944854397e+01,-5.476326024e+01,-7.105642631e+01,-5.001449967e+01,-2.479095583e+01,-1.078464216e+01,-4.507255458e+00,-6.208893675e-02,4.546420581e+00,3.913014943e+00,-1.042591227e+01,-4.189308740e+00,-2.349229918e+00,-1.313869477e+01,-1.456684145e+01,-9.986430278e+00
3.868517381e+00,5.642865145e+00,-1.498194910e+00,-1.649651026e+01,-2.872860457e+01,-2.723621842e+01,-1.260878720e+01,3.206448514e-01,-3.827871758e+00,-2.559304604e+01,-1.789835292e+01,3.944774225e+00,1.231726011e+01,1.077506560e+01,5.132960716e+00,-5.498643823e+00,-1.830347523e+01,-3.824353523e+00,1.378341098e+01,2.433102898e+01,2.395954531e+01,1.863201418e+01,1.163959836e+01,-5.532314769e-01,-1.485444939e+01,-2.468551124e+01,-3.604550484e+01,-5.875480809e+01,-6.111341039e+01,-1.910091235e+01,1.835923032e+01,4.546302078e+01,2.381761244e+01,-8.623115489e-01,6.703921486e+00,3.801174209e+01,6.995955165e+01,5.101922944e+01,2.350199845e+01,1.752318163e+01,-1.279234666e+01,-5.392194062e+01,-8.026932282e+01,-7.405872270e+01,-1.685242471e+01,4.994993908e+01,8.140089334e+01,8.590735140e+01,8.379006555e+01,7.928939716e+01,6.995836117e+01,5.161560148e+01,2.733921643e+01,4.847660731e+00,-1.389792969e+01,-3.576436451e+01,-6.120591781e+01,-5.974584111e+01,-4.797563123e+01,-4.611058653e+01,-4.495001493e+01,-3.122608651e+01,-7.376643072e-01,-1.594258777e+01,-4.052508114e+01,-4.178698228e+01,-2.523865785e+01,-5.576341292e+00,-4.115053135e-01,-2.821112001e-01
1.211924100e-01,1.767789462e-01,-1.002226320e+01,-2.615141927e+01,-3.601118854e+01,-3.592416477e+01,-2.317296638e+01,-9.223325627e+00,-8.012627068e+00,-1.751504884e+01,-3.384488506e+00,1.355686338e+01,1.753028367e+01,1.643395977e+01,1.226055998e+01,-4.981355426e+00,-2.204858331e+01,-6.280438181e+00,1.025259968e+01,1.358438035e+01,2.036621358e+00,-1.495107726e+01,-2.741514368e+01,-3.267085859e+01,-2.662464556e+01,-1.375549620e+01,-1.776274316e+01,-4.470847892e+01,-7.127502832e+01,-3.864827621e+01,8.773504208e+00,4.524534399e+01,2.725906166e+01,1.687770716e+01,3.191536099e+01,5.248526241e+01,5.980441474e+01,4.288955533e+01,2.695081101e+01,2.201546627e+01,-3.484572769e+01,-7.842624407e+01,-8.048065686e+01,-4.767997116e+01,1.604031039e+01,6.645018837e+01,7.802637285e+01,9.111068445e+01,1.045947769e+02,1.092136833e+02,1.058862100e+02,9.094798521e+01,6.528724787e+01,3.777364829e+01,1.397032755e+01,-1.046709863e+01,-3.661820053e+01,-4.758004381e+01,-5.355591518e+01,-6.586582396e+01,-6.532427095e+01,-2.758961195e+01,3.181254252e+01,-1.960188522e+01,-5.850568662e+01,-5.964420885e+01,-3.351911660e+01,-6.151941136e+00,3.468428972e+00,2.377812941e+00
-2.151239329e+00,-3.137934312e+00,-1.570285714e+01,-3.126789907e+01,-2.886247435e+01,-3.169715261e+01,-2.689166823e+01,-1.484228627e+01,-1.087305128e+01,-9.208238533e+00,6.785403049e+00,1.645623172e+01,1.591565989e+01,2.166754671e+01,3.210907248e+01,1.994867457e+01,-2.326973472e+00,-4.784665309e+00,-1.348187853e+00,-9.992083217e+00,-3.017982054e+01,-5.251550564e+01,-6.776840925e+01,-6.259206455e+01,-4.125222081e+01,-1.545764291e+01,-2.641403193e+00,-1.665791273e+01,-4.284688141e+01,-4.627908620e+01,-1.693105606e+01,1.170692506e+01,3.166804515e+01,2.800495363e+01,3.430892266e+01,3.549082990e+01,2.655578814e+01,1.363507975e+01,1.103253140e+01,1.969512336e+01,-2.288415807e+01,-5.550609919e+01,-4.758734722e+01,-8.722572297e+00,4.015816746e+01,3.537143962e+01,3.774271535e+01,5.753431910e+01,8.210420719e+01,9.338070912e+01,9.467560705e+01,8.875100412e+01,7.224574367e+01,4.909034793e+01,2.619472728e+01,4.056810976e+00,-1.300112203e+01,-2.058382991e+01,-3.539366901e+01,-5.629972503e+01,-4.991052063e+01,-5.764963744e+00,4.627298381e+01,-4.982089877e+00,-4.243877415e+01,-3.945421943e+01,-1.443065617e+01,7.051375728e+00,1.109806495e+01,7.608379085e+00
-1.100198010e+00,-1.604818692e+00,-1.415454288e+01,-2.133790266e+01,-6.993410759e+00,-9.414242773e+00,-1.718182372e+01,-1.402188013e+01,-1.465153770e+01,-1.173583951e+01,2.290002317e+00,8.096373613e+00,4.673655268e+00,1.301656549e+01,3.139333603e+01,4.198169616e+01,2.077473506e+01,2.596006698e+00,-1.307128703e+01,-3.576563192e+01,-6.264224209e+01,-8.452583827e+01,-7.050988407e+01,-3.318541849e+01,-2.155633827e+01,-1.884720174e+01,-1.551306158e+00,8.052729008e+00,-5.692590313e+00,-2.742297696e+01,-3.088631100e+01,-1.621089182e+01,-1.521831127e+00,6.073276456e+00,4.062115985e+00,-2.920028882e+00,-1.261842993e+01,-1.987551775e+01,-1.698999355e+01,2.215035645e+00,-6.262636298e+00,-2.037295615e+01,-1.101651017e+01,1.274731008e+01,-1.455310939e+01,-2.866629747e+01,-2.604400932e+01,-7.611552898e+00,1.895035305e+01,3.875927075e+01,4.671908959e+01,5.097626536e+01,4.772747532e+01,3.191794529e+01,1.468988594e+01,6.597746100e+00,1.151426629e+01,1.311935651e+01,-6.815166994e+00,-4.167378404e+01,-4.658961697e+01,-7.028591129e+00,4.361586377e+01,3.218170416e+01,7.661257185e+00,8.628791954e+00,2.119376784e+01,2.746481349e+01,2.108352543e+01,1.445400209e+01
1.403963839e+00,2.047910822e+00,-7.911451000e+00,-7.818390390e+00,9.708738926e+00,9.797081833e+00,-2.877149874e+00,-9.994384518e+00,-1.899750749e+01,-2.088782889e+01,-5.077254166e+00,5.231730214e+00,2.760674901e+00,5.338491545e+00,1.828598150e+01,2.480509644e+01,2.246934779e+01,1.802353564e+01,-1.548991009e+01,-5.088670774e+01,-7.824580342e+01,-7.515773412e+01,-3.550156404e+01,6.464450008e+00,9.355914214e+00,-1.228331852e+01,-1.069701749e+01,1.405729981e+01,2.163857201e+01,1.295866562e+00,-2.550678308e+01,-3.482107471e+01,-3.604707067e+01,-4.139362152e+01,-3.557763192e+01,-3.390803961e+01,-3.374732445e+01,-3.269717354e+01,-2.845328358e+01,-1.020104975e+01,8.526046950e+00,1.547819180e+01,2.768465466e+00,-2.990574532e+01,-6.994278501e+01,-8.529894959e+01,-8.598466795e+01,-7.603541890e+01,-5.587937985e+01,-2.996436452e+01,-8.622464178e+00,7.393356031e+00,1.110281226e+01,1.194458467e+00,-2.497673955e+00,1.012657254e+01,3.287254458e+01,4.273078779e+01,2.067380755e+01,-2.851176070e+01,-5.484369160e+01,-1.072449647e+01,4.246863090e+01,7.830102436e+01,6.947564549e+01,6.251114588e+01,5.673661281e+01,4.509181030e+01,2.888966687e+01,1.980557315e+01
7.771017051e-01,1.133529901e+00,-8.681122469e+00,-9.733140951e+00,9.604649989e+00,1.905897095e+01,1.039016049e+01,1.915889517e+00,-1.238292639e+01,-2.576379915e+01,-1.403758212e+01,4.394302297e+00,9.921203963e+00,1.071282875e+01,1.309673608e+01,3.097454912e+00,-8.325140131e+00,-1.022084399e+01,-1.625144720e+01,-3.999599043e+01,-4.655486266e+01,-3.512136204e+01,-3.218931633e+00,3.839890302e+01,3.660272872e+01,-4.580094423e-01,-1.595992036e+01,5.727762461e+00,2.998245329e+01,2.538003200e+01,-6.360992957e+00,-2.944795342e+01,-2.946201360e+01,-2.694381371e+01,-3.378668050e+01,-4.553481363e+01,-3.476907213e+01,-2.538174966e+01,-1.571931396e+01,-5.596189960e+00,-1.006693318e-01,-2.369637085e+00,-1.305758754e+01,-3.122277448e+01,-5.294643693e+01,-6.947538835e+01,-6.642341488e+01,-3.855117910e+01,1.904810975e+00,3.776275509e+01,5.276036807e+01,3.953461166e+01,8.470097085e+00,-1.242026030e+01,-1.425653209e+01,8.112168347e-01,2.294419221e+01,3.398353860e+01,2.064218480e+01,-1.801083950e+01,-3.708415614e+01,7.084114839e+00,5.165786693e+01,8.996072301e+01,1.070610442e+02,9.754938767e+01,7.742181718e+01,5.357326476e+01,3.245845377e+01,2.225218738e+01
-3.698708121e+00,-5.395170573e+00,-1.769914046e+01,-1.973398340e+01,-3.424767421e+00,1.148657858e+01,2.805576411e+01,2.259974290e+01,6.242031897e+00,-1.525676608e+01,-2.260981494e+01,-4.006125558e+00,1.344628096e+01,2.435894256e+01,1.124826530e+01,-1.131232295e+01,-3.421862947e+01,-4.934316176e+01,-4.632192425e+01,-3.524696185e+01,-2.494266631e+01,-1.287026014e+01,7.874174847e+00,3.741739343e+01,4.611746669e+01,8.347530701e+00,-1.458809820e+01,-5.090399022e+00,2.019473801e+01,3.451244853e+01,1.609918758e+01,-3.295971448e+00,5.509676170e+00,1.933547941e+01,2.293335874e+01,8.264675302e+00,-1.495805549e+01,-1.922263067e+01,-1.408306516e+01,-1.022412084e+01,-1.060762436e+01,-1.650333125e+01,-2.488902329e+01,-3.153897363e+01,-3.471788602e+01,-3.248427483e+01,-1.752817044e+01,1.337511950e+01,5.434688003e+01,8.852058333e+01,8.656720968e+01,5.795641885e+01,1.199872859e+01,-2.075475504e+01,-2.704497880e+01,-1.846037753e+01,-7.048746782e+00,-4.428485280e+00,-1.461576513e+01,-3.343279199e+01,-1.226656975e+01,3.343387952e+01,6.064273964e+01,7.674545419e+01,8.484926971e+01,8.470347354e+01,7.412670844e+01,5.332319361e+01,3.253833555e+01,2.230695106e+01
-8.642215248e+00,-1.260608403e+01,-2.535706396e+01,-2.572411671e+01,-1.666516705e+01,-5.260279204e+00,1.821066661e+01,3.701032495e+01,2.319937152e+01,-1.321096126e+00,-2.073965906e+01,-1.870703609e+01,-1.104733172e+00,5.847014054e+00,-5.567811999e+00,-1.666813804e+01,-2.928883037e+01,-4.162121396e+01,-4.445568297e+01,-3.781076661e+01,-2.402380512e+01,-8.101776333e+00,5.502329810e+00,2.162465342e+01,3.616354616e+01,9.630499941e+00,-1.256545336e+01,-1.434994963e+01,-1.926128171e-01,1.271489401e+01,1.710246724e+01,3.451953151e+01,5.581372600e+01,7.252010071e+01,7.328069341e+01,5.138943953e+01,2.021425915e+01,-6.441897702e+00,-1.404705192e+01,-1.325566568e+01,-1.439264689e+01,-2.179016015e+01,-3.210069355e+01,-3.623015811e+01,-2.766921360e+01,-7.513663360e+00,1.249546871e+01,3.835297447e+01,7.492339778e+01,9.867553476e+01,8.124655978e+01,4.922638088e+01,2.208442856e+00,-2.577432028e+01,-2.795766958e+01,-2.280956326e+01,-2.228896326e+01,-3.169391646e+01,-4.738821531e+01,-6.119113983e+01,-2.852223830e+01,3.020482861e+01,5.886859656e+01,4.973333074e+01,3.996072545e+01,3.966681501e+01,4.638926112e+01,4.947352522e+01,2.672025386e+01,1.831831239e+01
-1.114996888e+01,-1.626405275e+01,-2.507458001e+01,-2.654054547e+01,-2.467402155e+01,-2.050561183e+01,-1.926716152e+00,2.496562181e+01,2.733843623e+01,2.619141745e+00,-2.019661041e+01,-2.907362861e+01,-2.142314428e+01,-1.306476000e+01,-1.884532918e+01,-2.243555149e+01,-2.166095973e+01,-2.301611135e+01,-2.475141188e+01,-2.088198199e+01,-1.020166193e+01,4.001899645e+00,1.311807368e+01,1.874715863e+01,2.798217326e+01,4.530910176e+00,-1.419355504e+01,-2.111187063e+01,-2.012302815e+01,-2.194043244e+01,-2.846415703e+01,-5.828825347e+00,2.866364518e+01,5.322947904e+01,6.065851291e+01,5.410881503e+01,2.902246391e+01,-1.885698702e+00,-1.121254802e+01,-7.408176137e+00,-4.768208282e+00,-1.075075228e+01,-2.257479788e+01,-2.640635396e+01,-9.384101754e+00,1.830287895e+01,2.148176651e+01,3.319524934e+01,6.121047964e+01,7.260386391e+01,5.376395962e+01,2.274139574e+01,-1.155369477e+01,-1.680705697e+01,-5.254119681e+00,2.113856334e+00,-4.113418114e+00,-2.260632431e+01,-4.460002344e+01,-6.043395850e+01,-5.624988010e+01,-2.231517548e+01,2.130825746e+01,1.708035017e+01,-2.425947042e+00,2.509668388e+00,2.030977718e+01,2.818687437e+01,1.129465514e+01,7.743153277e+00
-1.214832045e+01,-1.772031176e+01,-2.333006320e+01,-2.612966573e+01,-2.801112284e+01,-2.774206509e+01,-1.536379510e+01,6.587962911e+00,1.279381862e+01,-9.550957304e+00,-3.204833107e+01,-3.987479872e+01,-2.662418296e+01,-7.541595363e+00,-1.114347169e+01,-2.225362401e+01,-1.984940026e+01,-1.128930829e+01,-7.175467681e+00,-5.188465128e+00,2.104929701e+00,1.678101069e+01,2.981156462e+01,3.174729816e+01,3.249809252e+01,3.004570349e+00,-1.533167540e+01,-2.203224390e+01,-2.831858191e+01,-4.276637070e+01,-6.107010692e+01,-4.085344005e+01,-8.905147201e+00,1.946221382e+01,3.562634109e+01,3.422555975e+01,8.058373371e+00,-1.313556166e+01,-9.915202430e+00,3.458389859e+00,1.381627977e+01,1.424382988e+01,1.025136713e+01,1.601779993e+01,3.252298267e+01,4.843228931e+01,2.930687737e+01,1.915373214e+01,2.916263780e+01,3.407040627e+01,1.957139988e+01,-5.506797799e+00,-2.046454471e+01,2.298127367e+00,3.047795308e+01,3.943240223e+01,2.560747281e+01,-1.129927140e+00,-3.118483713e+01,-5.841585967e+01,-7.278082972e+01,-6.450618145e+01,-3.900055313e+01,4.651680165e+00,-6.454746400e+00,-3.540025318e+00,8.047922774e+00,6.913474071e+00,-8.528336918e+00,-5.846678726e+00
-1.518109149e+01,-2.214410422e+01,-2.753842448e+01,-3.142773548e+01,-3.458406436e+01,-3.278043491e+01,-1.943313053e+01,-2.623743396e+00,-1.046132293e+01,-9.719829974e+00,-1.681761155e+01,-3.160141787e+01,-2.416630473e+01,6.591908618e+00,2.509022502e+01,-1.029952892e+01,-2.903316541e+01,-2.440908386e+01,-1.433209118e+01,-1.121707719e+01,-7.996898403e+00,4.978557459e+00,2.521435767e+01,3.690468905e+01,3.355062884e+01,1.034581290e+01,-8.955396753e+00,-1.312811045e+01,-2.009639284e+01,-3.938324044e+01,-6.045494642e+01,-5.250644332e+01,-2.911653660e+01,-4.945874497e+00,8.290584901e+00,-1.890394272e+00,-2.611303533e+01,-2.276759861e+01,-6.596708283e+00,1.433743184e+01,3.250456265e+01,4.105119736e+01,4.283178865e+01,4.917234456e+01,5.857242422e+01,6.176256730e+01,4.081824754e+01,1.679992756e+01,7.453340045e+00,6.046483650e+00,-3.218153196e+00,-2.177865442e+01,-2.822115586e+01,1.262653630e+01,5.652387127e+01,5.878574568e+01,3.508683104e+01,3.516812565e+00,-3.112587691e+01,-6.658238523e+01,-8.981868680e+01,-8.415234755e+01,-3.637807539e+01,1.306939278e+01,1.031077163e+01,3.183880207e+00,-6.082176068e-01,-1.525554425e+01,-2.596751615e+01,-1.780226622e+01
-1.855326387e+01,-2.706296902e+01,-3.351352344e+01,-3.896635658e+01,-4.379522280e+01,-3.990230662e+01,-2.127821824e+01,2.649266587e+00,-4.536727811e+00,2.065057271e+00,4.070258919e+00,-1.351753394e+01,-2.332441186e+01,-1.098210332e+00,2.356330046e+01,-4.552089481e+00,-4.130705480e+01,-5.447400858e+01,-4.697964689e+01,-4.004426194e+01,-3.902175282e+01,-2.899910158e+01,-6.912406637e+00,1.089609329e+01,1.289084553e+01,1.118193081e+00,-1.011008671e+01,1.284600665e+00,6.641658760e+00,-8.365020058e+00,-2.342280388e+01,-2.405419676e+01,-1.305016420e+01,-1.603972378e+00,-4.541542268e+00,-3.184415076e+01,-2.054750805e+01,-7.029548120e+00,6.511273297e+00,2.371625267e+01,4.325527002e+01,4.942707357e+01,5.128102349e+01,5.677591762e+01,6.112133078e+01,6.053328755e+01,4.680063489e+01,2.380700120e+01,7.258025718e+00,5.068305760e-02,-6.805341537e+00,-2.160651298e+01,-3.847156777e+01,-2.032200879e+00,5.663980900e+01,3.846622737e+01,1.206189912e+01,-1.665610355e+01,-5.061393466e+01,-8.914165054e+01,-1.143945328e+02,-9.799055820e+01,-4.491111690e+01,2.674406955e+00,1.047624281e+01,5.481443072e-01,-1.455903020e+01,-2.895619847e+01,-2.463821395e+01,-1.689095104e+01
-1.916828708e+01,-2.796008092e+01,-3.418582209e+01,-3.942422247e+01,-4.362323625e+01,-3.648171892e+01,-1.689931584e+01,2.197180834e+00,-2.033842604e+00,4.596181715e+00,1.010356734e+01,-7.776496670e+00,-3.274416395e+01,-2.696409578e+01,-7.588927590e+00,-1.598401887e+01,-4.476895067e+01,-6.011405830e+01,-5.223198537e+01,-3.892535272e+01,-3.848081366e+01,-4.168029743e+01,-4.029785804e+01,-3.181409797e+01,-2.583709266e+01,-3.103467864e+01,-2.951512008e+01,-1.163974944e+01,1.056640401e+01,3.265400347e+01,3.428662579e+01,3.248387740e+01,3.452620731e+01,3.119312039e+01,6.286755224e+00,-1.118737285e+01,6.678727017e+00,2.089759863e+01,2.601707210e+01,3.131537590e+01,4.433712132e+01,5.105595372e+01,4.992385202e+01,4.934066732e+01,4.692416997e+01,4.327944182e+01,3.818134246e+01,2.933667776e+01,1.714937034e+01,7.409979728e+00,4.436250473e+00,-2.950984126e+00,-1.367419041e+01,-1.135019771e+01,5.869218544e+00,-2.050857779e+00,-2.101831835e+01,-4.407745471e+01,-7.617917294e+01,-1.017760519e+02,-1.041982877e+02,-9.249265214e+01,-5.689318241e+01,-1.601418912e+01,-2.289268495e+00,-1.183959665e+01,-3.029686036e+01,-3.207124309e+01,-2.256668525e+01,-1.547079575e+01
-1.653877650e+01,-2.412450980e+01,-2.846201917e+01,-3.060437133e+01,-3.112699509e+01,-2.302344153e+01,-6.385346143e+00,8.588887711e+00,3.162007796e+00,-1.592963510e+00,-1.660984344e+00,-1.874235293e+01,-4.871013212e+01,-5.163502168e+01,-3.100011453e+01,-2.443608241e+01,-3.836316522e+01,-4.695246392e+01,-3.500294619e+01,-1.954888857e+01,-2.521946045e+01,-3.779257435e+01,-4.411849989e+01,-4.169283578e+01,-3.404784975e+01,-3.096097128e+01,-3.005862417e+01,-2.338562444e+01,-1.039793144e+01,8.034259154e+00,3.165473362e+01,5.233386613e+01,5.765705984e+01,4.235908941e+01,9.632197581e+00,3.941828880e+00,3.192835053e+01,4.597820061e+01,3.968141271e+01,3.430538637e+01,3.773050438e+01,4.809215116e+01,5.057444537e+01,3.754459461e+01,2.816954358e+01,2.347952800e+01,2.188890801e+01,1.779110174e+01,6.165666728e+00,-2.551667291e+00,1.501513882e+01,1.889666628e+01,1.574136239e+01,1.487362746e+01,1.342516978e+01,2.821807349e+00,-1.198981554e+01,-2.926668822e+01,-4.853049882e+01,-6.353378269e+01,-7.319415144e+01,-7.431316971e+01,-5.874945851e+01,-2.899933137e+01,-1.550400424e+01,-2.539432541e+01,-3.880654955e+01,-3.238762686e+01,-2.154533977e+01,-1.477060310e+01
-1.275408801e+01,-1.860392279e+01,-2.097174253e+01,-1.872153214e+01,-1.485323963e+01,-7.445650764e+00,5.076280075e+00,1.575725445e+01,1.228410866e+01,-7.027232661e-01,-1.319564941e+01,-2.948798111e+01,-5.208346788e+01,-5.359674512e+01,-3.157234048e+01,-1.503638096e+01,-1.705831380e+01,-2.224955084e+01,-1.578027897e+01,-1.147245154e+01,-2.816792358e+01,-4.428160300e+01,-4.571238169e+01,-3.422905122e+01,-2.236472277e+01,-1.905736486e+01,-2.284176555e+01,-2.434772782e+01,-1.977072643e+01,-1.020776120e+01,3.182639003e+00,1.565976770e+01,1.923245133e+01,9.179992273e+00,-9.151980894e+00,-1.466807229e+00,3.593084614e+01,5.260306862e+01,3.859211394e+01,3.026425021e+01,2.617613218e+01,2.258040496e+01,2.177882046e+01,2.021132228e+01,1.306022724e+01,1.579763028e+01,2.170414506e+01,1.808696766e+01,-1.973097077e+00,-2.526997558e+01,-2.877197883e-01,2.109063053e+01,2.785712295e+01,3.165511103e+01,3.355774482e+01,2.792190245e+01,1.819860904e+01,3.498502017e+00,-1.552543792e+01,-3.104293112e+01,-4.275272255e+01,-4.966960438e+01,-4.582799032e+01,-2.828707082e+01,-2.014486502e+01,-3.123364839e+01,-3.857110381e+01,-3.018786762e+01,-1.958612823e+01,-1.342744786e+01
-1.053740398e+01,-1.537052669e+01,-1.728230943e+01,-1.143996495e+01,-3.588114121e+00,2.197438828e+00,9.156442499e+00,1.606407725e+01,1.763631544e+01,1.201989308e+01,1.567491090e+00,-1.146216742e+01,-2.499484633e+01,-2.741572356e+01,-7.455129237e+00,1.467326059e+01,1.768464590e+01,1.053665278e+01,4.005724115e+00,-1.490989047e+01,-3.914752518e+01,-5.152521513e+01,-4.323614548e+01,-2.506378126e+01,-1.087854221e+01,-6.993398439e+00,-1.127109289e+01,-1.385916743e+01,-1.240144239e+01,-1.011428734e+01,-9.136477535e+00,-9.815323378e+00,-1.278035385e+01,-2.008499535e+01,-2.835961236e+01,-2.053201666e+01,1.895862007e+00,2.091221029e+01,2.457926057e+01,2.148723787e+01,1.396252533e+01,2.720965599e+00,-1.101311588e+01,-2.758945559e+01,-2.185472243e+01,1.085012917e+00,2.865149395e+01,3.555473623e+01,4.783008965e+00,-2.693364699e+01,-2.264893429e+01,6.737449661e+00,2.446046517e+01,3.547636737e+01,4.416581422e+01,4.340903269e+01,3.723181748e+01,2.175439259e+01,6.402744937e+00,-2.718005635e+00,-1.145027655e+01,-2.044003590e+01,-2.383383627e+01,-1.735638637e+01,-1.640349613e+01,-2.851861910e+01,-3.279683992e+01,-2.449692650e+01,-1.511706568e+01,-1.036364149e+01
-1.156936853e+01,-1.687581572e+01,-1.972583540e+01,-1.089397021e+01,-1.810321538e-02,3.694716909e+00,5.887177280e+00,1.195716010e+01,2.100204664e+01,2.742258797e+01,2.671655165e+01,1.843050587e+01,6.920470034e+00,7.430295585e+00,2.943802436e+01,4.868543016e+01,4.379267359e+01,2.977196916e+01,5.621486637e+00,-2.768738533e+01,-4.596572822e+01,-5.298844981e+01,-3.835463451e+01,-1.813862838e+01,-4.501512252e+00,1.623725760e+00,5.787032661e+00,9.820318464e+00,1.245881868e+01,1.109406046e+01,3.386178566e+00,-9.157390679e+00,-2.148453120e+01,-3.002088413e+01,-3.329044188e+01,-3.232887238e+01,-3.090886595e+01,-1.593051983e+01,8.523364489e+00,1.477026358e+01,6.041139517e+00,-9.648029409e+00,-3.093394760e+01,-5.781973860e+01,-5.976560745e+01,-2.528073123e+01,2.183316346e+01,5.705760984e+01,1.760197865e+01,-1.948454202e+01,-3.858518721e+01,-8.859173348e+00,1.624102255e+01,3.059551107e+01,3.958878017e+01,3.660071368e+01,3.052045671e+01,1.997893333e+01,1.755040599e+01,1.777919873e+01,1.306082421e+01,2.424429328e+00,-7.391138501e+00,-9.605118050e+00,-1.300349505e+01,-2.313792217e+01,-2.423787268e+01,-1.592790944e+01,-8.362600982e+00,-5.733056952e+00
-1.487641074e+01,-2.169967751e+01,-2.581363928e+01,-1.462920590e+01,-3.071482130e-01,4.072250102e+00,5.671054132e+00,1.368715756e+01,2.901504488e+01,4.463793634e+01,5.126020480e+01,4.291195292e+01,2.349929906e+01,1.738951996e+01,2.964369970e+01,3.639631976e+01,3.079620218e+01,1.308735993e+01,-1.555472137e+01,-3.746031777e+01,-3.377427946e+01,-3.405574247e+01,-3.533225557e+01,-1.381895417e+01,3.067927593e+00,1.815655989e+01,3.279059900e+01,3.995899975e+01,4.345692108e+01,4.115223112e+01,3.140983667e+01,1.562641003e+01,-8.119427554e-01,-1.232092410e+01,-1.923416862e+01,-2.840053777e+01,-4.386714333e+01,-3.457136082e+01,5.306479006e-01,1.477680575e+01,6.408638302e+00,-1.136185666e+01,-3.575876751e+01,-6.369676575e+01,-6.991593992e+01,-3.672706774e+01,1.365048017e+01,5.619753640e+01,3.726023725e+01,-1.945185474e+00,-2.369420066e+01,-1.559561622e+01,7.715792280e+00,1.749117269e+01,1.555492914e+01,6.077316988e+00,2.997417351e+00,1.360947423e+01,2.338372947e+01,2.861058814e+01,2.446716219e+01,9.774090608e+00,-6.423784556e+00,-1.357146718e+01,-1.628635570e+01,-1.977251741e+01,-1.585446986e+01,-7.228232109e+00,-1.518527590e+00,-1.041040362e+00
-1.676517701e+01,-2.445475195e+01,-2.897332843e+01,-1.816040753e+01,-2.112991880e+00,5.453776358e+00,1.076316097e+01,2.316630330e+01,4.239390029e+01,6.082984415e+01,6.317106823e+01,3.675267107e+01,3.554318418e+00,2.656418858e-01,1.645045412e+01,2.204049233e+01,9.738060192e+00,-1.577350645e+01,-4.295904486e+01,-3.557738106e+01,-2.885420363e+01,-2.820169095e+01,-2.638205962e+01,-6.415411138e+00,1.610003164e+01,2.604001977e+01,3.486498403e+01,4.568115397e+01,5.581003182e+01,6.103616076e+01,5.697165237e+01,4.709760246e+01,3.455669365e+01,2.262542939e+01,9.276094217e+00,-1.064609521e+01,-3.459654847e+01,-3.226006182e+01,-4.952188543e+00,1.284595814e+01,9.657558786e+00,-4.345745144e+00,-2.462220047e+01,-4.905780315e+01,-6.142496473e+01,-4.515651870e+01,-3.901620995e+00,3.557069724e+01,5.276578045e+01,1.476922679e+01,-1.013780322e+01,-2.554911245e+01,-1.069363281e+01,-8.325919381e-01,-8.464210824e-01,-7.077814244e+00,-5.364818569e-01,2.158031976e+01,3.367117333e+01,3.619866626e+01,2.752107768e+01,6.806762989e+00,-1.363510687e+01,-2.160195481e+01,-2.008342102e+01,-1.593578719e+01,-9.506430214e+00,-2.513643703e+00,1.480629788e+00,1.015059181e+00
-1.630877051e+01,-2.378900844e+01,-2.657191486e+01,-1.686629240e+01,-2.064307851e+00,7.420846865e+00,1.714536132e+01,3.341724391e+01,5.082132462e+01,4.917658902e+01,3.008116199e+01,-2.285739567e+00,-2.805360810e+01,-1.610292406e+01,4.542238724e+00,8.967838617e+00,-1.063496488e+01,-4.520079435e+01,-4.046383906e+01,-2.826753846e+01,-2.671104185e+01,-3.235271331e+01,-3.514182869e+01,-1.488563806e+01,6.196771971e+00,2.047752208e+01,3.041240292e+01,3.594349672e+01,3.834605726e+01,4.134020591e+01,4.519881983e+01,4.829607001e+01,5.105277819e+01,5.154753137e+01,4.022665753e+01,1.397692624e+01,-1.751443023e+01,-3.023257287e+01,-1.662533464e+01,-3.834355260e+00,2.736626262e-01,1.552923403e+00,-2.989123128e+00,-2.368794841e+01,-5.441881674e+01,-6.277770393e+01,-3.080589550e+01,8.801798694e+00,2.069672913e+01,-8.232284234e-01,-1.984970408e+01,-3.656586517e+01,-3.427517462e+01,-1.844893290e+01,-9.844552524e+00,-5.079934926e+00,7.760178865e+00,2.383632418e+01,4.042621950e+01,4.706990764e+01,2.989038120e+01,4.367948512e+00,-1.619026297e+01,-2.112176286e+01,-1.422631305e+01,-7.270927784e+00,-4.961494381e+00,-3.248993815e+00,-1.388000831e+00,-9.515565590e-01
-1.589420804e+01,-2.318430130e+01,-2.358549173e+01,-1.344598469e+01,-6.975086736e-02,8.941523981e+00,1.822927931e+01,2.826452420e+01,2.669481845e+01,1.362435082e+01,-7.617435532e+00,-3.374183186e+01,-3.769232807e+01,-1.703774397e+01,3.344626168e+00,7.917744177e+00,-1.080049529e+01,-2.935724476e+01,-2.276867657e+01,-1.787097727e+01,-2.246444851e+01,-3.410575375e+01,-4.480220328e+01,-2.686385336e+01,-8.931877571e+00,3.728295031e+00,1.475947499e+01,2.112843495e+01,2.016514215e+01,1.750465926e+01,1.738625413e+01,2.068066527e+01,2.832765502e+01,3.842328628e+01,4.657327849e+01,3.279560091e+01,6.598390438e-01,-2.140307690e+01,-2.393696643e+01,-2.191291548e+01,-2.360524223e+01,-4.209687082e+00,2.110238482e+01,-3.849599500e-01,-4.612499649e+01,-7.632218153e+01,-4.572842308e+01,-5.367037913e+00,-4.599503397e+00,-2.228182793e+01,-2.950127335e+01,-3.773266165e+01,-4.771759993e+01,-2.779343611e+01,-1.173884005e+01,1.031251867e-01,9.294789490e+00,1.604778555e+01,2.317997257e+01,3.254677688e+01,2.951586530e+01,7.360089930e+00,-8.836912080e+00,-9.844256101e+00,-1.481436532e+00,1.952440796e+00,-2.467606395e+00,-5.361739749e+00,-4.677607582e+00,-3.206776304e+00
-1.445177330e+01,-2.108027437e+01,-2.055849390e+01,-1.171643097e+01,-8.046724090e-01,6.446583873e+00,1.173484675e+01,1.443602161e+01,9.410508566e+00,-2.745155201e+00,-1.951065948e+01,-3.289823332e+01,-2.639862347e+01,-9.101901116e+00,7.161972465e+00,1.269498172e+01,1.709565657e+00,-9.543236056e+00,-8.977304390e+00,-9.001756228e+00,-1.549998460e+01,-2.714804934e+01,-3.896224434e+01,-2.805381162e+01,-1.606007559e+01,-8.241029109e+00,-2.662726805e-01,6.271312767e+00,6.774290794e+00,3.520852024e+00,2.316880233e+00,5.341914427e+00,1.308602989e+01,2.328457000e+01,3.223070495e+01,3.472566665e+01,9.750445363e+00,-8.912681946e+00,-1.617367088e+01,-1.831730021e+01,-1.794996435e+01,-4.341342526e+00,1.179914827e+01,3.550473040e+00,-3.119122781e+01,-6.729274785e+01,-3.278180567e+01,7.820880411e-01,-1.139008657e+01,-2.468136528e+01,-2.592219729e+01,-2.938747960e+01,-3.508899184e+01,-2.432207595e+01,-8.347676820e+00,2.258822374e+00,6.610166342e+00,9.403949097e+00,1.306436500e+01,1.837374226e+01,2.032663034e+01,9.451955680e+00,-4.526750050e-01,4.078534272e-02,5.851738002e+00,4.833348709e+00,-2.110143832e+00,-5.856130935e+00,-5.295348629e+00,-3.630274282e+00
-9.907544261e+00,-1.445177330e+01,-1.409406196e+01,-8.032305521e+00,-5.516504684e-01,4.419514045e+00,8.044930622e+00,9.896745548e+00,6.451459501e+00,-1.881966047e+00,-1.337570957e+01,-2.255368224e+01,-1.809781576e+01,-6.239890865e+00,4.909955183e+00,8.703159865e+00,1.172008242e+00,-6.542452036e+00,-6.154472450e+00,-6.171235629e+00,-1.062615503e+01,-1.861159146e+01,-2.671092000e+01,-1.923254501e+01,-1.101013049e+01,-5.649712252e+00,-1.825456512e-01,4.299355349e+00,4.644176497e+00,2.413752040e+00,1.588358258e+00,3.662197887e+00,8.971246480e+00,1.596294816e+01,2.209605212e+01,2.380649574e+01,6.684506256e+00,-6.110169947e+00,-1.108800676e+01,-1.255759130e+01,-1.230576087e+01,-2.976246745e+00,8.089013113e+00,2.434058996e+00,-2.138342913e+01,-4.613315364e+01,-2.247386421e+01,5.361675501e-01,-7.808577156e+00,-1.692053383e+01,-1.777119747e+01,-2.014685318e+01,-2.405557662e+01,-1.667421977e+01,-5.722825558e+00,1.548556166e+00,4.531659491e+00,6.446962598e+00,8.956393921e+00,1.259628566e+01,1.393510579e+01,6.479873947e+00,-3.103354555e-01,2.796076163e-02,4.011712063e+00,3.313546046e+00,-1.446628243e+00,-4.014723678e+00,-3.630274282e+00,-2.488767461e+00
