-9.438255008e+00,-1.376723819e+01,-2.514492011e+01,-2.789652774e+01,-1.557960985e+01,-2.420763071e+00,5.857303235e+00,4.236607813e+00,-7.672946716e+00,-1.986957134e+01,-2.401047347e+01,-2.188791422e+01,-2.187170361e+01,-2.726535778e+01,-3.235319434e+01,-3.227057444e+01,-2.672006482e+01,-1.881880035e+01,-1.542111555e+01,-1.999361207e+01,-2.379577602e+01,-2.410374497e+01,-2.110299388e+01,-1.566050794e+01,-9.026591442e+00,-5.714954908e+00,-9.681475724e+00,-1.451003930e+01,-1.380780092e+01,-7.899317174e+00,-7.656790398e-01,5.815410495e+00,1.218949628e+01,1.799223740e+01,2.097234311e+01,1.885924871e+01,1.180213590e+01,2.981304666e+00,-3.360040015e+00,-5.250333958e+00,-3.826428622e+00,-8.443883169e-01,3.210837562e+00,7.615049551e+00,8.281263458e+00,-4.127694166e-01,-1.423506474e+01,-2.619520906e+01,-3.217966786e+01,-3.077762609e+01,-2.431933096e+01,-1.915397706e+01,-2.130917936e+01,-2.479150795e+01,-2.380238265e+01,-1.793136398e+01,-1.011549437e+01,-6.523291761e+00,-1.244570642e+01,-2.317158854e+01,-2.575297031e+01,-1.487689578e+01,-7.616926068e+00,-1.165054153e+01,-2.187892509e+01,-3.068971342e+01,-3.256376119e+01,-2.707853492e+01,-1.899336898e+01,-1.302107638e+01
-1.376723819e+01,-2.008176799e+01,-3.667797745e+01,-4.069164709e+01,-2.272540839e+01,-3.531078760e+00,8.543834501e+00,6.179785227e+00,-1.119224740e+01,-2.898301869e+01,-3.502320153e+01,-3.192710180e+01,-3.190345598e+01,-3.977098250e+01,-4.719242404e+01,-4.707190941e+01,-3.897558356e+01,-2.745029739e+01,-2.249421854e+01,-2.916395238e+01,-3.471003019e+01,-3.515925326e+01,-3.078216715e+01,-2.284341150e+01,-1.316675956e+01,-8.336196191e+00,-1.412201537e+01,-2.116526487e+01,-2.014093536e+01,-1.152244572e+01,-1.116868076e+00,8.482727090e+00,1.778037343e+01,2.624462017e+01,3.059159162e+01,2.750929793e+01,1.721534499e+01,4.348720330e+00,-4.901167764e+00,-7.658470564e+00,-5.581471807e+00,-1.231678427e+00,4.683531591e+00,1.110779491e+01,1.207957683e+01,-6.020916863e-01,-2.076416952e+01,-3.820999561e+01,-4.693930730e+01,-4.489420013e+01,-3.547372068e+01,-2.793920742e+01,-3.108292238e+01,-3.616246803e+01,-3.471966704e+01,-2.615582633e+01,-1.475510253e+01,-9.515287662e+00,-1.815409782e+01,-3.379955070e+01,-3.756491809e+01,-2.170038503e+01,-1.111053212e+01,-1.699421981e+01,-3.191398968e+01,-4.476596512e+01,-4.749957022e+01,-3.949847081e+01,-2.770493428e+01,-1.899336898e+01
-1.987173920e+01,-2.898618087e+01,-5.238560200e+01,-5.804830474e+01,-3.449569009e+01,-1.155837134e+01,-3.151132251e+00,-1.664715936e+01,-4.399277858e+01,-6.658527738e+01,-6.975904460e+01,-5.539081459e+01,-3.914453208e+01,-3.395465553e+01,-3.433954658e+01,-2.753656332e+01,-1.094171047e+01,1.035276722e+01,-4.066914100e+00,-3.701667247e+01,-5.432832949e+01,-5.894185811e+01,-5.668907394e+01,-5.211930074e+01,-4.968207461e+01,-5.429720921e+01,-6.533661370e+01,-7.027894779e+01,-6.123330537e+01,-4.378528364e+01,-2.571997449e+01,-1.065652104e+01,2.944865427e+00,1.643164730e+01,2.551747467e+01,2.395188073e+01,1.068444796e+01,-8.499659271e+00,-2.522880833e+01,-3.533290405e+01,-3.992628777e+01,-4.046516966e+01,-3.656097980e+01,-2.880663507e+01,-2.201417990e+01,-2.466374274e+01,-3.916798358e+01,-5.654694861e+01,-6.601667587e+01,-6.086852713e+01,-4.126277364e+01,-1.487484759e+01,-6.840710795e+00,-1.936751194e+01,-1.975411741e+01,-1.115256514e+01,-2.364721859e+00,-8.836778229e+00,-3.519628995e+01,-6.656892420e+01,-8.068176487e+01,-6.020997001e+01,-4.028858307e+01,-3.630479768e+01,-4.771891824e+01,-6.227940726e+01,-6.702118582e+01,-5.550839426e+01,-3.861710804e+01,-2.647430868e+01
-2.281622253e+01,-3.328119125e+01,-5.882859672e+01,-7.038284511e+01,-5.313862669e+01,-3.921689772e+01,-4.304635757e+01,-6.626208410e+01,-9.767767015e+01,-1.196791237e+02,-1.167754984e+02,-8.977649844e+01,-5.495100840e+01,-2.507391734e+01,-5.967557520e+00,-2.354972802e+00,-1.549777101e+01,-3.936154614e+01,-6.972395314e+01,-9.853624009e+01,-1.144675152e+02,-1.179069285e+02,-1.173821743e+02,-1.121359980e+02,-1.013898085e+02,-1.071018855e+02,-1.235150479e+02,-1.332901349e+02,-1.235593226e+02,-1.039097061e+02,-8.423527036e+01,-6.934839305e+01,-5.295168094e+01,-2.857060298e+01,-1.249492668e+01,-8.623796140e+00,-1.702880367e+01,-3.700323451e+01,-6.210986767e+01,-8.437345308e+01,-1.000711249e+02,-1.089990094e+02,-1.102993339e+02,-1.039574138e+02,-9.361124299e+01,-8.677892632e+01,-9.020624501e+01,-1.023109831e+02,-1.129887653e+02,-1.105462674e+02,-9.251323802e+01,-6.745866574e+01,-4.329916663e+01,-1.914161047e+01,7.756497918e+00,2.238389787e+01,1.449815765e+01,-1.572535868e+01,-6.147910144e+01,-1.082966223e+02,-1.359166406e+02,-1.178630424e+02,-9.228018336e+01,-7.697301604e+01,-7.475117926e+01,-7.807704650e+01,-7.390891625e+01,-5.961784411e+01,-4.100154832e+01,-2.810898334e+01
-2.200566280e+01,-3.209885735e+01,-5.648359126e+01,-7.722230358e+01,-7.847966349e+01,-8.186174377e+01,-9.693665281e+01,-1.229841153e+02,-1.516490818e+02,-1.691944881e+02,-1.617537021e+02,-1.306623827e+02,-9.667710182e+01,-7.871043249e+01,-8.310109603e+01,-1.010928337e+02,-1.251415403e+02,-1.516227097e+02,-1.767006027e+02,-1.949907883e+02,-2.012062483e+02,-1.945787675e+02,-1.709330376e+02,-1.446156072e+02,-1.324921765e+02,-1.398396971e+02,-1.590602642e+02,-1.752887446e+02,-1.777678525e+02,-1.673379015e+02,-1.476341440e+02,-1.129619775e+02,-7.562091577e+01,-4.846630033e+01,-3.587332732e+01,-3.646446688e+01,-4.870907135e+01,-7.219349496e+01,-1.037122719e+02,-1.362681398e+02,-1.619277739e+02,-1.772866550e+02,-1.824281241e+02,-1.788810460e+02,-1.705080026e+02,-1.614783518e+02,-1.588502657e+02,-1.687608870e+02,-1.845638894e+02,-1.894893979e+02,-1.780290083e+02,-1.568665816e+02,-1.318792499e+02,-1.049440274e+02,-7.499678880e+01,-4.584496201e+01,-3.335285998e+01,-5.319605829e+01,-9.896134495e+01,-1.504306463e+02,-1.837764501e+02,-1.725057855e+02,-1.482809695e+02,-1.270518599e+02,-1.103896102e+02,-9.368176122e+01,-7.347686261e+01,-5.333560680e+01,-3.538447430e+01,-2.425814730e+01
-1.941271267e+01,-2.831661562e+01,-5.212924849e+01,-8.329119678e+01,-1.040842899e+02,-1.219058283e+02,-1.414339339e+02,-1.634575003e+02,-1.847259933e+02,-1.966055866e+02,-1.889431894e+02,-1.648494399e+02,-1.481475136e+02,-1.542551583e+02,-1.784747030e+02,-2.085748324e+02,-2.368991205e+02,-2.606167578e+02,-2.770495317e+02,-2.819569653e+02,-2.705642453e+02,-2.407237462e+02,-2.015251586e+02,-1.678612297e+02,-1.526197555e+02,-1.602554788e+02,-1.834554280e+02,-2.078911899e+02,-2.216169929e+02,-2.175373599e+02,-1.839545296e+02,-1.378227374e+02,-9.838831867e+01,-7.438129293e+01,-6.766323975e+01,-7.537663288e+01,-9.393474626e+01,-1.208025965e+02,-1.536093423e+02,-1.882008394e+02,-2.156398061e+02,-2.276412934e+02,-2.254569583e+02,-2.150695831e+02,-2.052399000e+02,-2.044257372e+02,-2.129861409e+02,-2.271005666e+02,-2.523237565e+02,-2.661916941e+02,-2.633173556e+02,-2.484062540e+02,-2.261453607e+02,-1.997109458e+02,-1.699681198e+02,-1.381660414e+02,-1.127078393e+02,-1.105298638e+02,-1.386865006e+02,-1.809898882e+02,-2.100326092e+02,-2.056839705e+02,-1.899992085e+02,-1.707140650e+02,-1.451484024e+02,-1.098682747e+02,-7.204815478e+01,-4.329654990e+01,-2.609642956e+01,-1.789064398e+01
-1.661419396e+01,-2.423451849e+01,-5.033227715e+01,-8.865128103e+01,-1.207748025e+02,-1.453240354e+02,-1.632389596e+02,-1.774954820e+02,-1.896373700e+02,-1.962965412e+02,-1.925265468e+02,-1.829700907e+02,-1.883665105e+02,-2.161318000e+02,-2.550651037e+02,-2.911001861e+02,-3.170423919e+02,-3.324017262e+02,-3.369330095e+02,-3.271963264e+02,-2.987763236e+02,-2.546961430e+02,-2.074097072e+02,-1.704505235e+02,-1.554257662e+02,-1.663749200e+02,-1.964205071e+02,-2.315400539e+02,-2.582931439e+02,-2.615473769e+02,-2.203939821e+02,-1.753247942e+02,-1.402408810e+02,-1.214587441e+02,-1.191055478e+02,-1.285457917e+02,-1.432028459e+02,-1.603276472e+02,-1.839379359e+02,-2.147988142e+02,-2.440294467e+02,-2.558927792e+02,-2.454574426e+02,-2.249340711e+02,-2.082516388e+02,-2.061618482e+02,-2.227791655e+02,-2.532678295e+02,-2.840107935e+02,-3.079632735e+02,-3.176022937e+02,-3.135833564e+02,-2.997272535e+02,-2.789946426e+02,-2.517857791e+02,-2.183276732e+02,-1.839072092e+02,-1.617137453e+02,-1.648915656e+02,-1.888030653e+02,-2.099502044e+02,-2.136006600e+02,-2.108447157e+02,-2.000973282e+02,-1.727730130e+02,-1.270786201e+02,-7.679599966e+01,-3.798655655e+01,-1.828569524e+01,-1.253592422e+01
-1.246992788e+01,-1.818942879e+01,-4.806580413e+01,-9.159087899e+01,-1.297425734e+02,-1.552843672e+02,-1.682500273e+02,-1.734596438e+02,-1.761954038e+02,-1.781191718e+02,-1.798553858e+02,-1.856006191e+02,-2.145334017e+02,-2.606477920e+02,-3.074710837e+02,-3.412853380e+02,-3.575600697e+02,-3.600328455e+02,-3.519004101e+02,-3.306243272e+02,-2.913975565e+02,-2.390363579e+02,-1.892675585e+02,-1.568845297e+02,-1.506081639e+02,-1.707916921e+02,-2.099563451e+02,-2.545935432e+02,-2.895514059e+02,-2.909124494e+02,-2.571982087e+02,-2.229703916e+02,-1.967765370e+02,-1.820228374e+02,-1.756562956e+02,-1.716769252e+02,-1.707303637e+02,-1.789343748e+02,-1.995427792e+02,-2.293520762e+02,-2.580583954e+02,-2.702074945e+02,-2.566321827e+02,-2.287114674e+02,-2.037673130e+02,-1.942604942e+02,-2.067613515e+02,-2.370738877e+02,-2.679095764e+02,-2.995754038e+02,-3.223275504e+02,-3.324865325e+02,-3.326661711e+02,-3.246365845e+02,-3.062133987e+02,-2.747708299e+02,-2.334639320e+02,-1.934099157e+02,-1.697382786e+02,-1.698596921e+02,-1.845162800e+02,-2.011483337e+02,-2.150600503e+02,-2.166848410e+02,-1.919020855e+02,-1.461385820e+02,-9.212500889e+01,-4.528281474e+01,-1.819868205e+01,-1.247627155e+01
-1.116076491e+01,-1.627980053e+01,-5.050871851e+01,-9.897139859e+01,-1.395365474e+02,-1.627178904e+02,-1.695118564e+02,-1.661492276e+02,-1.603968722e+02,-1.582456282e+02,-1.623064090e+02,-1.888222818e+02,-2.385845009e+02,-2.947514000e+02,-3.410008666e+02,-3.658990329e+02,-3.684291231e+02,-3.571541656e+02,-3.390825651e+02,-3.123496712e+02,-2.695699189e+02,-2.161436129e+02,-1.742824109e+02,-1.599334465e+02,-1.719836923e+02,-2.030199988e+02,-2.466735055e+02,-2.912458735e+02,-3.161645881e+02,-3.110463718e+02,-2.939163154e+02,-2.751017173e+02,-2.556715001e+02,-2.336766752e+02,-2.141566432e+02,-2.022786619e+02,-2.010428512e+02,-2.124982255e+02,-2.359473211e+02,-2.661055641e+02,-2.924375320e+02,-3.002947370e+02,-2.819677720e+02,-2.494865369e+02,-2.189152869e+02,-1.998675629e+02,-1.983222881e+02,-2.166919750e+02,-2.393562607e+02,-2.667717719e+02,-2.917419695e+02,-3.093533792e+02,-3.218787102e+02,-3.304780991e+02,-3.298075805e+02,-3.118187400e+02,-2.744679634e+02,-2.249792685e+02,-1.762592121e+02,-1.445300935e+02,-1.416320490e+02,-1.611761051e+02,-1.887533627e+02,-2.072238975e+02,-1.988504975e+02,-1.642267985e+02,-1.146514163e+02,-6.446259614e+01,-2.911234863e+01,-1.995823466e+01
-1.397115735e+01,-2.037921742e+01,-5.792814811e+01,-1.090380747e+02,-1.495526071e+02,-1.696731093e+02,-1.718249313e+02,-1.626940317e+02,-1.509884725e+02,-1.457174950e+02,-1.637208282e+02,-2.104743918e+02,-2.699054477e+02,-3.246346019e+02,-3.619859186e+02,-3.748947527e+02,-3.649630491e+02,-3.438450744e+02,-3.220232257e+02,-2.989169827e+02,-2.620984042e+02,-2.198399444e+02,-2.026986906e+02,-2.172116628e+02,-2.471604402e+02,-2.810853813e+02,-3.162434804e+02,-3.424418728e+02,-3.481541233e+02,-3.417531653e+02,-3.322871494e+02,-3.229017377e+02,-3.016958701e+02,-2.728890324e+02,-2.535841648e+02,-2.448285120e+02,-2.469924213e+02,-2.619610820e+02,-2.890570018e+02,-3.226697557e+02,-3.521938611e+02,-3.583961513e+02,-3.349579916e+02,-3.019113712e+02,-2.719495446e+02,-2.488224016e+02,-2.333238431e+02,-2.312501817e+02,-2.363380842e+02,-2.469853386e+02,-2.620350879e+02,-2.752616754e+02,-2.899195017e+02,-3.092123874e+02,-3.277673911e+02,-3.333215166e+02,-3.154217725e+02,-2.700992892e+02,-2.014397740e+02,-1.403452552e+02,-1.165106176e+02,-1.310334720e+02,-1.640978776e+02,-1.924396577e+02,-1.970677580e+02,-1.740293432e+02,-1.327046239e+02,-8.450243553e+01,-4.280228058e+01,-2.934349167e+01
-1.679545392e+01,-2.449891579e+01,-6.239698898e+01,-1.121687466e+02,-1.501923231e+02,-1.693335149e+02,-1.723901799e+02,-1.644975270e+02,-1.554514209e+02,-1.624904271e+02,-1.983733588e+02,-2.537043482e+02,-3.099539235e+02,-3.522029699e+02,-3.731853762e+02,-3.738328649e+02,-3.593870014e+02,-3.388133414e+02,-3.231982345e+02,-3.165667804e+02,-2.820722428e+02,-2.625135376e+02,-2.742363207e+02,-3.107697309e+02,-3.497707372e+02,-3.769505466e+02,-3.903992750e+02,-3.918454157e+02,-3.857085133e+02,-3.756262581e+02,-3.646592088e+02,-3.535346585e+02,-3.322233368e+02,-3.086965434e+02,-2.934352658e+02,-2.829483799e+02,-2.782459197e+02,-2.863625025e+02,-3.109433153e+02,-3.477370453e+02,-3.877435424e+02,-4.200392866e+02,-4.011751164e+02,-3.736439155e+02,-3.487044658e+02,-3.268877887e+02,-3.061309724e+02,-2.916933969e+02,-2.859969346e+02,-2.705282427e+02,-2.649632112e+02,-2.642845112e+02,-2.707620254e+02,-2.896253163e+02,-3.182547516e+02,-3.440774522e+02,-3.511205008e+02,-3.188492054e+02,-2.419656779e+02,-1.711138493e+02,-1.338431890e+02,-1.374117428e+02,-1.654682624e+02,-1.914649757e+02,-1.944720006e+02,-1.717443551e+02,-1.330737165e+02,-8.864008201e+01,-4.695924243e+01,-3.219333457e+01
-1.737412663e+01,-2.534300455e+01,-5.736858584e+01,-9.864142756e+01,-1.330996625e+02,-1.588294334e+02,-1.746382242e+02,-1.816090829e+02,-1.892544671e+02,-2.128349903e+02,-2.568909002e+02,-3.093669483e+02,-3.533558337e+02,-3.768092633e+02,-3.784626151e+02,-3.682676336e+02,-3.588967479e+02,-3.555148892e+02,-3.441643438e+02,-3.304078916e+02,-3.191915784e+02,-3.218535690e+02,-3.481906953e+02,-3.898679512e+02,-4.257672456e+02,-4.422991835e+02,-4.416653721e+02,-4.315960252e+02,-4.161799315e+02,-3.971162534e+02,-3.760729481e+02,-3.546225471e+02,-3.373161568e+02,-3.263645222e+02,-3.126153399e+02,-2.935119355e+02,-2.765840733e+02,-2.749568040e+02,-2.956747168e+02,-3.348096295e+02,-3.823167006e+02,-4.270985757e+02,-4.498168020e+02,-4.364026104e+02,-4.184752223e+02,-3.997488906e+02,-3.798815699e+02,-3.648391977e+02,-3.637815855e+02,-3.346006779e+02,-3.093449449e+02,-2.938797840e+02,-2.874445836e+02,-2.958203523e+02,-3.215510648e+02,-3.552397291e+02,-3.771884867e+02,-3.532700886e+02,-2.901838482e+02,-2.291380375e+02,-1.919522058e+02,-1.856430592e+02,-1.981570267e+02,-2.038991453e+02,-1.876994988e+02,-1.570631755e+02,-1.163907522e+02,-7.486225003e+01,-4.165776605e+01,-2.855885935e+01
-1.946497863e+01,-2.839285406e+01,-4.475041338e+01,-6.683458328e+01,-1.028916165e+02,-1.477500248e+02,-1.885752559e+02,-2.190004919e+02,-2.451242349e+02,-2.785240328e+02,-3.213463783e+02,-3.631738095e+02,-3.900023311e+02,-3.955421065e+02,-3.846063718e+02,-3.731798716e+02,-3.767536248e+02,-3.884513745e+02,-3.844216453e+02,-3.785957404e+02,-3.752026093e+02,-3.829457174e+02,-4.081885290e+02,-4.429697178e+02,-4.693026465e+02,-4.779231532e+02,-4.726747859e+02,-4.559949883e+02,-4.284554215e+02,-3.959153257e+02,-3.601165838e+02,-3.271365200e+02,-3.086932812e+02,-3.104832038e+02,-2.989751481e+02,-2.745368602e+02,-2.521570382e+02,-2.462582406e+02,-2.653489102e+02,-3.064372777e+02,-3.599232054e+02,-4.144615051e+02,-4.601557966e+02,-4.696738910e+02,-4.610632688e+02,-4.460076245e+02,-4.285490496e+02,-4.182176323e+02,-4.231804787e+02,-4.180966807e+02,-3.852418454e+02,-3.619007117e+02,-3.442354128e+02,-3.352758283e+02,-3.438223544e+02,-3.671345219e+02,-3.819388041e+02,-3.669035994e+02,-3.309907102e+02,-2.922558201e+02,-2.665620082e+02,-2.577892898e+02,-2.302248161e+02,-1.962434647e+02,-1.599268916e+02,-1.178625214e+02,-7.873315002e+01,-5.462237328e+01,-3.862262866e+01,-2.647809339e+01
-2.886873618e+01,-4.210977207e+01,-3.778156880e+01,-2.801578737e+01,-7.705483745e+01,-1.504636097e+02,-2.180582902e+02,-2.682785266e+02,-3.062470666e+02,-3.415977364e+02,-3.659334507e+02,-3.803792020e+02,-3.887921955e+02,-3.901499674e+02,-3.912381956e+02,-3.995292949e+02,-4.238875397e+02,-4.435115986e+02,-4.477545758e+02,-4.414465877e+02,-4.333020401e+02,-4.338016673e+02,-4.490291767e+02,-4.719677742e+02,-4.870251093e+02,-4.867548107e+02,-4.736489992e+02,-4.439595542e+02,-4.024484835e+02,-3.672375143e+02,-3.300011987e+02,-2.908528379e+02,-2.651621310e+02,-2.553252042e+02,-2.514762619e+02,-2.380810126e+02,-2.209483611e+02,-2.159935881e+02,-2.323212935e+02,-2.702055983e+02,-3.243814190e+02,-3.839541505e+02,-4.391212114e+02,-4.754878014e+02,-4.803553092e+02,-4.691262711e+02,-4.515217012e+02,-4.433597468e+02,-4.554910467e+02,-4.792180038e+02,-4.808775003e+02,-4.601251253e+02,-4.327418525e+02,-3.981476268e+02,-3.721401516e+02,-3.634243876e+02,-3.636654790e+02,-3.618894167e+02,-3.535917418e+02,-3.423926137e+02,-3.351681561e+02,-3.088236813e+02,-2.585851670e+02,-2.039065025e+02,-1.409945731e+02,-7.304419348e+01,-2.340464327e+01,-3.061288086e+01,-3.811840933e+01,-2.613242125e+01
-3.884915312e+01,-5.666784209e+01,-4.089865767e+01,2.535043997e+00,-7.403340639e+01,-1.730546717e+02,-2.587768405e+02,-3.198456079e+02,-3.614630923e+02,-3.756355673e+02,-3.703216815e+02,-3.668788942e+02,-3.662888436e+02,-3.725594740e+02,-3.945662555e+02,-4.331297991e+02,-4.767048848e+02,-5.136146172e+02,-5.217572628e+02,-5.071702388e+02,-4.857036265e+02,-4.719166820e+02,-4.732251603e+02,-4.831815556e+02,-4.864722231e+02,-4.735896232e+02,-4.435495976e+02,-4.020719942e+02,-3.632352939e+02,-3.354662980e+02,-3.057675532e+02,-2.736312387e+02,-2.506525217e+02,-2.388073560e+02,-2.346227104e+02,-2.301873565e+02,-2.223462277e+02,-2.178668550e+02,-2.244090005e+02,-2.480133147e+02,-2.924501094e+02,-3.517480411e+02,-4.122802439e+02,-4.684729821e+02,-5.002067862e+02,-4.913721504e+02,-4.681170342e+02,-4.545058885e+02,-4.674574701e+02,-5.000433287e+02,-5.290707526e+02,-5.346298000e+02,-5.034115527e+02,-4.474183379e+02,-3.926174611e+02,-3.573673471e+02,-3.450960021e+02,-3.489072634e+02,-3.608663143e+02,-3.757213519e+02,-3.772648390e+02,-3.403435063e+02,-2.928000386e+02,-2.285049507e+02,-1.450417944e+02,-5.012888356e+01,2.636659668e+01,-1.553791712e+01,-3.577669688e+01,-2.452703905e+01
-4.145873849e+01,-6.047434903e+01,-3.813853975e+01,9.207823734e+00,-9.514740828e+01,-2.101638090e+02,-3.045034487e+02,-3.676216863e+02,-4.023156343e+02,-3.822417288e+02,-3.587651058e+02,-3.459869273e+02,-3.482709857e+02,-3.699603506e+02,-4.144701866e+02,-4.712783242e+02,-5.297764255e+02,-5.784943828e+02,-5.923808251e+02,-5.686111630e+02,-5.317678172e+02,-5.030840992e+02,-4.925739586e+02,-4.943583641e+02,-4.923894962e+02,-4.749582279e+02,-4.421522359e+02,-4.047348906e+02,-3.750068503e+02,-3.492955460e+02,-3.204821321e+02,-3.001376086e+02,-2.921316226e+02,-2.933215815e+02,-2.971431018e+02,-2.978566856e+02,-2.928954519e+02,-2.825985595e+02,-2.732459190e+02,-2.760072301e+02,-3.024624211e+02,-3.533371184e+02,-4.123251604e+02,-4.644247504e+02,-5.147213700e+02,-5.327364828e+02,-4.985660629e+02,-4.717920788e+02,-4.773404932e+02,-5.117805435e+02,-5.499038671e+02,-5.654528336e+02,-5.430169750e+02,-4.879182233e+02,-4.227036146e+02,-3.698039749e+02,-3.409932055e+02,-3.383358676e+02,-3.576123781e+02,-3.865491001e+02,-3.781838656e+02,-3.586529559e+02,-3.250115121e+02,-2.641224160e+02,-1.714716552e+02,-5.794978584e+01,4.791042658e+01,1.790349218e+00,-2.698886756e+01,-1.850246295e+01
-3.574341637e+01,-5.213761721e+01,-2.188307583e+01,-1.102637932e+01,-1.290061406e+02,-2.528324206e+02,-3.481320677e+02,-4.051448467e+02,-4.137830300e+02,-3.761025111e+02,-3.417830938e+02,-3.305884962e+02,-3.461142224e+02,-3.854516894e+02,-4.419120597e+02,-5.046952265e+02,-5.668234176e+02,-6.158658398e+02,-6.334290101e+02,-6.097387369e+02,-5.648689758e+02,-5.282529866e+02,-5.144691662e+02,-5.187507875e+02,-5.232515781e+02,-5.132083328e+02,-4.891326011e+02,-4.629564475e+02,-4.364748116e+02,-3.993663121e+02,-3.705698360e+02,-3.616603706e+02,-3.712446731e+02,-3.911207089e+02,-4.082606572e+02,-4.126448109e+02,-4.062795650e+02,-3.886501053e+02,-3.652366737e+02,-3.505491120e+02,-3.605738299e+02,-4.002707308e+02,-4.511141625e+02,-4.879644045e+02,-5.194251224e+02,-5.472109884e+02,-5.385412377e+02,-5.009245612e+02,-4.949410365e+02,-5.260092985e+02,-5.688639201e+02,-5.932911926e+02,-5.801593824e+02,-5.310622563e+02,-4.649094868e+02,-4.024925491e+02,-3.573668232e+02,-3.388018493e+02,-3.507708567e+02,-3.727484863e+02,-3.687542920e+02,-3.667255663e+02,-3.516923749e+02,-3.036452956e+02,-2.130929485e+02,-9.051229205e+01,3.065505416e+01,2.223711146e+01,-1.443022164e+01,-9.892769331e+00
-2.369288571e+01,-3.455994784e+01,4.343529219e+00,-3.886021781e+01,-1.643591488e+02,-2.905284445e+02,-3.805798778e+02,-4.253472628e+02,-4.116551514e+02,-3.624772299e+02,-3.252355716e+02,-3.239352026e+02,-3.557951969e+02,-4.037545143e+02,-4.597290832e+02,-5.200067135e+02,-5.772201683e+02,-6.191686418e+02,-6.321589558e+02,-6.104906898e+02,-5.683867216e+02,-5.345298126e+02,-5.276895486e+02,-5.453749227e+02,-5.669200994e+02,-5.728749572e+02,-5.626887007e+02,-5.454508942e+02,-5.000060290e+02,-4.549652504e+02,-4.318655248e+02,-4.348117813e+02,-4.587752735e+02,-4.922600536e+02,-5.175843588e+02,-5.168511404e+02,-5.088323022e+02,-4.895061516e+02,-4.598902868e+02,-4.358907108e+02,-4.357398178e+02,-4.669625734e+02,-5.080797488e+02,-5.265044732e+02,-5.371313437e+02,-5.466893985e+02,-5.474796040e+02,-5.249410532e+02,-5.122737740e+02,-5.388967708e+02,-5.838870208e+02,-6.150783570e+02,-6.111781683e+02,-5.715895229e+02,-5.119371205e+02,-4.491459905e+02,-3.934365751e+02,-3.564602092e+02,-3.526722772e+02,-3.532375529e+02,-3.515736276e+02,-3.639239536e+02,-3.665472908e+02,-3.349740690e+02,-2.554362853e+02,-1.346944044e+02,-6.851835270e+00,3.980186782e+01,-3.212341651e+00,-2.202249955e+00
-9.330742674e+00,-1.361041387e+01,2.068972784e+01,-6.410813737e+01,-1.906105286e+02,-3.126940908e+02,-3.934290601e+02,-4.240916678e+02,-3.972542351e+02,-3.432080424e+02,-3.092670199e+02,-3.216317453e+02,-3.657244464e+02,-4.135479341e+02,-4.647933598e+02,-5.174081846e+02,-5.645927201e+02,-5.964006149e+02,-6.021304628e+02,-5.786960910e+02,-5.399696007e+02,-5.124677564e+02,-5.158781695e+02,-5.501788609e+02,-5.929158355e+02,-6.198419317e+02,-6.209693322e+02,-5.706513844e+02,-5.208179227e+02,-4.880741707e+02,-4.799497519e+02,-4.956453405e+02,-5.273177180e+02,-5.634135535e+02,-5.716308002e+02,-5.540090175e+02,-5.517773933e+02,-5.410620256e+02,-5.163848658e+02,-4.934573580e+02,-4.913911879e+02,-5.200338941e+02,-5.534420646e+02,-5.541559307e+02,-5.478776617e+02,-5.405132561e+02,-5.295627704e+02,-5.171361273e+02,-5.110275526e+02,-5.358043597e+02,-5.820275410e+02,-6.186382554e+02,-6.243902834e+02,-5.977541730e+02,-5.514554090e+02,-4.982669215e+02,-4.404518767e+02,-3.807369252e+02,-3.361026907e+02,-3.110335022e+02,-3.159642791e+02,-3.400960825e+02,-3.566225075e+02,-3.398012270e+02,-2.747273872e+02,-1.650775769e+02,-4.146135589e+01,4.398394056e+01,6.701251986e+00,4.594104080e+00
-5.903877535e-01,-8.611770732e-01,3.064539445e+00,-8.091784612e+01,-2.019385410e+02,-3.142055427e+02,-3.831116209e+02,-4.013898699e+02,-3.689379462e+02,-3.162581793e+02,-2.916262215e+02,-3.199352315e+02,-3.726207820e+02,-4.196228141e+02,-4.647805002e+02,-5.070041314e+02,-5.425271904e+02,-5.645170788e+02,-5.640316978e+02,-5.381413422e+02,-5.002757278e+02,-4.760846193e+02,-4.850345011e+02,-5.281944501e+02,-5.819335251e+02,-6.149560498e+02,-5.898979709e+02,-5.364350303e+02,-4.945161677e+02,-4.799718676e+02,-4.922729737e+02,-5.208653766e+02,-5.524139505e+02,-5.570123339e+02,-5.294839399e+02,-5.224540712e+02,-5.281219095e+02,-5.259460705e+02,-5.118527879e+02,-4.979288506e+02,-5.019683139e+02,-5.369636829e+02,-5.698132611e+02,-5.552110624e+02,-5.389524786e+02,-5.205495268e+02,-4.976883028e+02,-4.784016157e+02,-4.766354651e+02,-5.015591629e+02,-5.463977464e+02,-5.869497572e+02,-6.039463410e+02,-5.932087953e+02,-5.631782901e+02,-5.202716724e+02,-4.460677783e+02,-3.633523915e+02,-2.971893580e+02,-2.615074846e+02,-2.666884234e+02,-2.974335275e+02,-3.227545228e+02,-3.165056752e+02,-2.634442961e+02,-1.650913869e+02,-5.088278941e+01,2.780305144e+01,1.730967775e+01,1.186680658e+01
-2.159510126e+00,-3.149998622e+00,-1.347726793e+01,-9.023671381e+01,-2.004914163e+02,-2.985914249e+02,-3.536675585e+02,-3.607365405e+02,-3.251964544e+02,-2.802911078e+02,-2.742911573e+02,-3.228854597e+02,-3.843992020e+02,-4.307810589e+02,-4.685993139e+02,-4.998809949e+02,-5.248503936e+02,-5.397517733e+02,-5.365060017e+02,-5.108081272e+02,-4.727101558e+02,-4.466843628e+02,-4.549980368e+02,-4.972400067e+02,-5.485717719e+02,-5.731111152e+02,-5.397258508e+02,-4.810209999e+02,-4.384420510e+02,-4.310148389e+02,-4.552280439e+02,-4.924584710e+02,-4.990145738e+02,-4.609089482e+02,-4.450916001e+02,-4.520509505e+02,-4.634892969e+02,-4.634555989e+02,-4.564352060e+02,-4.507042690e+02,-4.616975560e+02,-5.039071171e+02,-5.499314982e+02,-5.335160833e+02,-5.169923156e+02,-4.950709934e+02,-4.651503752e+02,-4.365727867e+02,-4.270512168e+02,-4.454713113e+02,-4.844004893e+02,-5.255386938e+02,-5.509222306e+02,-5.519431400e+02,-5.291221460e+02,-4.834099843e+02,-4.198084031e+02,-3.489816614e+02,-2.798895790e+02,-2.305551388e+02,-2.252253508e+02,-2.546961853e+02,-2.834141426e+02,-2.840730122e+02,-2.407050683e+02,-1.510619665e+02,-4.535814159e+01,2.320784970e+01,2.231454583e+01,1.529793929e+01
-6.800109528e+00,-9.919071637e+00,-2.645082325e+01,-9.616906858e+01,-1.940494465e+02,-2.748481856e+02,-3.101665901e+02,-3.088656244e+02,-2.725935633e+02,-2.446728063e+02,-2.701938084e+02,-3.420446476e+02,-4.091370558e+02,-4.516183041e+02,-4.806463025e+02,-5.011119003e+02,-5.161483027e+02,-5.230607552e+02,-5.082375315e+02,-4.627008528e+02,-4.227094875e+02,-4.233694161e+02,-4.452843420e+02,-4.801931379e+02,-5.211064415e+02,-5.369789365e+02,-4.985142373e+02,-4.323588532e+02,-3.809314852e+02,-3.659268614e+02,-3.840123822e+02,-4.114271718e+02,-3.904024859e+02,-3.542695658e+02,-3.464892740e+02,-3.659113721e+02,-3.835133841e+02,-3.819965729e+02,-3.787577538e+02,-3.767973687e+02,-3.910452296e+02,-4.335469853e+02,-4.876755768e+02,-5.060207687e+02,-5.031275047e+02,-4.863617914e+02,-4.555612136e+02,-4.219194952e+02,-4.057860472e+02,-4.173251345e+02,-4.491753900e+02,-4.856335971e+02,-5.098366749e+02,-5.125371637e+02,-4.940816339e+02,-4.605959945e+02,-4.180238573e+02,-3.659489870e+02,-3.013466545e+02,-2.371019205e+02,-2.093193775e+02,-2.271643756e+02,-2.534373742e+02,-2.579508696e+02,-2.232414965e+02,-1.406222689e+02,-4.142138470e+01,2.082914853e+01,2.352149765e+01,1.612537606e+01
-9.473001323e+00,-1.381792137e+01,-3.388949555e+01,-1.006312438e+02,-1.894768133e+02,-2.375871482e+02,-2.603615186e+02,-2.545927226e+02,-2.271980093e+02,-2.298458748e+02,-2.936010754e+02,-3.834641272e+02,-4.465155206e+02,-4.798373866e+02,-4.992450533e+02,-5.091275671e+02,-5.128158415e+02,-5.077249814e+02,-4.818525054e+02,-4.392755156e+02,-4.092047576e+02,-4.198552841e+02,-4.656677163e+02,-4.909384888e+02,-5.171980718e+02,-5.255843912e+02,-4.857896125e+02,-4.121823993e+02,-3.474269578e+02,-3.163431476e+02,-3.186784266e+02,-3.338034808e+02,-3.050063852e+02,-2.610857847e+02,-2.465018174e+02,-2.583855496e+02,-2.852130609e+02,-3.046609286e+02,-3.079896119e+02,-3.099831158e+02,-3.286621414e+02,-3.748055951e+02,-4.381503086e+02,-4.897715624e+02,-5.134937042e+02,-5.094907323e+02,-4.811212031e+02,-4.452564411e+02,-4.293953776e+02,-4.435473854e+02,-4.714680982e+02,-4.989139715e+02,-5.118261670e+02,-5.044937372e+02,-4.841338650e+02,-4.622650618e+02,-4.415229394e+02,-4.113628040e+02,-3.566011189e+02,-2.811062698e+02,-2.260200647e+02,-2.207596310e+02,-2.343766112e+02,-2.393444696e+02,-2.142435300e+02,-1.371266963e+02,-4.106372933e+01,2.038486225e+01,2.561013493e+01,1.755726029e+01
-8.747849836e+00,-1.276016935e+01,-3.532585445e+01,-1.026952596e+02,-1.676312418e+02,-2.040282856e+02,-2.195589773e+02,-2.125166651e+02,-2.033432367e+02,-2.432881091e+02,-3.374216557e+02,-4.338218055e+02,-4.838706888e+02,-5.057318394e+02,-5.170718727e+02,-5.223331078e+02,-5.240165597e+02,-5.222828839e+02,-5.050691319e+02,-4.726522595e+02,-4.476859671e+02,-4.559196108e+02,-5.005670873e+02,-5.186625427e+02,-5.311458030e+02,-5.327441508e+02,-4.976101290e+02,-4.205824839e+02,-3.435117750e+02,-2.958943479e+02,-2.817152545e+02,-2.835845302e+02,-2.465592329e+02,-1.927084941e+02,-1.657836628e+02,-1.692062940e+02,-1.998933834e+02,-2.442856817e+02,-2.665916893e+02,-2.766938094e+02,-3.008215939e+02,-3.506662427e+02,-4.208385400e+02,-4.927786740e+02,-5.434461898e+02,-5.456007357e+02,-5.072910036e+02,-4.697600882e+02,-4.614400477e+02,-4.887742706e+02,-5.304211044e+02,-5.529830244e+02,-5.478729960e+02,-5.218194529e+02,-4.932146044e+02,-4.777747444e+02,-4.737573066e+02,-4.614523660e+02,-4.144354897e+02,-3.280319307e+02,-2.476435030e+02,-2.156495460e+02,-2.099672419e+02,-2.175799827e+02,-2.070031883e+02,-1.351811601e+02,-3.993494033e+01,2.481399115e+01,3.186454685e+01,2.184502911e+01
-5.381650305e+00,-7.850016928e+00,-3.408973671e+01,-9.592146951e+01,-1.479935832e+02,-1.825348345e+02,-1.948097856e+02,-1.904113657e+02,-2.009316256e+02,-2.684782619e+02,-3.789934309e+02,-4.667953051e+02,-5.065385014e+02,-5.184744042e+02,-5.232640697e+02,-5.318239173e+02,-5.446670594e+02,-5.591202925e+02,-5.586320893e+02,-5.368870524e+02,-5.109945724e+02,-5.046804010e+02,-5.194626792e+02,-5.328912782e+02,-5.421342918e+02,-5.378175934e+02,-5.061220914e+02,-4.338602135e+02,-3.502378904e+02,-2.916163886e+02,-2.653864033e+02,-2.519049391e+02,-2.148839558e+02,-1.668718603e+02,-1.377932806e+02,-1.370295209e+02,-1.637251592e+02,-2.095470645e+02,-2.546498552e+02,-2.749416063e+02,-2.940041142e+02,-3.384793855e+02,-4.123221195e+02,-4.989849169e+02,-5.594562994e+02,-5.442578507e+02,-5.076016189e+02,-4.815295539e+02,-4.858973686e+02,-5.204181825e+02,-5.638857087e+02,-5.880970086e+02,-5.763783308e+02,-5.386029476e+02,-5.032511993e+02,-4.903939155e+02,-4.945101838e+02,-4.881712999e+02,-4.414166171e+02,-3.535624021e+02,-2.608168407e+02,-2.024958751e+02,-1.889305565e+02,-2.006272786e+02,-1.995165277e+02,-1.318294899e+02,-3.853501184e+01,3.093467343e+01,4.160858236e+01,2.852514103e+01
-2.157790069e+00,-3.147489638e+00,-3.526794816e+01,-9.004562365e+01,-1.427457744e+02,-1.779794790e+02,-1.899424097e+02,-1.897105029e+02,-2.126733876e+02,-2.906047876e+02,-3.984322652e+02,-4.758893000e+02,-5.110336812e+02,-5.149854407e+02,-5.120997523e+02,-5.219311782e+02,-5.497290464e+02,-5.861116322e+02,-6.066517987e+02,-5.951681450e+02,-5.611622576e+02,-5.294279679e+02,-5.178394652e+02,-5.261841660e+02,-5.372876295e+02,-5.298454733e+02,-4.926387680e+02,-4.236028355e+02,-3.411775819e+02,-2.812953580e+02,-2.537191796e+02,-2.402058982e+02,-2.148596530e+02,-1.785016658e+02,-1.494611435e+02,-1.397504744e+02,-1.558377885e+02,-1.969863573e+02,-2.538792476e+02,-2.684555562e+02,-2.598756700e+02,-2.924713894e+02,-3.719823089e+02,-4.728052115e+02,-5.356120849e+02,-5.258435323e+02,-4.990057227e+02,-4.862643898e+02,-5.021250068e+02,-5.412627622e+02,-5.811121215e+02,-5.966985282e+02,-5.774008171e+02,-5.349526465e+02,-4.978264964e+02,-4.860438069e+02,-4.891345548e+02,-4.779095967e+02,-4.325699313e+02,-3.567399778e+02,-2.754852959e+02,-2.175283933e+02,-1.923791259e+02,-2.018769331e+02,-1.974779574e+02,-1.316329540e+02,-4.355155238e+01,2.741902329e+01,4.796725945e+01,3.288438978e+01
-3.805494040e+00,-5.550935296e+00,-3.956497059e+01,-9.534364449e+01,-1.521002820e+02,-1.903398012e+02,-2.045422320e+02,-2.085874279e+02,-2.351989285e+02,-3.065858258e+02,-3.991180452e+02,-4.724941980e+02,-5.041585157e+02,-5.001545760e+02,-4.862685241e+02,-4.902803231e+02,-5.262850518e+02,-5.811031134e+02,-6.244763725e+02,-6.195427613e+02,-5.673206426e+02,-5.166419562e+02,-4.934625885e+02,-4.994332197e+02,-5.125481923e+02,-5.033072301e+02,-4.561076370e+02,-3.805919474e+02,-3.045315283e+02,-2.562027727e+02,-2.411381905e+02,-2.391795484e+02,-2.270576760e+02,-1.989668253e+02,-1.679009681e+02,-1.520540159e+02,-1.643773068e+02,-2.058154904e+02,-2.652042069e+02,-2.389335484e+02,-2.023589566e+02,-2.227767538e+02,-3.063937953e+02,-4.169431559e+02,-4.851922665e+02,-4.876975024e+02,-4.759062271e+02,-4.778285013e+02,-5.033179248e+02,-5.448722263e+02,-5.802899413e+02,-5.866399901e+02,-5.574746169e+02,-5.087934196e+02,-4.703872645e+02,-4.584190950e+02,-4.575704493e+02,-4.439342271e+02,-4.046524408e+02,-3.430328715e+02,-2.788452293e+02,-2.386599752e+02,-2.097124904e+02,-2.142145943e+02,-2.035039756e+02,-1.413301000e+02,-5.976775499e+01,9.076792000e+00,3.777970981e+01,2.590022273e+01
-4.986787110e+00,-7.274044394e+00,-4.329407525e+01,-1.045680659e+02,-1.685230811e+02,-2.132707113e+02,-2.323605709e+02,-2.361057529e+02,-2.572532965e+02,-3.187598909e+02,-4.013738995e+02,-4.673987448e+02,-4.917622785e+02,-4.765740791e+02,-4.485290601e+02,-4.446135364e+02,-4.841959233e+02,-5.490582613e+02,-6.017823892e+02,-5.906787643e+02,-5.354681037e+02,-4.809893218e+02,-4.540684786e+02,-4.577461459e+02,-4.698704596e+02,-4.543456756e+02,-3.894320010e+02,-3.111201464e+02,-2.531894181e+02,-2.335123072e+02,-2.430328495e+02,-2.561711186e+02,-2.534538832e+02,-2.312455299e+02,-2.028172487e+02,-1.889565708e+02,-2.040662443e+02,-2.469292449e+02,-2.918313315e+02,-2.331372483e+02,-1.722428825e+02,-1.733684736e+02,-2.494544464e+02,-3.556228681e+02,-4.154000514e+02,-4.288390497e+02,-4.360375807e+02,-4.536780925e+02,-4.869854355e+02,-5.306478982e+02,-5.641432466e+02,-5.641115515e+02,-5.261235294e+02,-4.688641189e+02,-4.252661368e+02,-4.128956977e+02,-4.150659093e+02,-4.080316950e+02,-3.795479859e+02,-3.318708538e+02,-2.805193621e+02,-2.429961384e+02,-2.234115797e+02,-2.276712231e+02,-2.214258305e+02,-1.616942043e+02,-8.462419790e+01,-1.652174072e+01,1.728601409e+01,1.185058374e+01
-3.559173963e+00,-5.191637189e+00,-4.197088532e+01,-1.071913574e+02,-1.774299933e+02,-2.294535753e+02,-2.521061603e+02,-2.534319100e+02,-2.756465756e+02,-3.335507390e+02,-4.076704654e+02,-4.616054828e+02,-4.715458846e+02,-4.420322723e+02,-4.038357114e+02,-3.977735270e+02,-4.428113246e+02,-5.147332982e+02,-5.637926805e+02,-5.493752660e+02,-4.969613894e+02,-4.425818311e+02,-4.123556264e+02,-4.103063613e+02,-4.153172249e+02,-3.803833621e+02,-3.074280103e+02,-2.448536438e+02,-2.243581177e+02,-2.474095341e+02,-2.858623664e+02,-3.143232835e+02,-3.200628389e+02,-3.038940126e+02,-2.802344691e+02,-2.698182414e+02,-2.857056540e+02,-3.217778033e+02,-3.383327187e+02,-2.781003899e+02,-2.078178125e+02,-1.854294462e+02,-2.330409987e+02,-3.014673603e+02,-3.345039517e+02,-3.601361073e+02,-3.894478664e+02,-4.228087583e+02,-4.616820468e+02,-5.083693346e+02,-5.435685196e+02,-5.405744128e+02,-4.950831408e+02,-4.264949123e+02,-3.731674980e+02,-3.610665841e+02,-3.730318841e+02,-3.794751886e+02,-3.651813589e+02,-3.301869057e+02,-2.866953510e+02,-2.506101846e+02,-2.337005715e+02,-2.354256769e+02,-2.265679895e+02,-1.757119309e+02,-1.012578356e+02,-3.167364658e+01,5.995105368e+00,4.109998861e+00
-1.380633071e+00,-2.013879083e+00,-3.549393186e+01,-9.934995753e+01,-1.705148292e+02,-2.253056354e+02,-2.545789943e+02,-2.664039543e+02,-2.914507527e+02,-3.453522150e+02,-4.088018673e+02,-4.472054005e+02,-4.417996061e+02,-4.026393821e+02,-3.628664073e+02,-3.630766719e+02,-4.186103637e+02,-4.965033593e+02,-5.345225065e+02,-5.191266521e+02,-4.702465741e+02,-4.165740844e+02,-3.809208063e+02,-3.678531313e+02,-3.588095610e+02,-3.131287343e+02,-2.503988583e+02,-2.169745682e+02,-2.389216910e+02,-2.990333118e+02,-3.628225027e+02,-4.062120459e+02,-4.198442752e+02,-4.093061444e+02,-3.904200257e+02,-3.818969821e+02,-3.938565571e+02,-4.160487077e+02,-4.137669287e+02,-3.628801650e+02,-2.993881999e+02,-2.616793547e+02,-2.475331867e+02,-2.323162005e+02,-2.512643868e+02,-2.948979905e+02,-3.497077838e+02,-4.008923215e+02,-4.447423436e+02,-4.952843659e+02,-5.324668552e+02,-5.269249570e+02,-4.738821323e+02,-3.914805359e+02,-3.254214310e+02,-3.114913970e+02,-3.336723141e+02,-3.554507179e+02,-3.557778723e+02,-3.309731886e+02,-2.915134560e+02,-2.561311476e+02,-2.397589782e+02,-2.356865057e+02,-2.162673668e+02,-1.650120217e+02,-9.077845531e+01,-2.116138697e+01,1.317653268e+01,9.033291494e+00
-1.447943910e+00,-2.112062947e+00,-2.717449206e+01,-8.378947510e+01,-1.517833902e+02,-2.088479351e+02,-2.473106488e+02,-2.709016066e+02,-2.965837070e+02,-3.428250938e+02,-3.928215487e+02,-4.171283678e+02,-4.023212733e+02,-3.611024189e+02,-3.280606204e+02,-3.437330057e+02,-4.117067885e+02,-4.739619150e+02,-5.076873800e+02,-4.971290743e+02,-4.549214818e+02,-4.054320312e+02,-3.658592196e+02,-3.394703858e+02,-3.183948660e+02,-2.791868334e+02,-2.312372117e+02,-2.218144326e+02,-2.696364466e+02,-3.529561908e+02,-4.380334197e+02,-4.941697465e+02,-5.097255808e+02,-5.007667202e+02,-4.878040985e+02,-4.845936151e+02,-4.954913776e+02,-5.084886056e+02,-4.981302652e+02,-4.544618407e+02,-3.979389764e+02,-3.187875217e+02,-2.161826114e+02,-1.680214096e+02,-1.855374886e+02,-2.443382745e+02,-3.203501498e+02,-3.931161685e+02,-4.442249834e+02,-4.982137369e+02,-5.340610637e+02,-5.249837397e+02,-4.648931355e+02,-3.685211005e+02,-2.884121225e+02,-2.689109167e+02,-2.980235260e+02,-3.332022579e+02,-3.459583772e+02,-3.284073447e+02,-2.911832990e+02,-2.568046350e+02,-2.398377183e+02,-2.286083118e+02,-2.012854885e+02,-1.482775802e+02,-7.385884562e+01,-6.686119487e+00,2.006793202e+01,1.375775281e+01
-5.417725381e+00,-7.902638325e+00,-2.150090236e+01,-6.546386474e+01,-1.263847030e+02,-1.828643577e+02,-2.271577008e+02,-2.615446236e+02,-2.827925298e+02,-3.192081276e+02,-3.584270541e+02,-3.747353010e+02,-3.568035378e+02,-3.177108093e+02,-2.922994031e+02,-3.155695750e+02,-3.784806284e+02,-4.474182075e+02,-4.850686141e+02,-4.783350673e+02,-4.415050938e+02,-3.982147176e+02,-3.604918643e+02,-3.246943900e+02,-2.969412013e+02,-2.706843724e+02,-2.234874398e+02,-2.205923182e+02,-2.779742900e+02,-3.753777238e+02,-4.785458249e+02,-5.449412316e+02,-5.574079510e+02,-5.474331106e+02,-5.406499359e+02,-5.469956126e+02,-5.636154565e+02,-5.746764575e+02,-5.585989618e+02,-5.114526680e+02,-4.315767155e+02,-3.031776966e+02,-1.851556064e+02,-1.297244121e+02,-1.489236310e+02,-2.151124729e+02,-2.994142870e+02,-3.846385078e+02,-4.499794462e+02,-5.042779452e+02,-5.368825578e+02,-5.275946017e+02,-4.625267890e+02,-3.548417104e+02,-2.621518437e+02,-2.352746796e+02,-2.684013591e+02,-3.139022742e+02,-3.353706918e+02,-3.213319403e+02,-2.842114753e+02,-2.496105974e+02,-2.292860019e+02,-2.099546391e+02,-1.810625227e+02,-1.356014955e+02,-6.800214785e+01,-6.280913056e+00,1.368207176e+01,9.379868390e+00
-1.065231605e+01,-1.553814473e+01,-1.915965763e+01,-4.879441029e+01,-1.008638910e+02,-1.541570216e+02,-2.000483936e+02,-2.379744469e+02,-2.536841879e+02,-2.857387113e+02,-3.207891884e+02,-3.347850910e+02,-3.169885174e+02,-2.794756047e+02,-2.566110512e+02,-2.849465925e+02,-3.581005974e+02,-4.335206780e+02,-4.730812661e+02,-4.663556429e+02,-4.301785652e+02,-3.892700039e+02,-3.540679684e+02,-3.139675218e+02,-2.788858342e+02,-2.488636193e+02,-1.984321059e+02,-1.929730138e+02,-2.524636127e+02,-3.585856159e+02,-4.771950718e+02,-5.594761736e+02,-5.753381849e+02,-5.674415467e+02,-5.656302780e+02,-5.777943770e+02,-5.963335787e+02,-5.997173043e+02,-5.685753865e+02,-5.077934149e+02,-4.135733155e+02,-2.819870212e+02,-1.653208183e+02,-1.145247420e+02,-1.387728978e+02,-2.069222513e+02,-2.901198389e+02,-3.743844407e+02,-4.430999966e+02,-4.988163071e+02,-5.355979421e+02,-5.299938078e+02,-4.602294506e+02,-3.453594158e+02,-2.444482926e+02,-2.114246132e+02,-2.465079308e+02,-2.979474374e+02,-3.224505835e+02,-3.068574249e+02,-2.671171164e+02,-2.302655135e+02,-2.034696182e+02,-1.771191665e+02,-1.506423226e+02,-1.205917659e+02,-7.627830288e+01,-2.077809264e+01,-3.030945143e+00,-2.077891934e+00
-1.381672273e+01,-2.015394929e+01,-1.634850849e+01,-3.578331172e+01,-8.144723275e+01,-1.312284740e+02,-1.753913455e+02,-2.043658893e+02,-2.232603794e+02,-2.595745585e+02,-2.975754471e+02,-3.136406472e+02,-2.969643478e+02,-2.583187863e+02,-2.341692628e+02,-2.686202994e+02,-3.521002344e+02,-4.336202422e+02,-4.742566531e+02,-4.659184793e+02,-4.276880091e+02,-3.851953042e+02,-3.479754261e+02,-3.033266058e+02,-2.621200492e+02,-2.226636317e+02,-1.685312891e+02,-1.562023954e+02,-2.132698021e+02,-3.223678828e+02,-4.501344650e+02,-5.537204707e+02,-5.837246863e+02,-5.814226988e+02,-5.838316465e+02,-5.964214814e+02,-6.084136854e+02,-5.932364467e+02,-5.464176366e+02,-4.809161267e+02,-3.941158134e+02,-2.686933985e+02,-1.589881433e+02,-1.185840451e+02,-1.496161242e+02,-2.167071729e+02,-2.940037895e+02,-3.663875681e+02,-4.252870415e+02,-4.858560208e+02,-5.318337694e+02,-5.302826317e+02,-4.563311534e+02,-3.399078298e+02,-2.374150313e+02,-2.022577467e+02,-2.371879003e+02,-2.869272313e+02,-3.064327734e+02,-2.858111194e+02,-2.441850571e+02,-2.065458435e+02,-1.739903084e+02,-1.405673031e+02,-1.108933045e+02,-8.162779883e+01,-5.178296521e+01,-2.649055979e+01,-1.686826943e+01,-1.156419511e+01
-1.322469319e+01,-1.929037740e+01,-1.127324296e+01,-3.007681890e+01,-7.434975157e+01,-1.209679508e+02,-1.563696829e+02,-1.709633125e+02,-1.958730980e+02,-2.436351084e+02,-2.922824429e+02,-3.151273237e+02,-3.009741498e+02,-2.598102922e+02,-2.314389263e+02,-2.674579246e+02,-3.569388691e+02,-4.433399062e+02,-4.860688121e+02,-4.775799427e+02,-4.373431917e+02,-3.906281443e+02,-3.460768676e+02,-2.966604624e+02,-2.563973729e+02,-2.159074998e+02,-1.575419126e+02,-1.372611862e+02,-1.891538324e+02,-2.952925545e+02,-4.212824483e+02,-5.318773772e+02,-5.921898197e+02,-5.961138144e+02,-6.020985343e+02,-6.069270434e+02,-6.075141525e+02,-5.784741110e+02,-5.250559792e+02,-4.573118818e+02,-3.873609145e+02,-2.654640406e+02,-1.646508374e+02,-1.380271731e+02,-1.759795209e+02,-2.391377232e+02,-3.006256055e+02,-3.477448169e+02,-4.043591336e+02,-4.737435660e+02,-5.313832329e+02,-5.303353755e+02,-4.531150641e+02,-3.412949711e+02,-2.453934340e+02,-2.148272466e+02,-2.490258265e+02,-2.903494936e+02,-3.001363635e+02,-2.745597567e+02,-2.330070990e+02,-1.957534608e+02,-1.541701622e+02,-1.098704210e+02,-7.215026936e+01,-3.554435208e+01,1.427783677e-01,1.322473018e+01,-4.789568567e+00,-3.283532173e+00
-5.291013080e+00,-7.717807715e+00,-8.367546952e-01,-3.865924119e+01,-8.487476829e+01,-1.276514696e+02,-1.460758020e+02,-1.503334894e+02,-1.768057311e+02,-2.327238456e+02,-2.929056380e+02,-3.255416552e+02,-3.173883733e+02,-2.771425901e+02,-2.459977569e+02,-2.802633619e+02,-3.697377675e+02,-4.577097221e+02,-5.034978842e+02,-4.974510073e+02,-4.559234888e+02,-4.019766267e+02,-3.469837593e+02,-2.983878696e+02,-2.653769737e+02,-2.295369256e+02,-1.715826729e+02,-1.482061383e+02,-1.956082002e+02,-2.950183513e+02,-4.086832278e+02,-4.983947885e+02,-5.448534019e+02,-5.650941354e+02,-5.676282842e+02,-5.621416854e+02,-5.670814785e+02,-5.695849072e+02,-5.092985338e+02,-4.278147095e+02,-3.398428216e+02,-2.474097217e+02,-1.746249966e+02,-1.674945425e+02,-2.112109801e+02,-2.618862672e+02,-2.940907844e+02,-3.313226045e+02,-3.928624340e+02,-4.735694595e+02,-5.443603943e+02,-5.309459881e+02,-4.512010727e+02,-3.476290917e+02,-2.642833697e+02,-2.466081403e+02,-2.824143271e+02,-3.098875806e+02,-3.096955043e+02,-2.802064358e+02,-2.383430235e+02,-1.965080834e+02,-1.404189839e+02,-8.877701177e+01,-4.763035329e+01,-8.559332328e+00,2.945478003e+01,4.848166335e+01,1.511871787e+01,1.036477416e+01
6.082779837e+00,8.872728993e+00,1.221553216e+01,-4.761490593e+01,-1.064845535e+02,-1.506435687e+02,-1.543690625e+02,-1.521792444e+02,-1.756514289e+02,-2.314645393e+02,-2.939609351e+02,-3.303081604e+02,-3.278583649e+02,-2.956428047e+02,-2.690775058e+02,-3.027070185e+02,-3.892183481e+02,-4.758003668e+02,-5.237396498e+02,-5.204619172e+02,-4.767806863e+02,-4.143123313e+02,-3.548566144e+02,-3.139598700e+02,-2.893880824e+02,-2.542343696e+02,-2.020467797e+02,-1.829271848e+02,-2.280743581e+02,-3.196491340e+02,-4.146009432e+02,-4.764377375e+02,-5.086996147e+02,-5.261520142e+02,-5.315145066e+02,-5.325140402e+02,-5.445476466e+02,-5.524190647e+02,-4.854384863e+02,-3.983724991e+02,-3.085054486e+02,-2.313070240e+02,-1.903872197e+02,-2.056518254e+02,-2.484339711e+02,-2.746610934e+02,-2.953492080e+02,-3.326863795e+02,-3.983133750e+02,-4.855113144e+02,-5.568510339e+02,-5.262182886e+02,-4.490834188e+02,-3.532481404e+02,-2.788922373e+02,-2.685095314e+02,-3.016783855e+02,-3.201333194e+02,-3.173173323e+02,-2.869673562e+02,-2.432745181e+02,-1.934471513e+02,-1.340826993e+02,-8.495049995e+01,-4.721290579e+01,-1.083612525e+01,2.664532768e+01,5.319826680e+01,2.420744153e+01,1.659563110e+01
1.696219156e+01,2.474212989e+01,1.716405695e+01,-4.728951062e+01,-1.159087608e+02,-1.693378663e+02,-1.811704820e+02,-1.764529412e+02,-1.944662143e+02,-2.440282225e+02,-2.998698825e+02,-3.311071764e+02,-3.283076749e+02,-3.032771777e+02,-2.890398835e+02,-3.260812726e+02,-4.098013673e+02,-4.947867268e+02,-5.438496567e+02,-5.415569544e+02,-4.958515602e+02,-4.317523636e+02,-3.769079998e+02,-3.438107899e+02,-3.203306458e+02,-2.820144325e+02,-2.413221681e+02,-2.249625333e+02,-2.603346061e+02,-3.477912465e+02,-4.227971824e+02,-4.605555466e+02,-4.804647052e+02,-4.922827357e+02,-4.997857620e+02,-5.077747993e+02,-5.256297367e+02,-5.204288167e+02,-4.581424148e+02,-3.793707044e+02,-2.999038266e+02,-2.384760228e+02,-2.203820461e+02,-2.496072733e+02,-2.746160371e+02,-2.992836519e+02,-3.221591331e+02,-3.570398177e+02,-4.160134234e+02,-4.913868370e+02,-5.404940944e+02,-5.202655039e+02,-4.497259101e+02,-3.594203791e+02,-2.858733126e+02,-2.601892523e+02,-2.771198812e+02,-3.026544862e+02,-3.056953689e+02,-2.786343797e+02,-2.364037820e+02,-1.914894873e+02,-1.433801272e+02,-1.026588593e+02,-7.045121768e+01,-3.768953468e+01,-4.734261259e-01,3.121672914e+01,2.168822859e+01,1.486856183e+01
2.283910602e+01,3.331457058e+01,1.682819320e+01,-5.066688773e+01,-1.247177390e+02,-1.821667538e+02,-2.117389118e+02,-2.118506505e+02,-2.241863100e+02,-2.644126026e+02,-3.097987032e+02,-3.339418340e+02,-3.293842599e+02,-3.071121963e+02,-2.979163330e+02,-3.366533753e+02,-4.188088226e+02,-5.045079668e+02,-5.554790891e+02,-5.545849883e+02,-5.120653396e+02,-4.546712127e+02,-4.066394066e+02,-3.747901433e+02,-3.481845474e+02,-3.164996446e+02,-2.699939729e+02,-2.147259689e+02,-2.171047241e+02,-2.841323726e+02,-3.733252497e+02,-4.266311605e+02,-4.403840194e+02,-4.435050009e+02,-4.481590878e+02,-4.602478820e+02,-4.830324322e+02,-4.698300585e+02,-4.216347093e+02,-3.599339233e+02,-2.970497857e+02,-2.505514578e+02,-2.345643265e+02,-2.588178278e+02,-3.053037051e+02,-3.476044366e+02,-3.745814651e+02,-3.973040961e+02,-4.369313116e+02,-4.926623993e+02,-5.332857409e+02,-5.208020722e+02,-4.565707569e+02,-3.709881621e+02,-2.985582259e+02,-2.630877296e+02,-2.691241577e+02,-2.905960780e+02,-2.940874246e+02,-2.692924233e+02,-2.319328820e+02,-1.992251963e+02,-1.666731085e+02,-1.343846126e+02,-1.053007995e+02,-7.415987321e+01,-3.769999626e+01,-2.012873813e+00,9.077167403e+00,6.222934444e+00
2.477112506e+01,3.613273625e+01,1.377242898e+01,-5.785079827e+01,-1.373678577e+02,-1.991945300e+02,-2.353583184e+02,-2.433232521e+02,-2.522078340e+02,-2.847502928e+02,-3.239216547e+02,-3.463194535e+02,-3.429331827e+02,-3.219959787e+02,-3.097324084e+02,-3.379241506e+02,-4.107870930e+02,-4.951428751e+02,-5.489626504e+02,-5.524245458e+02,-5.175666141e+02,-4.699593938e+02,-4.298215532e+02,-4.023319816e+02,-3.798923975e+02,-3.486734204e+02,-2.783068326e+02,-1.929701790e+02,-1.604313460e+02,-2.029061378e+02,-2.844301609e+02,-3.530744550e+02,-3.760166045e+02,-3.723507491e+02,-3.694716773e+02,-3.796258535e+02,-4.034843304e+02,-3.981556905e+02,-3.699002982e+02,-3.294274130e+02,-2.778116392e+02,-2.252431054e+02,-2.253590421e+02,-2.789971746e+02,-3.496180072e+02,-4.134203313e+02,-4.363267328e+02,-4.390953564e+02,-4.588549118e+02,-4.987874523e+02,-5.343776566e+02,-5.263454487e+02,-4.645347355e+02,-3.832114987e+02,-3.208367647e+02,-2.902290049e+02,-2.915566255e+02,-3.060302267e+02,-3.044851163e+02,-2.774035670e+02,-2.414005048e+02,-2.155021183e+02,-1.919425413e+02,-1.638842258e+02,-1.341987862e+02,-1.009007974e+02,-6.364377401e+01,-2.859580320e+01,-2.133563434e+00,-1.462683764e+00
2.773072507e+01,4.044979679e+01,1.041657382e+01,-6.737017741e+01,-1.532185113e+02,-2.203938400e+02,-2.594135459e+02,-2.687304862e+02,-2.752560100e+02,-3.063841945e+02,-3.484250956e+02,-3.759475690e+02,-3.770950131e+02,-3.571347755e+02,-3.379895741e+02,-3.491392658e+02,-4.031893411e+02,-4.751431560e+02,-5.247795875e+02,-5.312472204e+02,-5.049208212e+02,-4.701098501e+02,-4.449820237e+02,-4.314781111e+02,-4.170305728e+02,-3.794018306e+02,-2.966417291e+02,-1.970703498e+02,-1.365535464e+02,-1.467165136e+02,-2.047714500e+02,-2.632535014e+02,-2.916709293e+02,-2.889612964e+02,-2.775650584e+02,-2.812620183e+02,-3.007367267e+02,-3.105344782e+02,-3.060747429e+02,-2.858156657e+02,-2.279677624e+02,-2.023074973e+02,-2.398858627e+02,-3.210545381e+02,-4.025791343e+02,-4.512935772e+02,-4.681068995e+02,-4.696600663e+02,-4.787575014e+02,-5.062605205e+02,-5.360981881e+02,-5.286253536e+02,-4.622480442e+02,-3.822924767e+02,-3.348988811e+02,-3.284098848e+02,-3.357477014e+02,-3.444055657e+02,-3.349957081e+02,-3.008609799e+02,-2.588331212e+02,-2.285826653e+02,-2.056104897e+02,-1.803585100e+02,-1.503573449e+02,-1.136416342e+02,-7.181482994e+01,-3.329759198e+01,-1.224261308e+00,-8.393034437e-01
2.760464231e+01,4.026588447e+01,1.504546355e+00,-8.217262375e+01,-1.737756037e+02,-2.457733127e+02,-2.853819804e+02,-2.891690227e+02,-2.905649021e+02,-3.234704116e+02,-3.767669300e+02,-4.166576032e+02,-4.266372102e+02,-4.096929358e+02,-3.844228065e+02,-3.790835693e+02,-4.111961863e+02,-4.632606361e+02,-5.005535150e+02,-5.045417786e+02,-4.849540877e+02,-4.654072899e+02,-4.617624401e+02,-4.685081806e+02,-4.612250345e+02,-4.163866043e+02,-3.354826176e+02,-2.444267962e+02,-1.768829628e+02,-1.559884916e+02,-1.738901486e+02,-2.010704156e+02,-2.180837448e+02,-2.191431009e+02,-2.012494640e+02,-1.974849328e+02,-2.133678012e+02,-2.291087261e+02,-2.386804682e+02,-2.346778268e+02,-2.131269977e+02,-2.238191905e+02,-2.896506055e+02,-3.875260039e+02,-4.594379903e+02,-4.816677642e+02,-4.868672342e+02,-4.877645837e+02,-4.918775534e+02,-5.081211700e+02,-5.304574091e+02,-5.261087550e+02,-4.613368308e+02,-3.868876172e+02,-3.477289057e+02,-3.516906120e+02,-3.682101083e+02,-3.744725501e+02,-3.574295348e+02,-3.144572005e+02,-2.631232296e+02,-2.264680872e+02,-2.055641249e+02,-1.862435700e+02,-1.588783399e+02,-1.197658994e+02,-7.174384063e+01,-2.449435524e+01,9.693413903e+00,6.645407821e+00
1.205317248e+01,1.758152288e+01,-1.831667798e+01,-1.040285307e+02,-1.985520387e+02,-2.729069630e+02,-3.090468650e+02,-3.005086501e+02,-2.934111314e+02,-3.235310901e+02,-3.849989868e+02,-4.409593526e+02,-4.651259414e+02,-4.560372620e+02,-4.327256312e+02,-4.224897633e+02,-4.398257670e+02,-4.732894064e+02,-4.958717408e+02,-4.933947269e+02,-4.772176784e+02,-4.716518181e+02,-4.902135681e+02,-5.164194033e+02,-5.107697452e+02,-4.625686975e+02,-3.933532089e+02,-3.271645288e+02,-2.748889307e+02,-2.274192572e+02,-1.929359548e+02,-1.834348261e+02,-1.900672744e+02,-1.976696855e+02,-1.839708664e+02,-1.780279068e+02,-1.901632895e+02,-2.033092852e+02,-2.196820680e+02,-2.391331924e+02,-2.516524095e+02,-2.844303112e+02,-3.620220058e+02,-4.676363467e+02,-5.282255341e+02,-5.285228486e+02,-5.157848932e+02,-5.045258216e+02,-4.987050017e+02,-5.011923637e+02,-5.131365861e+02,-5.184414185e+02,-4.856891037e+02,-4.249976508e+02,-3.867428554e+02,-3.807823584e+02,-3.867736063e+02,-3.828017581e+02,-3.551831594e+02,-3.037164075e+02,-2.478347578e+02,-2.129722132e+02,-2.002822529e+02,-1.899382764e+02,-1.663900465e+02,-1.240253761e+02,-6.770225453e+01,-1.356255046e+01,1.090245716e+01,7.474278394e+00
-3.969957553e+00,-5.790832223e+00,-4.033058434e+01,-1.241626513e+02,-2.174754834e+02,-2.912236628e+02,-3.246133777e+02,-3.050517443e+02,-2.904585147e+02,-3.150650603e+02,-3.772563518e+02,-4.406754340e+02,-4.761859718e+02,-4.802291195e+02,-4.700336816e+02,-4.674193310e+02,-4.821341660e+02,-5.052257514e+02,-5.163583844e+02,-5.064002658e+02,-4.899875548e+02,-4.936350352e+02,-5.291793063e+02,-5.650304770e+02,-5.556489598e+02,-5.127806451e+02,-4.602230005e+02,-4.204258074e+02,-3.916411655e+02,-2.954336633e+02,-2.238718187e+02,-2.006257268e+02,-2.106435437e+02,-2.279684313e+02,-2.244435975e+02,-2.253223498e+02,-2.356466647e+02,-2.373570564e+02,-2.513280215e+02,-2.842824127e+02,-3.186310931e+02,-3.573670949e+02,-4.309654360e+02,-5.315511727e+02,-6.095510650e+02,-5.900294120e+02,-5.560230788e+02,-5.249465743e+02,-5.008528553e+02,-4.854233832e+02,-4.851318479e+02,-4.900298576e+02,-4.850378514e+02,-4.645235698e+02,-4.372007537e+02,-4.193015867e+02,-4.070802644e+02,-3.850626811e+02,-3.420595235e+02,-2.810866992e+02,-2.243355117e+02,-1.979189992e+02,-1.986636359e+02,-1.993652680e+02,-1.790534039e+02,-1.312195836e+02,-6.524076960e+01,-7.193699287e+00,1.048576080e+01,7.188608423e+00
-1.417889177e+01,-2.068223205e+01,-5.007905855e+01,-1.268711325e+02,-2.139660513e+02,-2.816908115e+02,-3.139653302e+02,-3.055082755e+02,-2.882125163e+02,-3.079723620e+02,-3.691792076e+02,-4.351363351e+02,-4.804397311e+02,-4.997692390e+02,-5.046292422e+02,-5.117199183e+02,-5.281479424e+02,-5.452152531e+02,-5.474622012e+02,-5.301270169e+02,-5.102361125e+02,-5.169448539e+02,-5.595318994e+02,-5.855467247e+02,-5.797720948e+02,-5.525677309e+02,-5.194785389e+02,-4.996046279e+02,-4.648273685e+02,-3.422207959e+02,-2.666880271e+02,-2.460184277e+02,-2.619390017e+02,-2.794395859e+02,-2.762976056e+02,-2.888194324e+02,-3.112674721e+02,-2.981814968e+02,-3.053986835e+02,-3.435836996e+02,-3.867129509e+02,-4.173594425e+02,-4.748054478e+02,-5.578472296e+02,-6.335542221e+02,-6.420765733e+02,-5.896417122e+02,-5.367243671e+02,-4.916740715e+02,-4.619120321e+02,-4.544276949e+02,-4.587194261e+02,-4.609608725e+02,-4.573136038e+02,-4.514596493e+02,-4.420210895e+02,-4.217033947e+02,-3.838556681e+02,-3.253709450e+02,-2.550660707e+02,-1.996389498e+02,-1.865144207e+02,-2.054390144e+02,-2.193291223e+02,-2.017288283e+02,-1.466957172e+02,-7.003512402e+01,-7.898304984e+00,5.689856762e+00,3.900732911e+00
-1.781175395e+01,-2.598135555e+01,-4.220238426e+01,-1.078972150e+02,-1.921153328e+02,-2.593867628e+02,-2.906359044e+02,-2.850875343e+02,-2.649347211e+02,-2.714015374e+02,-3.237249473e+02,-3.954489324e+02,-4.563621588e+02,-4.967612879e+02,-5.239579181e+02,-5.490049004e+02,-5.721763919e+02,-5.799040406e+02,-5.653616898e+02,-5.356984537e+02,-5.106955760e+02,-5.170973278e+02,-5.400039796e+02,-5.627757324e+02,-5.733215955e+02,-5.658680238e+02,-5.505534519e+02,-5.413085496e+02,-4.960105822e+02,-3.917853896e+02,-3.283379361e+02,-3.146370412e+02,-3.284422250e+02,-3.278571134e+02,-3.165705281e+02,-3.361373559e+02,-3.867288065e+02,-3.590545594e+02,-3.608432175e+02,-4.000606992e+02,-4.378766362e+02,-4.487326409e+02,-4.843055775e+02,-5.468461735e+02,-6.069041086e+02,-6.276655985e+02,-5.860058112e+02,-5.203970903e+02,-4.649084903e+02,-4.336711107e+02,-4.293063670e+02,-4.382198691e+02,-4.456054136e+02,-4.465410763e+02,-4.441474609e+02,-4.377549542e+02,-4.161589380e+02,-3.695180224e+02,-3.001620105e+02,-2.242490265e+02,-1.748364502e+02,-1.808627343e+02,-2.222442647e+02,-2.508775002e+02,-2.351110551e+02,-1.716944665e+02,-8.374750809e+01,-1.749759190e+01,-7.474708872e+00,-5.124354463e+00
-1.910741666e+01,-2.787129147e+01,-2.632575621e+01,-7.781154143e+01,-1.631520777e+02,-2.347510728e+02,-2.685160665e+02,-2.613083201e+02,-2.326053826e+02,-2.245995195e+02,-2.680147090e+02,-3.420091582e+02,-4.143268662e+02,-4.724918211e+02,-5.198316013e+02,-5.619035709e+02,-5.951071180e+02,-6.018365181e+02,-5.726608207e+02,-5.260408412e+02,-4.858053966e+02,-4.684202104e+02,-4.821825190e+02,-5.151034155e+02,-5.420678045e+02,-5.503379014e+02,-5.437200689e+02,-5.296848647e+02,-4.939766663e+02,-4.358637647e+02,-3.998577185e+02,-3.960047659e+02,-3.945413307e+02,-3.638215560e+02,-3.464903721e+02,-3.691982817e+02,-4.187329811e+02,-4.080980595e+02,-4.090704567e+02,-4.460868538e+02,-4.644649626e+02,-4.525804225e+02,-4.676479837e+02,-5.123722917e+02,-5.593695519e+02,-5.740868555e+02,-5.385483806e+02,-4.757665013e+02,-4.260732898e+02,-4.078900313e+02,-4.180761974e+02,-4.379608253e+02,-4.508725216e+02,-4.513572207e+02,-4.429470953e+02,-4.275122594e+02,-3.968980865e+02,-3.413614139e+02,-2.651586205e+02,-1.901777989e+02,-1.552550088e+02,-1.859352866e+02,-2.498111028e+02,-2.900535545e+02,-2.551782687e+02,-1.780233669e+02,-9.331700308e+01,-3.406878001e+01,-2.869040722e+01,-1.966896889e+01
-2.138411227e+01,-3.119222428e+01,-1.588791422e+01,-4.798249403e+01,-1.349528600e+02,-2.139959069e+02,-2.565336039e+02,-2.576510048e+02,-2.323529373e+02,-2.145530285e+02,-2.403081752e+02,-3.050275505e+02,-3.798554164e+02,-4.489350342e+02,-5.096608205e+02,-5.598350881e+02,-5.914502338e+02,-5.951349822e+02,-5.664159646e+02,-5.109209613e+02,-4.478089039e+02,-4.100953338e+02,-4.190977886e+02,-4.610880673e+02,-5.033781793e+02,-5.230562320e+02,-5.169919801e+02,-4.954932742e+02,-4.714057250e+02,-4.563879497e+02,-4.592155741e+02,-4.748431951e+02,-4.457759941e+02,-3.976617717e+02,-3.796318809e+02,-4.007226159e+02,-4.401424730e+02,-4.436841383e+02,-4.503327275e+02,-4.826404643e+02,-4.762836116e+02,-4.476402940e+02,-4.487674992e+02,-4.818108000e+02,-5.196971501e+02,-5.265702233e+02,-4.847878046e+02,-4.271485557e+02,-3.941117723e+02,-3.988236696e+02,-4.303675711e+02,-4.643773915e+02,-4.823631307e+02,-4.791536337e+02,-4.597684873e+02,-4.288471628e+02,-3.822059294e+02,-3.144510621e+02,-2.342845270e+02,-1.685298246e+02,-1.565722956e+02,-2.099091248e+02,-2.871785404e+02,-2.773418737e+02,-2.026091262e+02,-1.158201682e+02,-4.215169383e+01,-2.615217580e+01,-4.145368985e+01,-2.841895307e+01
-2.408995359e+01,-3.513913628e+01,-1.363194402e+01,-2.949051689e+01,-1.196000089e+02,-2.080662581e+02,-2.633985708e+02,-2.792600557e+02,-2.666844018e+02,-2.492179375e+02,-2.565089093e+02,-3.005490879e+02,-3.666149318e+02,-4.387364519e+02,-5.074751701e+02,-5.612690900e+02,-5.915775153e+02,-5.924430787e+02,-5.584409090e+02,-4.934622063e+02,-4.195358040e+02,-3.709886882e+02,-3.732834398e+02,-4.189253427e+02,-4.737897651e+02,-5.052981800e+02,-5.009715330e+02,-4.770586277e+02,-4.593392519e+02,-4.622282580e+02,-4.848767908e+02,-5.158209291e+02,-4.900494885e+02,-4.452314307e+02,-4.253352954e+02,-4.350812552e+02,-4.572347407e+02,-4.699497969e+02,-4.872571655e+02,-5.153411892e+02,-4.906534039e+02,-4.549160962e+02,-4.514094467e+02,-4.805311143e+02,-5.135601988e+02,-5.046844477e+02,-4.447461804e+02,-3.989676277e+02,-3.911193052e+02,-4.189646177e+02,-4.686591647e+02,-5.144452293e+02,-5.354604437e+02,-5.261760451e+02,-4.935336582e+02,-4.453383779e+02,-3.820531613e+02,-3.051890864e+02,-2.290585758e+02,-1.814859466e+02,-1.911018228e+02,-2.531071065e+02,-3.278814418e+02,-2.652842973e+02,-1.713814402e+02,-7.347228536e+01,9.024100357e-02,-6.872907534e+00,-3.725366509e+01,-2.553958800e+01
-2.532839857e+01,-3.694561077e+01,-1.259870438e+01,-2.512346669e+01,-1.238209387e+02,-2.228375141e+02,-2.907109426e+02,-3.199903114e+02,-3.193385147e+02,-3.064299742e+02,-3.027485184e+02,-3.238228440e+02,-3.709423801e+02,-4.376714148e+02,-5.142394305e+02,-5.729607274e+02,-6.051804479e+02,-6.063487323e+02,-5.687654081e+02,-4.994713303e+02,-4.239210706e+02,-3.743895014e+02,-3.738714008e+02,-4.156097231e+02,-4.680217957e+02,-5.033063481e+02,-5.060225717e+02,-4.855660203e+02,-4.700423554e+02,-4.752272130e+02,-4.985845694e+02,-5.280142584e+02,-5.429634310e+02,-5.031662734e+02,-4.724457388e+02,-4.626834056e+02,-4.715122321e+02,-4.911131918e+02,-5.174915183e+02,-5.442469126e+02,-5.137646587e+02,-4.812601780e+02,-4.825521606e+02,-5.150730398e+02,-5.384042330e+02,-4.832545180e+02,-4.249264770e+02,-3.998999020e+02,-4.188219220e+02,-4.642030841e+02,-5.211823166e+02,-5.715181876e+02,-5.923651342e+02,-5.748182736e+02,-5.281348837e+02,-4.653348349e+02,-3.935429692e+02,-3.206462051e+02,-2.607100278e+02,-2.324525185e+02,-2.492732136e+02,-3.024262392e+02,-3.576179794e+02,-2.838237862e+02,-1.752314567e+02,-6.538618352e+01,1.721864722e+01,6.232895720e+00,-3.010636313e+01,-2.063969031e+01
-2.399967574e+01,-3.500745127e+01,-6.589235525e+00,-3.015434753e+01,-1.417247563e+02,-2.502399084e+02,-3.263333418e+02,-3.617623076e+02,-3.657136558e+02,-3.552256909e+02,-3.473054704e+02,-3.534487636e+02,-3.801745500e+02,-4.318733622e+02,-5.057036670e+02,-5.847946005e+02,-6.255097654e+02,-6.328486741e+02,-5.961501085e+02,-5.280418540e+02,-4.578964288e+02,-4.165383687e+02,-4.216895624e+02,-4.599060493e+02,-4.961570866e+02,-5.144438141e+02,-5.156121299e+02,-5.027527744e+02,-4.891332843e+02,-4.902241003e+02,-5.070195437e+02,-5.298931102e+02,-5.457827693e+02,-5.271984091e+02,-4.936169623e+02,-4.758761292e+02,-4.810723825e+02,-5.031877680e+02,-5.305579469e+02,-5.534947471e+02,-5.354943061e+02,-5.153196197e+02,-5.283281585e+02,-5.610232486e+02,-5.236600445e+02,-4.758235779e+02,-4.365297768e+02,-4.285034498e+02,-4.616693571e+02,-5.177355333e+02,-5.735526523e+02,-6.183594714e+02,-6.323635593e+02,-6.013168255e+02,-5.406700239e+02,-4.721197416e+02,-4.080594322e+02,-3.541827266e+02,-3.154377029e+02,-2.981637349e+02,-3.087268624e+02,-3.428833492e+02,-3.774817784e+02,-3.210323469e+02,-2.059800389e+02,-8.582060001e+01,1.320067645e+01,1.710927655e+01,-2.296682773e+01,-1.574511706e+01
-2.224811038e+01,-3.245250680e+01,-4.472493358e+00,-4.301539189e+01,-1.598015765e+02,-2.720322724e+02,-3.477544605e+02,-3.824380795e+02,-3.886919540e+02,-3.838935152e+02,-3.808322915e+02,-3.837935608e+02,-3.968402429e+02,-4.314336059e+02,-4.918007695e+02,-5.620963888e+02,-6.228421811e+02,-6.578507643e+02,-6.277412346e+02,-5.673595425e+02,-5.071121630e+02,-4.767373306e+02,-4.904824870e+02,-5.293930710e+02,-5.448771250e+02,-5.326817033e+02,-5.145494777e+02,-5.000689883e+02,-4.903668766e+02,-4.864156385e+02,-4.913165605e+02,-5.000693337e+02,-5.040330656e+02,-4.969098628e+02,-4.808299394e+02,-4.699433535e+02,-4.747503273e+02,-4.924462424e+02,-5.116128057e+02,-5.230915661e+02,-5.265655898e+02,-5.304224536e+02,-5.304881307e+02,-5.254892266e+02,-5.125662984e+02,-4.918013552e+02,-4.730132408e+02,-4.744762443e+02,-5.082886991e+02,-5.638449004e+02,-6.148136697e+02,-6.470812571e+02,-6.415952773e+02,-5.904241190e+02,-5.194857948e+02,-4.549617666e+02,-4.110047095e+02,-3.844388198e+02,-3.657122682e+02,-3.534154256e+02,-3.536328492e+02,-3.672915829e+02,-3.801234514e+02,-3.511168399e+02,-2.442255375e+02,-1.200548460e+02,-1.014931451e+01,1.578428940e+01,-2.109071410e+01,-1.445893034e+01
-2.433505580e+01,-3.549665793e+01,-2.591716551e+01,-5.931531825e+01,-1.636533384e+02,-2.759607236e+02,-3.463886435e+02,-3.796394951e+02,-3.890427056e+02,-3.914443510e+02,-3.971680612e+02,-4.058651944e+02,-4.162380799e+02,-4.391930209e+02,-4.830880922e+02,-5.311300944e+02,-5.785833282e+02,-6.175462205e+02,-6.281163171e+02,-5.927513522e+02,-5.475275960e+02,-5.261500304e+02,-5.432247032e+02,-5.848827617e+02,-5.860763180e+02,-5.443006051e+02,-5.016526133e+02,-4.718526265e+02,-4.598147862e+02,-4.542116140e+02,-4.458702063e+02,-4.407573747e+02,-4.385455200e+02,-4.381749567e+02,-4.379458340e+02,-4.366601205e+02,-4.392719655e+02,-4.470387047e+02,-4.529140343e+02,-4.522903495e+02,-4.511493704e+02,-4.568330571e+02,-4.707922710e+02,-4.912704172e+02,-5.104061676e+02,-5.186924403e+02,-5.170282328e+02,-5.210597488e+02,-5.469337277e+02,-5.914685459e+02,-6.322543993e+02,-6.437018128e+02,-6.113336871e+02,-5.442331821e+02,-4.676149524e+02,-4.102067775e+02,-3.842607059e+02,-3.800051472e+02,-3.825400934e+02,-3.830466731e+02,-3.799919280e+02,-3.769942317e+02,-3.685570227e+02,-3.373371931e+02,-2.627069674e+02,-1.508689485e+02,-4.851207930e+01,-1.917582399e+01,-3.240148145e+01,-2.221312950e+01
-2.848301083e+01,-4.154712858e+01,-4.504984827e+01,-6.973842694e+01,-1.496332037e+02,-2.493878814e+02,-3.306503714e+02,-3.623604567e+02,-3.737550713e+02,-3.820911478e+02,-3.963900680e+02,-4.154169193e+02,-4.345215079e+02,-4.549413579e+02,-4.660752608e+02,-4.871828340e+02,-5.179520368e+02,-5.462544006e+02,-5.645148332e+02,-5.663721046e+02,-5.506648511e+02,-5.404739550e+02,-5.556936323e+02,-5.902257291e+02,-5.972332712e+02,-5.419564209e+02,-4.824632625e+02,-4.358353680e+02,-4.116355692e+02,-4.056570422e+02,-3.931785109e+02,-3.772936511e+02,-3.694391214e+02,-3.695437878e+02,-3.752851257e+02,-3.782221560e+02,-3.760922674e+02,-3.734172782e+02,-3.679508268e+02,-3.624952186e+02,-3.661563935e+02,-3.848035778e+02,-4.185315961e+02,-4.640873283e+02,-5.111807221e+02,-5.424169878e+02,-5.495969053e+02,-5.487782949e+02,-5.619002684e+02,-5.895476262e+02,-6.018045693e+02,-5.939747523e+02,-5.510556184e+02,-4.776798644e+02,-4.045896760e+02,-3.600818177e+02,-3.494061083e+02,-3.560930794e+02,-3.663017237e+02,-3.771543586e+02,-3.840713807e+02,-3.758847262e+02,-3.488836980e+02,-3.023161800e+02,-2.336887425e+02,-1.516437170e+02,-8.249690567e+01,-5.857879957e+01,-5.124328968e+01,-3.513030202e+01
-2.974342101e+01,-4.338564292e+01,-5.300083149e+01,-7.262128624e+01,-1.294924608e+02,-2.072723525e+02,-2.809825954e+02,-3.304564720e+02,-3.461339772e+02,-3.602839191e+02,-3.827700344e+02,-4.123484140e+02,-4.413308022e+02,-4.504695028e+02,-4.393584862e+02,-4.400800881e+02,-4.543848707e+02,-4.699034356e+02,-4.823950999e+02,-4.948548038e+02,-5.062816771e+02,-5.157754881e+02,-5.340306532e+02,-5.629306649e+02,-5.790130162e+02,-5.309433917e+02,-4.679017838e+02,-4.130314569e+02,-3.760621992e+02,-3.565657867e+02,-3.487297523e+02,-3.447513202e+02,-3.303714075e+02,-3.227825447e+02,-3.210092851e+02,-3.162475689e+02,-3.108375213e+02,-3.021463023e+02,-2.940115948e+02,-2.948461439e+02,-3.120037064e+02,-3.463684306e+02,-3.943300796e+02,-4.521813545e+02,-5.116910927e+02,-5.531736848e+02,-5.566188661e+02,-5.430794354e+02,-5.419929149e+02,-5.480454914e+02,-5.355473292e+02,-5.206233797e+02,-4.795375464e+02,-4.160712956e+02,-3.607090948e+02,-3.346250744e+02,-3.334643464e+02,-3.385351278e+02,-3.399900840e+02,-3.400002172e+02,-3.422373608e+02,-3.446241897e+02,-3.243356215e+02,-2.655430690e+02,-1.966016192e+02,-1.320548686e+02,-9.253253651e+01,-8.498434423e+01,-5.973182305e+01,-4.094969306e+01
-2.520545717e+01,-3.676628065e+01,-4.917046111e+01,-6.942774828e+01,-1.134453018e+02,-1.714379691e+02,-2.278853179e+02,-2.771006563e+02,-3.081145520e+02,-3.279553784e+02,-3.584230275e+02,-3.972845802e+02,-4.353828660e+02,-4.512330901e+02,-4.345605378e+02,-4.166774417e+02,-4.127118947e+02,-4.143808864e+02,-4.152717278e+02,-4.220471944e+02,-4.404012164e+02,-4.670886924e+02,-4.959709398e+02,-5.272139031e+02,-5.520853735e+02,-5.177649542e+02,-4.643435415e+02,-4.131458898e+02,-3.706286236e+02,-3.357165184e+02,-3.068772561e+02,-2.848578193e+02,-2.711221261e+02,-2.662306701e+02,-2.693808340e+02,-2.789315130e+02,-2.794709849e+02,-2.696763029e+02,-2.671139596e+02,-2.805395590e+02,-3.121874562e+02,-3.565642539e+02,-4.061224706e+02,-4.578876020e+02,-5.088943158e+02,-5.462338971e+02,-5.317184250e+02,-5.029560123e+02,-4.892373049e+02,-4.774980662e+02,-4.593138466e+02,-4.454967291e+02,-4.213793282e+02,-3.861277294e+02,-3.586931314e+02,-3.477023674e+02,-3.433761672e+02,-3.327497318e+02,-3.124380366e+02,-2.875453469e+02,-2.679792814e+02,-2.634769976e+02,-2.727063908e+02,-2.352981989e+02,-1.688455366e+02,-1.159865196e+02,-8.767864702e+01,-7.547027579e+01,-4.779819253e+01,-3.276848442e+01
-1.298243252e+01,-1.893700059e+01,-3.318970195e+01,-6.103224289e+01,-1.053596801e+02,-1.542029101e+02,-1.963380571e+02,-2.307301564e+02,-2.596048884e+02,-2.826251204e+02,-3.205605006e+02,-3.681323099e+02,-4.181329308e+02,-4.550437442e+02,-4.509330853e+02,-4.232352342e+02,-4.033634409e+02,-3.929104808e+02,-3.813730651e+02,-3.724380210e+02,-3.795082907e+02,-4.087082642e+02,-4.498031823e+02,-4.873335183e+02,-5.187919701e+02,-5.012624619e+02,-4.674766623e+02,-4.297202755e+02,-3.901700050e+02,-3.478234503e+02,-3.065501454e+02,-2.742139670e+02,-2.579410755e+02,-2.600369028e+02,-2.751349447e+02,-2.903534217e+02,-2.869153231e+02,-2.794829679e+02,-2.859662660e+02,-3.119360662e+02,-3.536375377e+02,-3.992838805e+02,-4.378440551e+02,-4.692957287e+02,-4.973363471e+02,-5.142940534e+02,-4.819528696e+02,-4.421975166e+02,-4.173977949e+02,-4.032241394e+02,-3.935408659e+02,-3.915840971e+02,-3.930339127e+02,-3.941250859e+02,-3.934497635e+02,-3.853096734e+02,-3.640499320e+02,-3.290446869e+02,-2.823541421e+02,-2.304891181e+02,-1.901296700e+02,-1.809568622e+02,-2.043180768e+02,-2.121418227e+02,-1.549746264e+02,-1.068939305e+02,-7.623805208e+01,-5.185879986e+01,-2.389391394e+01,-1.638068942e+01
4.141247100e+00,6.040686034e+00,-1.150712616e+01,-5.090584497e+01,-1.027820741e+02,-1.527991559e+02,-1.904660003e+02,-2.111208941e+02,-2.051756339e+02,-2.226403831e+02,-2.664927918e+02,-3.211035383e+02,-3.807024802e+02,-4.391776579e+02,-4.700803715e+02,-4.352791408e+02,-4.035886196e+02,-3.854107695e+02,-3.693311677e+02,-3.465689802e+02,-3.322113728e+02,-3.462838068e+02,-3.888561860e+02,-4.363987136e+02,-4.698609295e+02,-4.745645702e+02,-4.647063043e+02,-4.468300270e+02,-4.175674129e+02,-3.758495215e+02,-3.304368040e+02,-2.940191405e+02,-2.773034426e+02,-2.832548660e+02,-3.020357176e+02,-3.118348267e+02,-3.049009973e+02,-3.034406543e+02,-3.198403515e+02,-3.552461006e+02,-4.006106831e+02,-4.370348521e+02,-4.525537973e+02,-4.590793494e+02,-4.640480031e+02,-4.591506948e+02,-4.221620963e+02,-3.759024753e+02,-3.486522065e+02,-3.453974745e+02,-3.543482596e+02,-3.686459393e+02,-3.891127330e+02,-4.174787695e+02,-4.359427990e+02,-4.150733599e+02,-3.699374449e+02,-3.125693587e+02,-2.448679424e+02,-1.737033716e+02,-1.232942941e+02,-1.199401732e+02,-1.589021626e+02,-1.876959016e+02,-1.523818730e+02,-1.056619524e+02,-6.534319044e+01,-2.456928771e+01,4.997851828e+00,3.426322652e+00
1.325846156e+01,1.933963409e+01,-3.421697852e+00,-5.073546717e+01,-1.074300290e+02,-1.594298265e+02,-1.977254796e+02,-2.182413490e+02,-1.817759990e+02,-1.735451711e+02,-2.061440524e+02,-2.580263485e+02,-3.175263599e+02,-3.804719296e+02,-4.282809029e+02,-4.154845632e+02,-3.868425209e+02,-3.699126123e+02,-3.585222408e+02,-3.344862614e+02,-3.017473119e+02,-2.898771433e+02,-3.147672582e+02,-3.587163841e+02,-3.955846990e+02,-4.178816650e+02,-4.322103569e+02,-4.425890973e+02,-4.343650806e+02,-3.996861658e+02,-3.566218405e+02,-3.201163465e+02,-3.021774582e+02,-3.057669159e+02,-3.173830412e+02,-3.155773391e+02,-3.091767196e+02,-3.147946407e+02,-3.376343217e+02,-3.755401740e+02,-4.164875530e+02,-4.311071337e+02,-4.244917816e+02,-4.141698764e+02,-4.040884990e+02,-3.897167541e+02,-3.584300364e+02,-3.195691965e+02,-3.049233231e+02,-3.210907614e+02,-3.478578594e+02,-3.711138576e+02,-3.938886746e+02,-4.253117531e+02,-4.552500682e+02,-4.046393636e+02,-3.428996938e+02,-2.740025060e+02,-1.967932030e+02,-1.212945651e+02,-7.974254361e+01,-9.375252037e+01,-1.428619548e+02,-1.764671440e+02,-1.569150193e+02,-1.123329676e+02,-6.153858224e+01,-7.254686460e+00,2.496959111e+01,1.711812966e+01
7.429230844e+00,1.083674794e+01,-1.497324059e+01,-6.557150072e+01,-1.223732432e+02,-1.721268786e+02,-2.085437123e+02,-2.259829550e+02,-1.945269218e+02,-1.640214904e+02,-1.652828405e+02,-1.938638718e+02,-2.400420157e+02,-2.975264660e+02,-3.495589098e+02,-3.674382915e+02,-3.600729539e+02,-3.557179759e+02,-3.552235378e+02,-3.377621203e+02,-2.942861979e+02,-2.548413207e+02,-2.492843456e+02,-2.743532125e+02,-3.061341940e+02,-3.320845000e+02,-3.543037538e+02,-3.750287191e+02,-3.908603131e+02,-3.966826576e+02,-3.711637108e+02,-3.371090186e+02,-3.163320764e+02,-3.119574077e+02,-3.063924566e+02,-2.954126123e+02,-2.938230283e+02,-3.045018651e+02,-3.258152641e+02,-3.565002705e+02,-3.889564992e+02,-3.967355294e+02,-3.787952011e+02,-3.548455327e+02,-3.317715766e+02,-3.111427116e+02,-2.919150536e+02,-2.821597518e+02,-2.982178441e+02,-3.345466054e+02,-3.681914789e+02,-3.879512156e+02,-3.981711842e+02,-4.070808840e+02,-3.997421322e+02,-3.523092638e+02,-2.885496982e+02,-2.195036188e+02,-1.465287682e+02,-8.758236949e+01,-7.251578971e+01,-1.014850220e+02,-1.485497376e+02,-1.781695427e+02,-1.659152351e+02,-1.231009511e+02,-6.340077179e+01,-2.375385079e+00,2.800474214e+01,1.919890498e+01
-7.105307974e-01,-1.036425347e+00,-3.127939523e+01,-8.494303272e+01,-1.408841569e+02,-1.866657799e+02,-2.190680133e+02,-2.350656832e+02,-2.183555439e+02,-1.855775772e+02,-1.618309519e+02,-1.556800980e+02,-1.772484008e+02,-2.254094642e+02,-2.835953203e+02,-3.254630990e+02,-3.432925125e+02,-3.560754784e+02,-3.678401561e+02,-3.571067219e+02,-3.072429218e+02,-2.493819547e+02,-2.164802256e+02,-2.163454970e+02,-2.352406841e+02,-2.582217762e+02,-2.796760451e+02,-2.980227980e+02,-3.114904161e+02,-3.189600497e+02,-3.194020206e+02,-3.104283650e+02,-2.943627283e+02,-2.788302387e+02,-2.648809116e+02,-2.609587927e+02,-2.715499457e+02,-2.850443313e+02,-2.952169805e+02,-3.122106714e+02,-3.347310293e+02,-3.536225084e+02,-3.475730466e+02,-3.121836249e+02,-2.775153551e+02,-2.525868857e+02,-2.434015615e+02,-2.577663141e+02,-2.983976830e+02,-3.521175273e+02,-3.927915447e+02,-4.055145980e+02,-3.996942347e+02,-3.842312667e+02,-3.527434866e+02,-2.986702943e+02,-2.359663700e+02,-1.750765598e+02,-1.209904104e+02,-9.213119878e+01,-9.778351553e+01,-1.275296574e+02,-1.643592715e+02,-1.856842629e+02,-1.739033154e+02,-1.298393132e+02,-6.363975700e+01,-3.381895641e-01,2.814788430e+01,1.929703738e+01
-4.583747212e+00,-6.686144801e+00,-3.823085901e+01,-9.290337965e+01,-1.484408446e+02,-1.920236601e+02,-2.216451320e+02,-2.356735899e+02,-2.285936524e+02,-2.063506199e+02,-1.797989625e+02,-1.567966188e+02,-1.549733836e+02,-1.886747783e+02,-2.478731478e+02,-3.057219086e+02,-3.434160310e+02,-3.700182329e+02,-3.893978551e+02,-3.788495759e+02,-3.253291916e+02,-2.645806572e+02,-2.228124553e+02,-2.084180781e+02,-2.158545636e+02,-2.330625677e+02,-2.492905497e+02,-2.603401312e+02,-2.667420958e+02,-2.686557989e+02,-2.636724226e+02,-2.494395093e+02,-2.302720274e+02,-2.150606364e+02,-2.092551759e+02,-2.177475378e+02,-2.453114738e+02,-2.669097375e+02,-2.670450519e+02,-2.737574145e+02,-2.857739240e+02,-2.990571033e+02,-3.084917587e+02,-2.978930861e+02,-2.630652461e+02,-2.415847442e+02,-2.436198117e+02,-2.670299374e+02,-3.041757352e+02,-3.497769292e+02,-3.911041524e+02,-4.083738394e+02,-3.967378488e+02,-3.688625504e+02,-3.261676687e+02,-2.682811075e+02,-2.115731710e+02,-1.670804274e+02,-1.361799199e+02,-1.257958083e+02,-1.346647625e+02,-1.563273828e+02,-1.801149473e+02,-1.901174309e+02,-1.729188069e+02,-1.253595428e+02,-5.738839141e+01,3.196185141e+00,2.828578316e+01,1.939157520e+01
-3.113744340e+00,-4.541905250e+00,-3.068164060e+01,-7.979094631e+01,-1.320300384e+02,-1.739387997e+02,-2.032124482e+02,-2.189051912e+02,-2.211254471e+02,-2.126887960e+02,-1.968404861e+02,-1.783044495e+02,-1.695402969e+02,-1.892255728e+02,-2.407115135e+02,-3.027118787e+02,-3.485841072e+02,-3.802981854e+02,-3.984665774e+02,-3.791366229e+02,-3.290858423e+02,-2.785138437e+02,-2.444005491e+02,-2.318055125e+02,-2.373565116e+02,-2.518985722e+02,-2.629420641e+02,-2.659289959e+02,-2.642444527e+02,-2.584625353e+02,-2.449964816e+02,-2.219797831e+02,-1.951354737e+02,-1.742526659e+02,-1.662640743e+02,-1.753805373e+02,-2.030457055e+02,-2.365885680e+02,-2.520804658e+02,-2.569192281e+02,-2.609091647e+02,-2.674933558e+02,-2.731483299e+02,-2.663688483e+02,-2.489310166e+02,-2.446014290e+02,-2.647222107e+02,-2.927010484e+02,-3.098681917e+02,-3.385367474e+02,-3.721851347e+02,-3.914111273e+02,-3.827364116e+02,-3.537582876e+02,-3.122380835e+02,-2.597806217e+02,-2.170179900e+02,-1.879548382e+02,-1.684829298e+02,-1.613619186e+02,-1.649329183e+02,-1.757716196e+02,-1.853420240e+02,-1.818063461e+02,-1.564096432e+02,-1.070679412e+02,-4.417848814e+01,7.489191513e+00,2.622209546e+01,1.797679538e+01
4.778613229e-01,6.970388749e-01,-1.383433939e+01,-4.997161626e+01,-9.336828338e+01,-1.306445632e+02,-1.609214897e+02,-1.843882066e+02,-1.999434315e+02,-2.065525363e+02,-2.045441158e+02,-1.969007164e+02,-1.915253572e+02,-2.020985721e+02,-2.379908365e+02,-2.872810467e+02,-3.238327093e+02,-3.520242031e+02,-3.592741754e+02,-3.367045920e+02,-2.994011446e+02,-2.665101964e+02,-2.489072278e+02,-2.476076110e+02,-2.585657333e+02,-2.753110227e+02,-2.853921104e+02,-2.842206402e+02,-2.780622044e+02,-2.669118347e+02,-2.464622147e+02,-2.156263683e+02,-1.807257234e+02,-1.518775617e+02,-1.373309207e+02,-1.420729802e+02,-1.679812910e+02,-2.082292528e+02,-2.406967410e+02,-2.506321565e+02,-2.497644744e+02,-2.485003767e+02,-2.445920478e+02,-2.306287199e+02,-2.163751806e+02,-2.214393502e+02,-2.515797433e+02,-2.949079405e+02,-2.897049658e+02,-3.020641362e+02,-3.284699390e+02,-3.488364144e+02,-3.450896676e+02,-3.197068989e+02,-2.849332777e+02,-2.432884867e+02,-2.167112001e+02,-1.997662609e+02,-1.878221893e+02,-1.804721965e+02,-1.773847598e+02,-1.759771067e+02,-1.697647405e+02,-1.527233686e+02,-1.216695262e+02,-7.659146573e+01,-2.694204135e+01,8.546172654e+00,1.751140383e+01,1.200510173e+01
-1.252023768e-01,-1.826281386e-01,-3.835438368e+00,-2.045599264e+01,-4.984352764e+01,-8.056541932e+01,-1.117851339e+02,-1.439757642e+02,-1.727137945e+02,-1.924253428e+02,-2.005971740e+02,-1.973024769e+02,-1.857093215e+02,-1.768423733e+02,-1.833437471e+02,-2.062866738e+02,-2.361888296e+02,-2.594152033e+02,-2.630175057e+02,-2.462293306e+02,-2.231499854e+02,-2.090323965e+02,-2.107606666e+02,-2.254225595e+02,-2.453992104e+02,-2.655024671e+02,-2.770507632e+02,-2.768796501e+02,-2.723632580e+02,-2.608838689e+02,-2.388156291e+02,-2.058694413e+02,-1.674418532e+02,-1.330491922e+02,-1.121093701e+02,-1.107635888e+02,-1.315096483e+02,-1.704679182e+02,-2.114743595e+02,-2.306028459e+02,-2.293846184e+02,-2.220300077e+02,-2.084800013e+02,-1.867147379e+02,-1.696131301e+02,-1.714334182e+02,-1.947644110e+02,-2.331555273e+02,-2.366033686e+02,-2.362112032e+02,-2.549519767e+02,-2.729649191e+02,-2.698321611e+02,-2.469893411e+02,-2.165813703e+02,-1.900629880e+02,-1.826903709e+02,-1.877394514e+02,-1.855757462e+02,-1.792754299e+02,-1.699904009e+02,-1.549877762e+02,-1.327118788e+02,-1.054037308e+02,-7.453727789e+01,-4.132502472e+01,-1.414734148e+01,-2.777199281e+00,-2.244767700e+00,-1.538920857e+00
-4.671846708e+00,-6.814652321e+00,-1.001333464e+01,-1.317077463e+01,-2.178738061e+01,-4.102494171e+01,-7.075991066e+01,-1.081059473e+02,-1.450185933e+02,-1.716622304e+02,-1.778267268e+02,-1.578499581e+02,-1.304745651e+02,-1.115609047e+02,-1.082862135e+02,-1.179412702e+02,-1.316806433e+02,-1.396651865e+02,-1.351081748e+02,-1.206747527e+02,-1.077067274e+02,-1.069240562e+02,-1.221491249e+02,-1.493542554e+02,-1.786716414e+02,-1.945200034e+02,-2.035396743e+02,-2.117450661e+02,-2.181823908e+02,-2.165358874e+02,-2.005867856e+02,-1.731562762e+02,-1.376436987e+02,-1.024273133e+02,-7.773576888e+01,-7.007307179e+01,-8.208594008e+01,-1.119004843e+02,-1.493435276e+02,-1.758587295e+02,-1.813438641e+02,-1.752102245e+02,-1.590084723e+02,-1.331366093e+02,-1.077460820e+02,-8.912312634e+01,-9.468901471e+01,-1.210792500e+02,-1.522603204e+02,-1.434892009e+02,-1.495710106e+02,-1.578239988e+02,-1.551852991e+02,-1.449756448e+02,-1.339765898e+02,-1.288939930e+02,-1.375279701e+02,-1.577781123e+02,-1.653569029e+02,-1.613667494e+02,-1.472292903e+02,-1.207152717e+02,-8.753823651e+01,-5.655249455e+01,-3.238138095e+01,-1.839245477e+01,-1.878128959e+01,-2.423053859e+01,-2.298941263e+01,-1.576060034e+01
-7.413934703e+00,-1.081443602e+01,-1.816168872e+01,-2.184649170e+01,-1.934618725e+01,-2.104639170e+01,-4.226784794e+01,-7.778581132e+01,-1.127862875e+02,-1.221156740e+02,-1.087261993e+02,-8.227560112e+01,-5.571177624e+01,-4.235473342e+01,-4.382100092e+01,-4.931915034e+01,-4.620392406e+01,-3.145125045e+01,-1.050389210e+01,6.785672813e+00,1.126744152e+01,2.681823816e+00,-1.625317058e+01,-4.394756198e+01,-7.417217107e+01,-9.847582035e+01,-1.129680882e+02,-1.192143669e+02,-1.202679713e+02,-1.178142325e+02,-1.104314290e+02,-9.585425703e+01,-7.495608863e+01,-5.267357900e+01,-3.243791166e+01,-2.028126980e+01,-2.266793350e+01,-3.972234311e+01,-6.501743634e+01,-8.813958555e+01,-1.026952389e+02,-1.101104514e+02,-1.012459793e+02,-7.265125527e+01,-3.380632292e+01,8.017712775e+00,1.703718033e+01,-5.785728259e+00,-2.654396790e+01,-2.215058986e+01,-1.916290573e+01,-2.755676010e+01,-4.071726652e+01,-5.422801152e+01,-6.593489845e+01,-7.456173881e+01,-8.331329810e+01,-9.823115090e+01,-1.195359603e+02,-1.303997933e+02,-1.134782703e+02,-8.241365939e+01,-4.784643608e+01,-2.140144280e+01,-1.101058518e+01,-1.884921174e+01,-3.134933940e+01,-3.692325004e+01,-3.155423747e+01,-2.163229370e+01
-4.487587525e+00,-6.545880174e+00,-1.567848104e+01,-2.334523484e+01,-2.261691913e+01,-1.563784186e+01,-2.141385813e+01,-4.150333843e+01,-5.383252887e+01,-5.199972938e+01,-3.724044001e+01,-1.391763763e+01,3.549418207e+00,8.684980983e-01,-1.690392132e+01,-3.175664241e+01,-2.662400665e+01,-1.979318556e+00,2.653497063e+01,3.547571389e+01,2.391095672e+01,1.368657636e+01,1.046760015e+01,9.337931499e+00,-9.236533999e-01,-1.925984012e+01,-3.448720764e+01,-4.031884753e+01,-3.585590782e+01,-2.698579702e+01,-1.739521620e+01,-6.219588845e+00,4.843142020e+00,5.814422417e+00,-9.620421848e+00,-7.912050433e+00,1.137282732e+01,1.461314609e+01,5.571275031e+00,-5.321039694e+00,-1.642757910e+01,-3.295592070e+01,-4.523113234e+01,-1.525588622e+01,2.643603680e+01,6.637228855e+01,6.054595857e+01,1.465747390e+01,-5.345690391e+00,4.649138947e+00,2.144738295e+01,1.888446244e+01,-3.799165104e+00,-2.818484306e+01,-4.545640809e+01,-4.908732316e+01,-3.992317561e+01,-3.522669398e+01,-4.711785459e+01,-6.763878145e+01,-7.131882744e+01,-4.743936530e+01,-2.053021328e+01,-4.486156308e+00,-9.237080138e+00,-2.499738409e+01,-3.446810617e+01,-3.607005864e+01,-2.900871960e+01,-1.988719083e+01
5.750773672e-01,8.388443714e-01,-6.281860168e+00,-1.401536878e+01,-1.600917912e+01,-1.036967802e+01,-6.470948808e+00,-1.140022664e+01,-1.475019779e+01,-1.079934796e+01,1.711278486e+00,1.909677138e+01,2.569649226e+01,1.077908913e+01,-1.346151566e+01,-3.305386004e+01,-3.460536557e+01,-2.091402144e+01,-8.565570224e+00,-7.214115700e+00,-1.295277772e+01,-1.719318917e+01,-1.600172885e+01,-1.078811404e+01,-6.274132369e+00,-6.818056152e+00,-1.084489562e+01,-1.164979509e+01,-3.169733247e+00,1.309036693e+01,1.597982234e+01,1.248373083e+01,4.768539083e+00,-8.933813991e+00,-2.516176658e+01,-3.582368562e+01,-1.649630448e+01,1.872738657e+00,1.442848025e+01,2.264497750e+01,2.321753126e+01,5.891332552e+00,-6.497469504e+00,3.105547153e+00,2.444026279e+01,3.853065599e+01,1.394154965e+01,-2.785092374e+01,-3.175802117e+01,-2.322885685e+01,-1.339345956e+01,-1.061123752e+01,-1.906799587e+01,-3.281102004e+01,-4.250882374e+01,-3.868346339e+01,-1.991301822e+01,-2.988245051e+00,-5.905765187e+00,-2.205525064e+01,-3.221222260e+01,-2.244637811e+01,-6.861502491e+00,-8.930817177e-01,-1.075092154e+01,-2.174832803e+01,-2.619487547e+01,-2.601186460e+01,-2.043538399e+01,-1.400966284e+01
3.942495051e-01,5.750773672e-01,-4.306586215e+00,-9.608363186e+00,-1.097523795e+01,-7.109026820e+00,-4.436217647e+00,-7.815528774e+00,-1.011213188e+01,-7.403590947e+00,1.173182487e+00,1.309196483e+01,1.761646334e+01,7.389702321e+00,-9.228664158e+00,-2.266037355e+01,-2.372402224e+01,-1.433779709e+01,-5.872204358e+00,-4.945702450e+00,-8.879894248e+00,-1.178694678e+01,-1.097013035e+01,-7.395889428e+00,-4.301288352e+00,-4.674180235e+00,-7.434816554e+00,-7.986622688e+00,-2.173039377e+00,8.974219777e+00,1.095511215e+01,8.558334897e+00,3.269115219e+00,-6.124657212e+00,-1.724987730e+01,-2.455925260e+01,-1.130919116e+01,1.283872972e+00,9.891575499e+00,1.552446972e+01,1.591698914e+01,4.038856466e+00,-4.454399151e+00,2.129036018e+00,1.675524383e+01,2.641504069e+01,9.557755814e+00,-1.909345338e+01,-2.177199946e+01,-1.592475350e+01,-9.182007684e+00,-7.274630124e+00,-1.307223752e+01,-2.249389239e+01,-2.914230967e+01,-2.651979919e+01,-1.365155025e+01,-2.048618498e+00,-4.048750890e+00,-1.512017712e+01,-2.208338137e+01,-1.538831811e+01,-4.703965267e+00,-6.122602719e-01,-7.370391770e+00,-1.490976354e+01,-1.795813446e+01,-1.783266971e+01,-1.400966284e+01,-9.604451432e+00
