2.836709966e+00,4.137805318e+00,6.314652256e+00,1.075810000e+01,1.639458829e+01,2.110619590e+01,2.369872129e+01,2.443027635e+01,2.413644895e+01,2.264403582e+01,1.901203335e+01,1.400425698e+01,1.182734261e+01,1.434950201e+01,1.764510317e+01,2.062021121e+01,2.346582414e+01,2.506885047e+01,2.431500908e+01,2.125347693e+01,1.642563481e+01,9.976913403e+00,2.146744913e+00,6.615176007e+00,1.276861080e+01,1.373448662e+01,8.209902864e+00,2.546928101e+00,1.343559524e+01,2.085643647e+01,2.216640172e+01,1.778963683e+01,1.050762075e+01,4.095939736e+00,3.236166599e-01,5.242873269e+00,1.395312180e+01,2.175940379e+01,2.338678424e+01,1.639232590e+01,5.548709351e+00,1.458883634e+01,2.402596924e+01,2.595945509e+01,2.213562272e+01,1.736071873e+01,1.499482210e+01,1.421884126e+01,1.310230026e+01,1.181992095e+01,1.443474933e+01,2.064431522e+01,2.406073005e+01,2.056168720e+01,1.052769924e+01,2.956828475e+00,1.286775254e+01,1.907533552e+01,2.351450954e+01,2.889404672e+01,3.366330850e+01,3.461423605e+01,3.034535255e+01,2.204502700e+01,1.389458758e+01,1.276077542e+01,1.585838500e+01,1.607788284e+01,1.250769091e+01,8.574760952e+00
4.137805318e+00,6.035665632e+00,9.210952829e+00,1.569244791e+01,2.391418771e+01,3.078683781e+01,3.456846000e+01,3.563555267e+01,3.520695737e+01,3.303002879e+01,2.773215932e+01,2.042749866e+01,1.725211310e+01,2.093109498e+01,2.573826813e+01,3.007794967e+01,3.422874142e+01,3.656701744e+01,3.546741651e+01,3.100167127e+01,2.395947414e+01,1.455295953e+01,3.131378472e+00,9.649315859e+00,1.862510665e+01,2.003399448e+01,1.197548573e+01,3.715111085e+00,1.959801252e+01,3.042252285e+01,3.233332135e+01,2.594909411e+01,1.532708298e+01,5.974597836e+00,4.720478132e-01,7.647587930e+00,2.035290963e+01,3.173964833e+01,3.411344881e+01,2.391088764e+01,8.093699862e+00,2.128020323e+01,3.504580464e+01,3.786610990e+01,3.228842515e+01,2.532344693e+01,2.187239985e+01,2.074050491e+01,1.911184730e+01,1.724128740e+01,2.105544213e+01,3.011310932e+01,3.509650897e+01,2.999258284e+01,1.535637073e+01,4.313017804e+00,1.876972109e+01,2.782449588e+01,3.429975703e+01,4.214669163e+01,4.910343976e+01,5.049052308e+01,4.426365849e+01,3.215627649e+01,2.026752791e+01,1.861367748e+01,2.313204754e+01,2.345222103e+01,1.824451234e+01,1.250769091e+01
7.679627372e+00,1.120199222e+01,1.505861767e+01,2.062885194e+01,2.818771849e+01,3.469234862e+01,3.762282974e+01,3.775983592e+01,3.799178520e+01,3.789947103e+01,3.338485282e+01,2.336956126e+01,1.424490922e+01,1.622781926e+01,2.341851519e+01,3.194327512e+01,4.053677277e+01,4.553573957e+01,4.503377182e+01,4.017797202e+01,3.287676413e+01,2.392370220e+01,1.467311151e+01,1.349911514e+01,2.047965252e+01,2.209201061e+01,1.324307352e+01,4.335313614e+00,2.244313130e+01,3.380251290e+01,3.377435942e+01,2.323022141e+01,8.024114357e+00,9.824396807e+00,1.566296249e+01,1.118394816e+01,1.205512226e+01,2.578383245e+01,3.044479832e+01,1.883425015e+01,6.077666244e+00,3.184926671e+01,4.767709381e+01,4.832703545e+01,3.811893023e+01,2.690664219e+01,2.191496610e+01,2.181260222e+01,2.157185242e+01,1.890074668e+01,2.241170856e+01,3.505189570e+01,4.274702876e+01,3.663659519e+01,1.806737978e+01,1.105612676e+01,2.783545682e+01,3.715940151e+01,4.240073671e+01,4.901565026e+01,5.393237003e+01,5.189576243e+01,4.233619044e+01,2.974559208e+01,2.350039786e+01,2.782785613e+01,3.222752026e+01,3.032613836e+01,2.262069399e+01,1.550782194e+01
1.204708787e+01,1.757264749e+01,2.128957331e+01,2.205539471e+01,2.420566609e+01,2.830206443e+01,2.907547173e+01,2.548410798e+01,2.578191977e+01,3.211476895e+01,3.371156899e+01,2.588174344e+01,1.226236790e+01,1.806500834e+00,1.578862231e+01,3.084120942e+01,4.341466629e+01,4.864219112e+01,4.582153645e+01,3.889850184e+01,3.341422491e+01,3.213826803e+01,3.213450541e+01,2.995844968e+01,2.625137719e+01,2.143949835e+01,1.239645515e+01,2.976476400e+00,1.651812690e+01,2.406237288e+01,2.087894909e+01,7.759693798e+00,1.219789293e+01,3.073833093e+01,4.099643351e+01,3.745399470e+01,2.176440691e+01,6.299730130e+00,9.748263886e+00,6.896982458e+00,2.225949605e+01,4.404516649e+01,5.511519826e+01,5.038123142e+01,3.542020887e+01,2.134591062e+01,1.634066657e+01,1.975576296e+01,2.359242275e+01,2.098176975e+01,1.957280983e+01,3.215005888e+01,4.146148583e+01,3.541021838e+01,1.754765418e+01,2.063539283e+01,3.665887965e+01,4.248348099e+01,4.264411730e+01,4.402164823e+01,4.256207227e+01,3.287932092e+01,1.847624413e+01,1.626210501e+01,2.705799702e+01,3.435782263e+01,3.498901268e+01,2.953973436e+01,2.054993700e+01,1.408819570e+01
1.580589596e+01,2.305548369e+01,2.602967254e+01,2.050946995e+01,1.571501827e+01,2.303773396e+01,2.656200389e+01,1.719715867e+01,5.983254346e+00,2.402120146e+01,3.417281292e+01,3.191473188e+01,2.263573946e+01,1.533250787e+01,2.078502286e+01,3.580754472e+01,4.824522241e+01,5.057300564e+01,4.197679111e+01,2.763903680e+01,2.149333945e+01,3.370657273e+01,4.528618002e+01,4.562112368e+01,3.485411473e+01,2.040563409e+01,1.103265423e+01,8.798671875e+00,9.725187726e+00,1.066346126e+01,1.117861458e+01,1.758780528e+01,3.181906008e+01,4.901650901e+01,6.131315522e+01,6.099713723e+01,4.671823535e+01,2.673248041e+01,1.760303075e+01,2.502188538e+01,3.799309972e+01,4.996491551e+01,5.193937027e+01,4.086675761e+01,2.381227756e+01,1.317315007e+01,1.257365461e+01,1.826746981e+01,2.506657600e+01,2.395393244e+01,1.882512812e+01,2.731548339e+01,3.588045147e+01,3.020649769e+01,1.791091497e+01,2.921206006e+01,4.304679311e+01,4.415318193e+01,3.795949008e+01,3.366041679e+01,2.825359331e+01,1.705965546e+01,1.474436741e+01,2.727919844e+01,3.515172079e+01,3.505326731e+01,2.933933092e+01,2.127605421e+01,1.333204231e+01,9.139902526e+00
1.751560988e+01,2.554938099e+01,2.717912374e+01,1.647868933e+01,1.208612549e+01,3.071467008e+01,3.942896337e+01,3.063869165e+01,1.139615729e+01,2.020936746e+01,3.319366134e+01,3.425836133e+01,2.943904063e+01,2.550956851e+01,2.759920426e+01,3.964510084e+01,5.202390224e+01,5.503018380e+01,4.647857156e+01,2.802452796e+01,2.054203175e+00,2.626468356e+01,4.639707875e+01,4.965515490e+01,3.568178644e+01,1.433431458e+01,1.203164990e+01,2.162726640e+01,2.539243594e+01,2.733259557e+01,3.001050323e+01,3.389727382e+01,4.109565653e+01,5.359278207e+01,6.616676958e+01,6.957810408e+01,6.008732652e+01,4.452322209e+01,3.673329435e+01,3.977828077e+01,4.439071295e+01,4.481825890e+01,3.677419816e+01,2.009231913e+01,6.953185511e+00,1.558846567e+01,1.744890443e+01,1.640484548e+01,2.004110888e+01,1.966925137e+01,1.603163321e+01,2.348943127e+01,3.042557918e+01,2.542686111e+01,1.966898821e+01,3.358724616e+01,4.548773493e+01,4.452575744e+01,3.568981737e+01,2.982833867e+01,3.050085481e+01,3.562291172e+01,4.261967734e+01,4.538720920e+01,4.028406255e+01,2.963573351e+01,1.909650540e+01,1.261597234e+01,8.611733718e+00,5.903852159e+00
1.613758765e+01,2.353931025e+01,2.336236855e+01,1.019077883e+01,1.749512110e+01,4.009688738e+01,4.973879110e+01,4.080688400e+01,2.119632368e+01,1.869260115e+01,2.858479870e+01,3.232712488e+01,3.586735207e+01,3.828416266e+01,3.685901733e+01,4.051023704e+01,5.133769149e+01,5.928928112e+01,5.867202278e+01,4.682120508e+01,2.380877231e+01,1.535886697e+01,3.628807875e+01,4.194564484e+01,2.810883285e+01,3.635450540e+00,1.925431547e+01,3.431467312e+01,4.289083583e+01,4.687019874e+01,4.562321730e+01,4.083155009e+01,3.928043067e+01,4.708268070e+01,5.896781374e+01,6.483126630e+01,6.034845794e+01,5.080110422e+01,4.581782277e+01,4.514445434e+01,4.128198585e+01,3.141007599e+01,1.662748388e+01,8.464781265e+00,2.227990470e+01,3.122173033e+01,3.062587427e+01,2.386689481e+01,1.642196991e+01,8.593674793e+00,7.365548650e+00,1.905214771e+01,2.534164568e+01,2.205828902e+01,1.978386774e+01,3.090576043e+01,4.053542654e+01,4.081489703e+01,3.534281867e+01,3.320270928e+01,4.001869566e+01,5.126532672e+01,5.807965895e+01,5.425071768e+01,4.014239215e+01,2.226599924e+01,9.817935578e+00,8.568369311e+00,7.954862796e+00,5.453528341e+00
1.135407273e+01,1.656177160e+01,1.434731478e+01,5.004530167e+00,2.421987789e+01,4.435723616e+01,5.187227136e+01,4.320513547e+01,2.650349126e+01,1.837088051e+01,2.039413323e+01,3.015640796e+01,4.715206730e+01,5.764783375e+01,5.527795534e+01,4.802217235e+01,4.944556057e+01,5.846256478e+01,6.439448800e+01,5.854924496e+01,3.766260000e+01,1.187213495e+01,2.322994971e+01,3.120199026e+01,2.106482411e+01,8.640187159e+00,2.443837173e+01,3.987335591e+01,5.158612788e+01,5.693314766e+01,5.232486715e+01,4.118347817e+01,3.541378187e+01,4.150757311e+01,5.058847180e+01,5.497460992e+01,5.278495301e+01,4.795406143e+01,4.515063130e+01,4.131742314e+01,3.139865530e+01,1.953974871e+01,2.299842036e+01,3.511953838e+01,4.223715781e+01,4.319361057e+01,4.104233770e+01,3.694047234e+01,2.896692552e+01,1.711148580e+01,9.248007355e+00,1.528462876e+01,1.974410700e+01,1.846884818e+01,1.657914196e+01,2.048509787e+01,2.559619276e+01,2.744530320e+01,2.721051913e+01,3.034898297e+01,4.157226225e+01,5.533679559e+01,6.166454860e+01,5.521469155e+01,3.855553064e+01,1.968858378e+01,6.260171679e+00,2.422095800e+00,2.484156439e+00,1.703035978e+00
4.506242272e+00,6.573091174e+00,4.714927850e+00,1.357910362e+01,3.053051003e+01,4.494730743e+01,4.963392573e+01,4.358849166e+01,3.287612462e+01,2.123898902e+01,6.307155692e+00,2.847890472e+01,5.730124888e+01,7.390562538e+01,7.261051118e+01,5.964622508e+01,4.896470240e+01,5.022066592e+01,5.630006726e+01,5.394921597e+01,3.692328887e+01,1.098991992e+01,1.572502659e+01,2.466067897e+01,1.799681730e+01,9.056861461e+00,1.996808549e+01,3.478161305e+01,4.873138485e+01,5.525089563e+01,4.943510026e+01,3.681189857e+01,3.223107638e+01,3.702306275e+01,3.990478624e+01,3.887300122e+01,3.617649420e+01,3.423013110e+01,3.301352760e+01,2.832884510e+01,2.192154713e+01,3.140642320e+01,5.016106605e+01,6.088769351e+01,5.756418230e+01,4.571619985e+01,3.991546430e+01,4.261040112e+01,4.060637110e+01,3.036798642e+01,1.856579338e+01,1.346646678e+01,1.358183557e+01,1.394784295e+01,1.428976856e+01,1.482239953e+01,1.537303754e+01,1.475202702e+01,1.223551883e+01,1.680149020e+01,3.310955201e+01,4.960863101e+01,5.699447104e+01,5.212394772e+01,3.965996754e+01,2.875022922e+01,2.435097356e+01,2.191612808e+01,1.678494007e+01,1.150706791e+01
7.047485773e+00,1.027991034e+01,1.630495028e+01,2.559954255e+01,3.626563948e+01,4.431127692e+01,4.694525511e+01,4.479210098e+01,3.961166405e+01,2.903716627e+01,1.484107083e+01,3.362253485e+01,6.290902719e+01,7.988519415e+01,7.860536371e+01,6.388523914e+01,4.608213933e+01,3.551665010e+01,3.562690681e+01,3.503896917e+01,2.389818600e+01,5.031338637e+00,1.477685330e+01,2.162719427e+01,1.581403720e+01,4.002532635e+00,1.175565544e+01,2.705118969e+01,4.128918574e+01,4.683974859e+01,4.008441811e+01,2.949541337e+01,2.988393628e+01,3.338816199e+01,2.926579912e+01,2.017658123e+01,1.285466406e+01,1.057432385e+01,1.112261785e+01,1.383068729e+01,2.797840974e+01,5.155946408e+01,7.282629789e+01,8.019156238e+01,6.828169009e+01,4.280655011e+01,2.648575752e+01,3.643795608e+01,4.198173956e+01,3.498631857e+01,2.209861758e+01,1.183654799e+01,8.737011133e+00,1.143888816e+01,1.839897025e+01,2.687879592e+01,3.210097752e+01,2.988632878e+01,1.863183475e+01,3.484362123e-01,2.182750457e+01,3.972509532e+01,4.823480809e+01,4.704739019e+01,4.242750349e+01,4.179164067e+01,4.443822196e+01,4.342250034e+01,3.421908556e+01,2.345920447e+01
1.401963433e+01,2.044992903e+01,2.795024185e+01,3.412920530e+01,3.882061401e+01,4.137532345e+01,4.209718128e+01,4.220293653e+01,4.130570839e+01,3.750057773e+01,3.505390995e+01,4.618792888e+01,6.462675321e+01,7.500363935e+01,7.122350804e+01,5.698078188e+01,3.930386012e+01,2.207604668e+01,9.587457952e+00,9.609653504e+00,6.906356622e+00,4.196735168e+00,1.600812839e+01,2.230525741e+01,2.226078123e+01,2.188520215e+01,2.695045784e+01,3.718013884e+01,4.674977303e+01,4.826805748e+01,4.142332879e+01,3.888414803e+01,4.722846231e+01,5.285740539e+01,4.913905230e+01,3.980877101e+01,2.960549730e+01,1.930244894e+01,1.149200687e+01,1.729096867e+01,3.475453930e+01,5.732370459e+01,7.655980174e+01,8.237821913e+01,6.941055602e+01,4.104687773e+01,9.973075763e+00,2.121117086e+01,3.303366659e+01,3.150549763e+01,2.219168209e+01,1.234791076e+01,8.230853612e+00,1.144614892e+01,2.141668418e+01,3.414734617e+01,4.202643143e+01,3.955252950e+01,2.659504222e+01,9.548002565e+00,1.672235491e+01,3.087588738e+01,3.757304632e+01,3.814879748e+01,3.905648516e+01,4.514630008e+01,5.296968200e+01,5.430854201e+01,4.377006811e+01,3.000696719e+01
1.712203060e+01,2.497528127e+01,3.186358599e+01,3.506082355e+01,3.594374698e+01,3.505006925e+01,3.306003968e+01,3.214989347e+01,3.451288537e+01,3.970727684e+01,4.591225664e+01,5.305934327e+01,5.975726425e+01,6.106033497e+01,5.433700023e+01,4.374361803e+01,3.512932357e+01,2.773771828e+01,2.017451418e+01,1.654294296e+01,1.483035235e+01,1.134581500e+01,1.492552331e+01,2.436661754e+01,3.221207302e+01,3.792604512e+01,4.470382595e+01,5.451436450e+01,6.305775004e+01,6.457729177e+01,6.170139250e+01,6.573454981e+01,7.669078298e+01,8.191510221e+01,7.575818841e+01,6.247387475e+01,4.833414931e+01,3.535346106e+01,2.456279215e+01,2.066296654e+01,2.690221385e+01,4.038612998e+01,5.499315121e+01,6.289894168e+01,5.884568145e+01,4.318699272e+01,2.120177213e+01,4.302094514e+00,1.816614006e+01,2.582185150e+01,2.433080821e+01,1.672303173e+01,9.603194139e+00,9.491473189e+00,1.786510466e+01,2.956735401e+01,3.627983338e+01,3.262233096e+01,2.003009748e+01,9.080743430e+00,1.657345443e+01,2.373472692e+01,2.493867555e+01,2.291813545e+01,2.379751969e+01,3.173184305e+01,4.262618521e+01,4.756292630e+01,4.008360492e+01,2.747967891e+01
1.500502858e+01,2.188728767e+01,2.684218910e+01,2.965274757e+01,3.215669088e+01,3.209275058e+01,2.708144250e+01,1.953826699e+01,2.135752219e+01,3.367158865e+01,4.374889825e+01,4.707685744e+01,4.525182732e+01,4.028551089e+01,3.331832409e+01,3.017225710e+01,3.437586451e+01,3.778754765e+01,3.616082336e+01,3.218392324e+01,2.675789524e+01,1.719548681e+01,9.695566167e+00,2.203643922e+01,3.547456951e+01,4.381365705e+01,5.038720320e+01,6.042143705e+01,7.141329771e+01,7.741340033e+01,8.033412615e+01,8.788306883e+01,9.716402386e+01,9.636405084e+01,8.160623534e+01,6.207502701e+01,5.002328974e+01,4.281629734e+01,3.133967209e+01,1.733252306e+01,1.087493290e+01,1.597172479e+01,2.723131449e+01,4.121234563e+01,5.094510801e+01,5.031141200e+01,3.750357232e+01,1.679421430e+01,1.187383404e+01,2.530139431e+01,2.812372298e+01,2.143666728e+01,1.344432450e+01,9.560914727e+00,1.027288913e+01,1.720039256e+01,2.132337028e+01,1.750936416e+01,1.147935481e+01,1.584623088e+01,2.110763690e+01,2.080752038e+01,1.678032063e+01,1.272704450e+01,9.047307775e+00,7.632573402e+00,1.717661242e+01,2.581482035e+01,2.481254789e+01,1.701046726e+01
9.490920788e+00,1.384405984e+01,1.932458852e+01,2.837334836e+01,3.705803916e+01,3.915132999e+01,3.197572020e+01,1.710600081e+01,9.179678927e+00,2.454585838e+01,3.393152976e+01,3.253944523e+01,2.450978970e+01,1.716984475e+01,1.263482068e+01,1.578720701e+01,2.688044536e+01,3.512756337e+01,3.678195231e+01,3.466047999e+01,3.073738011e+01,2.184969947e+01,6.365182647e+00,1.394778888e+01,2.967989550e+01,3.726899098e+01,3.988310433e+01,4.826497703e+01,6.303710373e+01,7.550954423e+01,8.449336935e+01,9.377481050e+01,9.824658113e+01,8.698041577e+01,6.014423916e+01,4.298536980e+01,5.545497042e+01,6.146807912e+01,4.639093826e+01,2.091373489e+01,2.411307563e+01,4.198905206e+01,5.199145440e+01,5.778236216e+01,6.106173539e+01,5.780080976e+01,4.570127052e+01,3.035651455e+01,2.565199730e+01,2.998130946e+01,2.927952203e+01,2.388652445e+01,2.022388350e+01,1.627184339e+01,7.681058683e+00,5.648206343e+00,1.248564458e+01,1.653294211e+01,2.251487958e+01,2.820397574e+01,2.855427121e+01,2.485926575e+01,2.384410414e+01,2.776429768e+01,3.041081482e+01,2.643103814e+01,1.591688848e+01,5.430875679e+00,5.329309511e+00,3.653556472e+00
8.746058686e+00,1.275755667e+01,2.410417614e+01,3.794512867e+01,4.709421000e+01,4.650600005e+01,3.560674807e+01,1.737964044e+01,4.460486926e+00,2.130076844e+01,2.874514410e+01,2.356436389e+01,9.727454100e+00,3.669017138e+00,8.294899065e+00,4.014746769e+00,1.156040106e+01,2.072017966e+01,2.417804902e+01,2.578501372e+01,2.821904241e+01,2.580319922e+01,1.485872170e+01,7.425467041e+00,1.975793931e+01,2.388584912e+01,1.724651327e+01,2.164064529e+01,4.254758225e+01,6.066838915e+01,7.314922659e+01,8.176887348e+01,8.013161700e+01,5.768554202e+01,1.899250909e+01,4.621944545e+01,8.355053271e+01,9.060972873e+01,6.548575186e+01,2.788473948e+01,4.097925121e+01,7.079506981e+01,8.492857496e+01,8.457448520e+01,7.438002019e+01,5.861651504e+01,4.359994868e+01,3.709550728e+01,3.671557809e+01,3.309448686e+01,2.578179006e+01,2.316088204e+01,2.452522732e+01,1.974991516e+01,7.593076974e+00,7.575821038e+00,1.739899407e+01,2.445505656e+01,3.172195086e+01,3.589697332e+01,3.371490264e+01,2.975374795e+01,3.241471696e+01,4.048285463e+01,4.717713422e+01,4.757660456e+01,3.991381965e+01,2.703812246e+01,1.494145468e+01,1.024324978e+01
1.539533120e+01,2.245660786e+01,3.657618018e+01,4.908715334e+01,5.332023915e+01,4.646423907e+01,3.074716061e+01,1.162041538e+01,1.264167907e+01,2.828987136e+01,3.563712572e+01,3.088555933e+01,1.748712930e+01,1.101364441e+01,1.672024541e+01,1.657712246e+01,1.285146632e+01,1.081478976e+01,8.620422938e+00,1.545879153e+01,2.717508715e+01,3.224872638e+01,2.757864892e+01,2.070479347e+01,2.344104663e+01,2.675747104e+01,2.159410054e+01,1.693177282e+01,2.868889060e+01,4.218741352e+01,5.131497598e+01,5.648303387e+01,5.087079278e+01,2.621401133e+01,3.097523739e+01,8.073674526e+01,1.137985448e+02,1.118625255e+02,7.552297962e+01,2.957464659e+01,5.140099874e+01,8.700056880e+01,1.025107500e+02,9.840523211e+01,7.924066813e+01,5.235342578e+01,3.293093851e+01,3.483020973e+01,3.788837635e+01,2.996796414e+01,1.864889716e+01,1.986841279e+01,2.232208614e+01,1.454396756e+01,6.765843257e+00,1.838921881e+01,2.528811592e+01,2.838226259e+01,3.378089820e+01,3.708974671e+01,3.345595704e+01,2.907340760e+01,3.407368472e+01,4.452723516e+01,5.385787909e+01,5.842426051e+01,5.523058540e+01,4.415145229e+01,2.923039892e+01,2.003916510e+01
2.139874591e+01,3.121356983e+01,4.630316411e+01,5.587467690e+01,5.439595724e+01,4.245268431e+01,2.791436946e+01,2.353459421e+01,3.128045383e+01,4.226445779e+01,4.927666794e+01,4.573638196e+01,3.066568240e+01,1.181303052e+01,1.212104480e+01,1.888162408e+01,1.826504242e+01,1.184746673e+01,1.023873127e+00,1.844388445e+01,3.539201793e+01,4.448410012e+01,4.393710260e+01,4.063080399e+01,4.339353322e+01,4.905030838e+01,4.949077817e+01,4.274801747e+01,3.312545813e+01,2.630131948e+01,2.417301040e+01,2.547166813e+01,2.724809920e+01,4.006967819e+01,7.452017826e+01,1.128250160e+02,1.318950274e+02,1.178553245e+02,7.412316204e+01,3.028750953e+01,5.713933910e+01,9.051111463e+01,1.039253094e+02,9.800065613e+01,7.610796449e+01,4.445579132e+01,1.844070491e+01,2.450688452e+01,2.967115632e+01,2.170175552e+01,1.301235884e+01,1.752397974e+01,1.790401181e+01,1.478128568e+01,2.571899471e+01,3.762466579e+01,3.918616748e+01,3.356298712e+01,3.166579148e+01,3.167838720e+01,2.492807232e+01,1.951881129e+01,3.055315345e+01,4.481629206e+01,5.591452243e+01,6.318777001e+01,6.384602933e+01,5.520920507e+01,3.919565328e+01,2.687093561e+01
2.479782447e+01,3.617168171e+01,5.128982319e+01,5.854262929e+01,5.391823046e+01,4.260383635e+01,3.861737429e+01,4.478254044e+01,5.118587961e+01,5.778826515e+01,6.449292720e+01,6.335409005e+01,4.923942498e+01,2.653434547e+01,7.079213809e+00,1.040576830e+01,1.155416989e+01,4.104534915e+00,1.153604692e+01,3.194064113e+01,5.099969017e+01,6.178346760e+01,6.320768933e+01,6.191991551e+01,6.499431205e+01,6.994299293e+01,6.853819606e+01,5.578299726e+01,3.390040708e+01,1.195531102e+01,4.130614669e+00,9.370036371e+00,3.110955065e+01,6.615843117e+01,1.043244922e+02,1.323650311e+02,1.371459755e+02,1.131201519e+02,6.857453334e+01,3.479900880e+01,5.582138832e+01,8.070357013e+01,9.063232655e+01,8.558689310e+01,6.662375120e+01,3.757005299e+01,7.333915174e+00,1.540604093e+01,2.321904465e+01,1.981935097e+01,1.688733111e+01,2.042634089e+01,2.455726067e+01,3.410047488e+01,4.944280953e+01,5.979549339e+01,5.762572647e+01,4.541093313e+01,3.344695693e+01,2.520746077e+01,1.166943543e+01,1.043444970e+01,3.297053600e+01,4.958958423e+01,5.938401455e+01,6.538939867e+01,6.693700282e+01,5.992531825e+01,4.408926358e+01,3.022579454e+01
2.619339212e+01,3.820734532e+01,5.330563747e+01,5.991715402e+01,5.525560407e+01,4.760939377e+01,5.078431538e+01,6.006631634e+01,6.529572168e+01,6.995788793e+01,7.785996427e+01,8.070910600e+01,7.078155074e+01,5.131093121e+01,3.317373274e+01,2.348232810e+01,1.782219786e+01,1.532724573e+01,2.684775498e+01,4.809903043e+01,6.827527479e+01,7.947930264e+01,8.078654319e+01,7.862869159e+01,7.897854305e+01,7.940591106e+01,7.220967578e+01,5.222278811e+01,2.259319967e+01,1.250608369e+01,2.610582636e+01,2.324088662e+01,3.556514077e+01,7.576946465e+01,1.147697770e+02,1.356908074e+02,1.305791082e+02,1.015946374e+02,6.150356823e+01,3.531790218e+01,4.386105524e+01,5.817036622e+01,6.577166274e+01,6.425759512e+01,5.109923367e+01,2.798997773e+01,4.852614168e+00,2.049711971e+01,3.081737105e+01,3.080875642e+01,2.619319221e+01,2.700157285e+01,3.686164477e+01,5.124452527e+01,6.547524068e+01,7.333765877e+01,6.978473536e+01,5.616214098e+01,4.019025296e+01,2.695447706e+01,1.478233211e+01,2.194777955e+01,4.271155160e+01,5.735217064e+01,6.257896421e+01,6.318027176e+01,6.248519157e+01,5.669751112e+01,4.289220680e+01,2.940514141e+01
2.697122017e+01,3.934193470e+01,5.517623626e+01,6.296141486e+01,5.985122524e+01,5.369173666e+01,5.712105749e+01,6.628037346e+01,7.186854523e+01,7.752595173e+01,8.766722011e+01,9.399521873e+01,8.788276543e+01,7.140789230e+01,5.359716421e+01,4.001854442e+01,2.983046732e+01,2.622346426e+01,3.841718234e+01,6.078866994e+01,8.112064462e+01,9.079067521e+01,8.905350494e+01,8.257873494e+01,7.717861582e+01,7.095372514e+01,5.783188823e+01,3.405384478e+01,3.833473413e+00,2.571960438e+01,3.598318635e+01,2.172243691e+01,2.575428940e+01,7.108427607e+01,1.085094190e+02,1.229566482e+02,1.109637068e+02,7.998112833e+01,4.476753983e+01,2.227920687e+01,2.081696565e+01,2.771953963e+01,3.705295783e+01,4.143609474e+01,3.478827256e+01,1.763137730e+01,7.010781115e+00,2.741788957e+01,4.105906099e+01,4.346811956e+01,3.753067454e+01,3.694156150e+01,4.918815466e+01,6.277050090e+01,7.099822543e+01,7.295803655e+01,6.764259143e+01,5.517317064e+01,3.998878030e+01,2.685491212e+01,1.737260657e+01,2.541424521e+01,4.468965853e+01,5.772375989e+01,5.904394983e+01,5.363716857e+01,4.992811192e+01,4.654953218e+01,3.697307537e+01,2.534722717e+01
2.849516415e+01,4.156485617e+01,5.913934460e+01,6.919645933e+01,6.774321530e+01,6.036854535e+01,5.960379822e+01,6.710337777e+01,7.471789182e+01,8.312814564e+01,9.441268796e+01,1.008595072e+02,9.457178885e+01,7.718169887e+01,5.690300123e+01,3.937009061e+01,2.561035622e+01,2.481339225e+01,4.354810059e+01,6.767239095e+01,8.558363071e+01,8.990925493e+01,8.143730745e+01,6.847769885e+01,5.725030701e+01,4.514112446e+01,2.792708812e+01,5.686387585e+00,1.741530805e+01,3.305601541e+01,3.191980115e+01,1.303563113e+01,3.392320209e+01,7.369317820e+01,1.003048360e+02,1.034134953e+02,8.326626268e+01,4.953075867e+01,1.678336576e+01,7.284380767e+00,1.087376016e+01,1.216146082e+01,2.423960775e+01,3.470686547e+01,3.705110344e+01,3.140323135e+01,2.467127244e+01,3.143608560e+01,4.570467504e+01,5.287883446e+01,5.115181482e+01,5.378994868e+01,6.824338329e+01,8.082842716e+01,8.189190358e+01,7.321788704e+01,6.040101399e+01,4.605289629e+01,3.221803959e+01,2.177757535e+01,1.126281206e+01,1.103820741e+01,3.068625318e+01,4.475813836e+01,4.582317334e+01,3.752353657e+01,3.311855869e+01,3.480471880e+01,3.058143634e+01,2.096538106e+01
3.133323732e+01,4.570464995e+01,6.544800582e+01,7.764032227e+01,7.715899069e+01,6.776765558e+01,6.233597711e+01,6.864372912e+01,7.948135471e+01,9.023131359e+01,9.968183495e+01,1.016770833e+02,9.014298566e+01,6.692171398e+01,4.047823370e+01,1.831257757e+01,1.103990448e+01,2.913671899e+01,5.175610851e+01,7.162912173e+01,8.103359959e+01,7.510342042e+01,5.841139819e+01,4.553443312e+01,4.272776311e+01,3.749030720e+01,2.753661464e+01,2.747907544e+01,3.484836871e+01,3.297983330e+01,2.092774266e+01,3.344634571e+01,6.725889149e+01,9.467446527e+01,1.039399667e+02,9.204102643e+01,6.438197628e+01,3.488739184e+01,2.970947407e+01,4.112943264e+01,4.463064203e+01,4.178679765e+01,4.242481846e+01,4.972310090e+01,5.699824713e+01,5.692878253e+01,4.665628360e+01,3.523953697e+01,4.246796727e+01,5.713704766e+01,6.561567042e+01,7.578943216e+01,9.402837852e+01,1.081561220e+02,1.063428723e+02,8.948098555e+01,6.693037903e+01,4.716310491e+01,3.571129167e+01,3.402177522e+01,3.074428389e+01,1.688721766e+01,6.199021678e+00,2.307649574e+01,2.784214397e+01,2.051401528e+01,1.891721476e+01,2.719477609e+01,2.682138178e+01,1.838764155e+01
3.435936154e+01,5.011874693e+01,7.108455825e+01,8.423584235e+01,8.431141884e+01,7.427979676e+01,6.719786631e+01,7.439471192e+01,8.846619200e+01,9.970830802e+01,1.044731729e+02,9.897719719e+01,8.000246886e+01,5.067947680e+01,2.345281273e+01,2.463059086e+01,4.050477939e+01,5.467998853e+01,6.678422722e+01,7.338776393e+01,6.844519688e+01,5.042325204e+01,3.647910953e+01,5.343460310e+01,7.347870911e+01,7.762591594e+01,6.825222744e+01,5.672724619e+01,4.648838117e+01,2.839124658e+01,1.763445394e+01,5.590937833e+01,9.376647440e+01,1.140854601e+02,1.113170893e+02,9.013219161e+01,6.349492507e+01,5.063027840e+01,5.841546987e+01,6.881498823e+01,7.126417983e+01,6.661580674e+01,6.176371790e+01,6.414504591e+01,7.258541245e+01,7.643569259e+01,6.557641942e+01,4.041616652e+01,3.054664425e+01,5.564752770e+01,7.760385565e+01,9.466348885e+01,1.134767879e+02,1.266168781e+02,1.226355325e+02,1.015438409e+02,7.394229708e+01,5.166524620e+01,4.426650679e+01,5.081155511e+01,5.428320682e+01,4.453385096e+01,2.700339727e+01,2.031179309e+01,2.137852573e+01,1.340508407e+01,1.267892079e+01,2.418642037e+01,2.528528579e+01,1.733455702e+01
3.602910471e+01,5.255434037e+01,7.207205580e+01,8.383238421e+01,8.459615434e+01,7.703337967e+01,7.250683819e+01,8.213927177e+01,9.846532156e+01,1.087862526e+02,1.077554252e+02,9.453189105e+01,7.127015664e+01,4.861580857e+01,4.824665598e+01,6.421857845e+01,7.631788782e+01,8.062080822e+01,7.858253969e+01,6.934918474e+01,4.978934877e+01,2.536536973e+01,4.349063178e+01,8.195951064e+01,1.073761029e+02,1.107754507e+02,9.556324436e+01,7.293328707e+01,5.000663240e+01,2.241239708e+01,2.237122088e+01,6.640854166e+01,1.026962379e+02,1.176574012e+02,1.086165898e+02,8.474458262e+01,6.351572097e+01,6.048251651e+01,7.047082997e+01,7.998931770e+01,8.286722211e+01,7.822721720e+01,6.968527190e+01,6.639489259e+01,7.524777247e+01,8.549462492e+01,7.952652038e+01,4.976606814e+01,1.385154000e+01,5.050454016e+01,8.370816638e+01,1.022603216e+02,1.143628635e+02,1.201919089e+02,1.117510690e+02,8.870198603e+01,6.079310169e+01,3.913384012e+01,3.715192131e+01,5.310057104e+01,6.441769571e+01,6.125484005e+01,4.888203864e+01,3.876091088e+01,3.073096725e+01,1.973740122e+01,2.081454658e+01,3.082171176e+01,3.024072928e+01,2.073180625e+01
3.746729308e+01,5.465217327e+01,6.939525521e+01,7.538415282e+01,7.577008931e+01,7.333828412e+01,7.375093738e+01,8.552685573e+01,1.031136279e+02,1.123216874e+02,1.059456379e+02,8.623544193e+01,6.428672995e+01,6.087326078e+01,7.856714541e+01,9.563293494e+01,1.010210287e+02,9.456378203e+01,7.973824669e+01,5.827933975e+01,2.928746372e+01,1.357590768e+01,5.435756214e+01,9.229749026e+01,1.144540147e+02,1.148005929e+02,9.660325568e+01,7.029895803e+01,4.410577333e+01,1.624181073e+01,2.542501985e+01,6.571548462e+01,9.667531554e+01,1.062567914e+02,9.336498860e+01,6.962920409e+01,5.490025066e+01,5.830133495e+01,6.809672406e+01,7.633963014e+01,7.973440971e+01,7.536573055e+01,6.386984435e+01,5.595309799e+01,6.789160242e+01,8.731279236e+01,8.912621974e+01,6.131734060e+01,1.009130398e+01,4.483328167e+01,8.258365859e+01,9.642954126e+01,9.524844400e+01,8.853646318e+01,7.511323146e+01,5.458299954e+01,3.332970882e+01,1.316150441e+01,1.568506948e+01,4.151317661e+01,5.892719797e+01,6.268552671e+01,5.771800985e+01,4.988727961e+01,3.950004598e+01,3.446762273e+01,4.459236993e+01,5.274330921e+01,4.613388657e+01,3.162750438e+01
4.204040954e+01,6.132281137e+01,7.086601053e+01,6.606177737e+01,6.137206567e+01,6.321007761e+01,6.711256260e+01,7.882519241e+01,9.680404705e+01,1.052762749e+02,9.458435172e+01,6.985026991e+01,5.472999848e+01,7.202266654e+01,9.788439850e+01,1.119331027e+02,1.093094654e+02,9.321090278e+01,6.975152255e+01,4.340260685e+01,1.604385254e+01,1.934164486e+01,5.035256002e+01,7.713878181e+01,9.160067373e+01,8.951566444e+01,7.345645523e+01,5.165360267e+01,3.060282061e+01,1.097001446e+01,2.924069601e+01,6.210454502e+01,8.500747975e+01,8.736266161e+01,6.995091076e+01,4.825342444e+01,4.563872989e+01,5.586350774e+01,6.371317862e+01,6.940835542e+01,7.162119532e+01,6.513237839e+01,4.996202802e+01,4.116441655e+01,6.019042720e+01,8.583319931e+01,9.182063168e+01,6.618745189e+01,1.504269448e+01,4.082165599e+01,7.683499398e+01,8.268080084e+01,6.646424447e+01,4.593118801e+01,3.229865876e+01,2.872478552e+01,3.148234400e+01,2.905594676e+01,2.562911261e+01,3.563053277e+01,4.717584052e+01,5.220746355e+01,5.343422617e+01,5.104044470e+01,4.746834935e+01,5.639452159e+01,7.360197859e+01,7.914324666e+01,6.498596594e+01,4.455171838e+01
4.916589005e+01,7.171648979e+01,7.953107462e+01,6.503978631e+01,5.023420265e+01,5.122006324e+01,5.356577141e+01,6.106693621e+01,7.811394810e+01,8.588617772e+01,7.204621230e+01,4.529257431e+01,4.762605382e+01,8.066799805e+01,1.064444153e+02,1.136793417e+02,1.023811440e+02,7.879718989e+01,5.147657389e+01,2.837255821e+01,2.023946574e+01,2.974082043e+01,4.228523789e+01,5.230759855e+01,5.656048440e+01,5.273411335e+01,4.183407577e+01,2.818708588e+01,1.562253616e+01,1.593125307e+01,3.794580415e+01,6.174209347e+01,7.352822842e+01,6.555180613e+01,4.240395283e+01,3.107154236e+01,4.676156660e+01,5.767762771e+01,6.094928214e+01,6.561694899e+01,6.776153645e+01,5.778981062e+01,3.865743914e+01,3.530909883e+01,5.868702177e+01,8.116527096e+01,8.436120659e+01,5.884389894e+01,1.023112856e+01,4.084993145e+01,7.080648410e+01,6.867305099e+01,4.231351267e+01,1.123921801e+01,1.747316421e+01,3.398315789e+01,4.504584904e+01,4.943460943e+01,4.931416385e+01,4.780475877e+01,4.314703086e+01,3.852264283e+01,4.155325140e+01,4.763367381e+01,5.721711295e+01,7.670318904e+01,9.513898554e+01,9.626769370e+01,7.595059199e+01,5.206861722e+01
5.368632738e+01,7.831028678e+01,8.633633088e+01,6.798438084e+01,4.675012845e+01,4.399816087e+01,4.019501158e+01,3.765484480e+01,5.162942329e+01,5.814416043e+01,4.275830502e+01,2.496119877e+01,5.448076502e+01,8.865735077e+01,1.065269027e+02,1.041182394e+02,8.485578382e+01,5.678312881e+01,2.908310724e+01,1.458104681e+01,2.514103343e+01,3.639809061e+01,4.082831261e+01,3.867817795e+01,3.295178534e+01,2.646006040e+01,2.021849965e+01,1.588964998e+01,1.886969567e+01,3.164035246e+01,4.886411381e+01,6.147800477e+01,5.995170245e+01,4.040846185e+01,1.477170692e+01,3.391041071e+01,5.284956852e+01,5.354609003e+01,4.920793269e+01,5.776276506e+01,6.427271542e+01,5.331962928e+01,3.498889562e+01,4.190060048e+01,6.240129402e+01,7.435075814e+01,6.956029968e+01,4.295780028e+01,4.866013511e-01,4.284362656e+01,6.363046251e+01,5.461593530e+01,2.590440312e+01,5.921795687e+00,2.048278662e+01,2.947934447e+01,4.229812687e+01,5.456251553e+01,6.033032400e+01,5.728679118e+01,4.457109094e+01,2.941301720e+01,3.133518724e+01,4.629415972e+01,6.478031183e+01,8.554595922e+01,9.917744169e+01,9.498296052e+01,7.229512675e+01,4.956257986e+01
5.165234715e+01,7.534339403e+01,8.241107976e+01,6.358045506e+01,4.280293222e+01,4.038586361e+01,3.288324845e+01,1.797190804e+01,2.680801685e+01,3.169842114e+01,1.967228442e+01,3.283295251e+01,6.650342192e+01,9.050188645e+01,9.662003592e+01,8.520539974e+01,6.202642268e+01,3.542293356e+01,1.214921793e+01,6.423535750e+00,2.094407823e+01,3.025968012e+01,3.124966235e+01,2.434222659e+01,1.721978590e+01,2.066832210e+01,2.823160124e+01,3.415855912e+01,3.988563012e+01,4.723118019e+01,5.399123918e+01,5.381453802e+01,4.050631854e+01,1.362666339e+01,2.077398043e+01,4.717749290e+01,5.416472471e+01,3.855991826e+01,2.192088305e+01,4.102191174e+01,5.202536687e+01,4.168684156e+01,3.483611667e+01,5.460999354e+01,7.041975034e+01,7.078085085e+01,5.696779479e+01,2.989964767e+01,8.842836464e+00,3.874049121e+01,4.917255071e+01,3.443944937e+01,7.127516056e+00,1.419819131e+01,1.400374874e+01,9.142179388e+00,3.261310060e+01,5.014945791e+01,5.592913046e+01,5.130029532e+01,3.849379661e+01,2.540468559e+01,3.104062662e+01,4.841089106e+01,6.578465866e+01,7.966608767e+01,8.461508878e+01,7.592393383e+01,5.534599221e+01,3.794294695e+01
4.301628749e+01,6.274628892e+01,6.674260163e+01,4.784261581e+01,2.987254425e+01,3.140017985e+01,2.485120966e+01,6.325122010e+00,1.519215462e+01,2.007446112e+01,2.361165543e+01,4.662390288e+01,7.033166295e+01,8.089220016e+01,7.582519668e+01,5.965841297e+01,4.012802428e+01,2.529413847e+01,1.713886446e+01,1.000874735e+01,7.553538863e+00,1.004150373e+01,4.374704647e+00,1.308697779e+01,3.478488016e+01,5.404123752e+01,6.517012019e+01,6.697582067e+01,6.183366940e+01,5.344043697e+01,4.437002965e+01,3.390330743e+01,2.218274206e+01,2.590782685e+01,4.495961982e+01,5.734210298e+01,5.287605331e+01,3.247163478e+01,1.734519883e+01,2.965948059e+01,2.950339272e+01,1.919241159e+01,4.341248441e+01,7.153811114e+01,8.137485474e+01,7.245360893e+01,5.311271955e+01,2.921884727e+01,1.290324484e+01,2.475726452e+01,2.517630736e+01,6.909607247e+00,1.849265256e+01,3.212412773e+01,2.738507387e+01,2.221596179e+01,3.497876956e+01,4.230871432e+01,3.985821858e+01,3.634009614e+01,3.473053657e+01,3.481747301e+01,4.112534591e+01,5.166920880e+01,6.041367892e+01,6.423563496e+01,6.211287671e+01,5.350153399e+01,3.863963714e+01,2.648975370e+01
3.108744663e+01,4.534612404e+01,4.565211020e+01,2.648701009e+01,7.919914389e+00,1.604715685e+01,1.122251318e+01,7.290322626e+00,1.998196943e+01,2.486436958e+01,3.441873126e+01,5.301898540e+01,6.544951787e+01,6.352712915e+01,5.014779905e+01,3.448983160e+01,2.555426141e+01,2.304926181e+01,1.869604708e+01,1.150654894e+01,1.285590593e+01,2.039023547e+01,3.106797758e+01,5.141964005e+01,7.692269305e+01,9.712644898e+01,1.046820631e+02,9.768040584e+01,7.812191904e+01,4.988705669e+01,1.860451999e+01,1.461107105e+01,3.772387017e+01,5.438326496e+01,6.335449814e+01,6.423609147e+01,6.006663247e+01,5.759849344e+01,5.679100693e+01,4.719029939e+01,2.294810231e+01,2.704827300e+01,6.455087519e+01,8.774648863e+01,8.781178906e+01,7.113834488e+01,5.100571249e+01,3.403117826e+01,2.156032063e+01,1.696520270e+01,1.471948943e+01,2.622903568e+01,4.512614302e+01,5.305175957e+01,4.842226078e+01,4.435277663e+01,4.281170975e+01,3.445634136e+01,3.335738208e+01,4.882422351e+01,5.874976639e+01,5.757968180e+01,5.347590947e+01,5.155857057e+01,4.893699723e+01,4.673551826e+01,4.964775787e+01,5.173263839e+01,4.297316922e+01,2.946064593e+01
2.030599423e+01,2.961961283e+01,2.924264495e+01,1.818268139e+01,1.582998550e+01,1.916870431e+01,1.739849504e+01,2.222229379e+01,2.882441433e+01,3.164362347e+01,4.101357305e+01,5.452767307e+01,5.844996492e+01,4.823443124e+01,3.055248629e+01,1.861615596e+01,1.830377132e+01,1.839699665e+01,1.879928863e+01,2.683987514e+01,3.865552959e+01,4.873651162e+01,6.035005270e+01,7.998347796e+01,1.037485392e+02,1.210390059e+02,1.247761695e+02,1.138503876e+02,9.048161413e+01,5.919319944e+01,3.470007838e+01,4.481650784e+01,6.485162786e+01,7.419556622e+01,7.320574458e+01,7.067850885e+01,7.580070820e+01,8.519586829e+01,8.604609239e+01,7.139708027e+01,5.273193922e+01,6.152227064e+01,8.499543836e+01,9.285928291e+01,7.915438178e+01,5.572828277e+01,4.036366758e+01,3.585830719e+01,3.449738614e+01,3.576884023e+01,4.115320180e+01,5.390255930e+01,6.686973090e+01,6.959863138e+01,6.428037144e+01,5.850371414e+01,4.720698432e+01,3.475795828e+01,5.507071707e+01,8.234538150e+01,8.965776224e+01,7.693255090e+01,5.808942147e+01,4.255025771e+01,2.867652794e+01,3.188019833e+01,5.368452315e+01,6.625784177e+01,5.788163524e+01,3.968128003e+01
1.212600262e+01,1.768775755e+01,2.011061346e+01,2.321036216e+01,2.950135830e+01,3.100323637e+01,2.925865017e+01,3.148737943e+01,3.371222212e+01,3.490015088e+01,4.312426468e+01,5.271631336e+01,5.200853384e+01,3.922535014e+01,2.283294010e+01,1.704061219e+01,2.198589070e+01,2.958913298e+01,4.107583760e+01,5.452831379e+01,6.522708970e+01,7.070878156e+01,7.497115032e+01,8.533930940e+01,1.004320638e+02,1.118442304e+02,1.155819032e+02,1.130071278e+02,1.044992316e+02,8.964944313e+01,7.556924430e+01,7.384652006e+01,7.925240828e+01,7.898914353e+01,7.406515111e+01,7.609081141e+01,8.800366435e+01,9.850033596e+01,9.755272242e+01,8.601112382e+01,7.848412326e+01,8.554514887e+01,9.149176538e+01,7.982185158e+01,5.104298070e+01,2.144903341e+01,2.184400939e+01,3.297813982e+01,4.266506857e+01,5.276007014e+01,6.206031745e+01,7.263949523e+01,8.058852598e+01,7.958817641e+01,7.341628626e+01,6.581413719e+01,5.046708772e+01,4.711718596e+01,8.120951259e+01,1.100819886e+02,1.096597192e+02,8.326508472e+01,5.037923370e+01,2.527200532e+01,3.082406803e-01,3.355752456e+01,6.509946431e+01,7.914574162e+01,6.829120628e+01,4.681765587e+01
4.103011079e+00,5.984912546e+00,6.452445823e+00,1.713691822e+01,2.692816244e+01,2.879984567e+01,2.687367877e+01,2.863039433e+01,3.084564692e+01,3.305459639e+01,4.030631836e+01,4.674762218e+01,4.416125017e+01,3.307239341e+01,2.313485126e+01,2.611443089e+01,3.750334505e+01,5.127021642e+01,6.512890359e+01,7.618313484e+01,8.144727224e+01,7.978811805e+01,7.436652586e+01,7.143362475e+01,7.256475325e+01,7.522797749e+01,8.335050924e+01,9.967462513e+01,1.134344494e+02,1.129174826e+02,9.865271784e+01,8.239116127e+01,7.314767871e+01,6.866765622e+01,6.906289897e+01,7.754496233e+01,8.805724783e+01,9.241789479e+01,8.952045850e+01,8.583467067e+01,8.792179933e+01,9.058568574e+01,8.200358809e+01,5.837661863e+01,3.116998427e+01,2.602225808e+01,2.968480866e+01,2.845885464e+01,4.159000139e+01,6.045247442e+01,7.314443173e+01,8.193455012e+01,8.672435495e+01,8.355649769e+01,7.625079950e+01,6.786324403e+01,5.558107807e+01,6.431362975e+01,1.016922240e+02,1.264863980e+02,1.168388568e+02,7.812722822e+01,3.436866415e+01,1.725317433e+01,2.884023034e+01,5.202748549e+01,7.722265854e+01,8.650256783e+01,7.236782536e+01,4.961241906e+01
1.227530401e+01,1.790553804e+01,1.753317358e+01,1.591414683e+01,1.845037337e+01,1.672703995e+01,1.215782170e+01,1.747182898e+01,2.434327496e+01,2.868491121e+01,3.396065885e+01,3.768953158e+01,3.549726362e+01,2.916366808e+01,2.717117490e+01,3.554049300e+01,4.931992930e+01,6.283720966e+01,7.275811277e+01,7.735476028e+01,7.597382220e+01,6.913168548e+01,5.948365036e+01,5.042002109e+01,4.076220401e+01,3.024149691e+01,4.261810206e+01,7.608874011e+01,1.034032924e+02,1.099003539e+02,9.438114993e+01,6.863412356e+01,5.158601339e+01,5.344788988e+01,6.407315407e+01,7.271037610e+01,7.405174219e+01,6.924699447e+01,6.667254706e+01,7.214927799e+01,7.907113709e+01,7.809931282e+01,6.840207245e+01,6.182159705e+01,6.764678123e+01,7.039424902e+01,5.415116818e+01,2.399998627e+01,3.476502352e+01,6.336132485e+01,7.841248584e+01,8.519180220e+01,8.781217967e+01,8.306552369e+01,7.374447074e+01,6.531929765e+01,6.022045639e+01,7.737017939e+01,1.124960206e+02,1.311879589e+02,1.142517899e+02,6.788119690e+01,1.879369489e+01,2.957904751e+01,4.868423052e+01,6.525335317e+01,8.224347171e+01,8.625192403e+01,7.026670197e+01,4.817197486e+01
2.699605255e+01,3.937815679e+01,4.504312469e+01,4.012057188e+01,3.123714418e+01,2.048034956e+01,6.043129664e+00,1.019687676e+01,2.044902183e+01,2.424747808e+01,2.572142041e+01,2.736167887e+01,2.766948674e+01,2.717209322e+01,2.996879065e+01,3.860229574e+01,4.945354961e+01,5.710383864e+01,5.874195978e+01,5.475567215e+01,4.715310628e+01,3.835352787e+01,3.161584032e+01,2.919690165e+01,2.602462340e+01,1.501189068e+01,2.039710968e+01,5.124026775e+01,7.716968795e+01,8.495376296e+01,7.139687175e+01,4.573128820e+01,3.288909527e+01,4.654424689e+01,5.910228793e+01,5.946083523e+01,4.882400264e+01,3.856877384e+01,4.344219711e+01,5.400354073e+01,5.732712704e+01,5.569538695e+01,6.342650868e+01,8.345876074e+01,9.899837425e+01,9.409989418e+01,6.327540890e+01,1.458060302e+01,3.577174780e+01,6.915657909e+01,8.240001512e+01,8.570781042e+01,8.653488546e+01,8.044240150e+01,6.794080123e+01,5.814956672e+01,5.788965137e+01,7.683201207e+01,1.065151831e+02,1.196271139e+02,9.977831673e+01,5.301642837e+01,1.303652288e+01,4.103827509e+01,5.642160180e+01,6.427469938e+01,7.359661062e+01,7.490157359e+01,6.061602521e+01,4.155586587e+01
3.820739775e+01,5.573173693e+01,6.504037187e+01,5.827947981e+01,4.401990756e+01,2.889846343e+01,1.217219870e+01,7.719464524e+00,1.957639177e+01,2.354628293e+01,2.194558504e+01,2.113078366e+01,2.403300967e+01,2.879008038e+01,3.394341294e+01,3.896214354e+01,4.172073014e+01,3.913010444e+01,3.042964809e+01,1.813532310e+01,6.298729392e+00,1.837189283e+00,3.885812422e+00,1.077286886e+01,2.498174485e+01,4.007079170e+01,5.300415079e+01,6.440105367e+01,7.269790169e+01,7.187914446e+01,5.812176186e+01,3.681644299e+01,2.883501998e+01,4.047648386e+01,4.576730991e+01,3.686588360e+01,2.402710484e+01,3.340155494e+01,4.796523864e+01,4.812591992e+01,3.359155729e+01,3.168866552e+01,6.146411887e+01,9.053628741e+01,1.019583387e+02,8.796979820e+01,5.007331303e+01,1.116486755e+01,5.022040879e+01,7.674409304e+01,8.319550786e+01,8.333595006e+01,8.522013596e+01,7.958256127e+01,6.302511950e+01,4.727404017e+01,4.445114088e+01,5.779862036e+01,7.879039501e+01,8.690273294e+01,6.844399161e+01,2.947120700e+01,2.578068980e+01,5.240884876e+01,5.866229264e+01,5.304824344e+01,5.155081600e+01,5.166098585e+01,4.285425439e+01,2.937912279e+01
4.166915800e+01,6.078128029e+01,6.952296185e+01,5.932061856e+01,4.163719318e+01,2.641737041e+01,1.100668377e+01,1.091471465e+01,2.642960512e+01,3.408082112e+01,3.355466561e+01,3.055003240e+01,3.233319808e+01,3.912880403e+01,4.471705635e+01,4.434205180e+01,3.613057752e+01,2.069979192e+01,1.882226750e+00,1.715751186e+01,2.990373672e+01,3.425501726e+01,2.819001625e+01,1.440481468e+01,2.776240299e+01,5.846490825e+01,8.450683251e+01,9.889747118e+01,1.001313109e+02,8.951146102e+01,6.941817322e+01,4.466904990e+01,2.586268729e+01,2.360838379e+01,2.340240151e+01,2.466491793e+01,4.413573626e+01,6.638215869e+01,7.371628756e+01,5.868791036e+01,2.451461019e+01,1.818396358e+01,5.602203276e+01,7.853506439e+01,7.939653514e+01,5.801916776e+01,2.310548787e+01,3.185905542e+01,6.345900753e+01,7.671716687e+01,7.524316798e+01,7.827144968e+01,8.826568004e+01,8.632490460e+01,6.579641442e+01,3.834293963e+01,2.227216668e+01,2.453524472e+01,3.402985524e+01,3.624847344e+01,2.124563624e+01,1.709121618e+01,4.816709714e+01,6.649429050e+01,6.331656621e+01,4.411328683e+01,2.417993551e+01,1.994925624e+01,1.985445945e+01,1.361140476e+01
3.679408988e+01,5.367019631e+01,5.815870883e+01,4.410220914e+01,2.800872263e+01,2.396183383e+01,2.045701201e+01,2.267398676e+01,3.608001510e+01,4.587307102e+01,4.696461258e+01,4.345140772e+01,4.388920534e+01,5.030630924e+01,5.446820304e+01,4.896019323e+01,3.198814405e+01,8.341551238e+00,2.183079822e+01,4.211468459e+01,5.142513194e+01,4.893607110e+01,3.653726501e+01,2.027308658e+01,3.305108191e+01,6.628272918e+01,9.588457775e+01,1.124791250e+02,1.130997351e+02,9.988990541e+01,7.772041838e+01,5.261688398e+01,3.160341499e+01,2.224311084e+01,3.008742063e+01,5.335183066e+01,8.197323440e+01,1.011149084e+02,9.841949999e+01,7.128160899e+01,2.965577158e+01,2.250436316e+01,5.080816478e+01,6.040727752e+01,4.909912324e+01,2.221242382e+01,1.622057133e+01,4.654960816e+01,6.360100753e+01,6.295722209e+01,6.007348085e+01,7.836524489e+01,1.010166563e+02,1.031239841e+02,7.937542043e+01,4.148198329e+01,9.475192584e+00,1.696916304e+01,2.364823022e+01,2.508326281e+01,3.345129426e+01,5.346777943e+01,7.323499597e+01,8.032146348e+01,7.024309549e+01,4.773526925e+01,2.420878533e+01,1.514370641e+01,1.494113185e+01,1.024302846e+01
2.659620961e+01,3.879492049e+01,3.775979970e+01,2.186902624e+01,2.091822410e+01,3.256472828e+01,3.244406276e+01,2.898607791e+01,3.686084827e+01,4.667447696e+01,4.919133250e+01,4.640511529e+01,4.626309801e+01,5.100063386e+01,5.227761144e+01,4.232770341e+01,1.985780140e+01,1.115378165e+01,4.048781134e+01,6.002174322e+01,6.408055928e+01,5.362705507e+01,3.562685466e+01,2.453839563e+01,3.788617436e+01,6.113744553e+01,8.147151367e+01,9.257708792e+01,9.208661665e+01,8.177042782e+01,6.651578360e+01,5.256580090e+01,4.431309848e+01,4.266612032e+01,5.290492248e+01,7.883778590e+01,1.085689751e+02,1.246585936e+02,1.151939055e+02,8.031533723e+01,3.342636916e+01,2.026378207e+01,4.277104599e+01,4.490913839e+01,2.823386668e+01,4.856567236e+00,2.687413149e+01,4.484035465e+01,4.773026279e+01,4.062807759e+01,5.432031569e+01,9.085187076e+01,1.196457875e+02,1.223888950e+02,9.638782837e+01,5.470241913e+01,3.051733089e+01,4.909880894e+01,6.701534719e+01,7.679160891e+01,8.433472168e+01,9.253567543e+01,9.684400291e+01,9.136666055e+01,7.612111082e+01,5.851048758e+01,4.869180026e+01,4.533131715e+01,3.653389181e+01,2.504614090e+01
1.593697368e+01,2.324668199e+01,1.810974828e+01,6.024426648e+00,2.630257935e+01,3.942198284e+01,3.755931287e+01,2.776552711e+01,2.720517459e+01,3.519660292e+01,3.895870938e+01,3.752109083e+01,3.658121922e+01,3.803494117e+01,3.540428581e+01,2.260082383e+01,4.044136544e+00,3.160235556e+01,5.933217669e+01,7.655514652e+01,7.816863769e+01,6.577535384e+01,4.858885293e+01,4.050169535e+01,4.445555076e+01,4.943497708e+01,5.038198732e+01,4.813201138e+01,4.420651345e+01,3.956654100e+01,3.704061858e+01,3.984252172e+01,4.457131414e+01,4.720902335e+01,5.611576617e+01,8.182453692e+01,1.130567388e+02,1.305155011e+02,1.219626495e+02,8.812147111e+01,4.202942888e+01,7.009536607e+00,2.406100731e+01,2.630462161e+01,1.434393278e+01,7.226015751e+00,2.053559481e+01,2.678955256e+01,2.502570235e+01,3.492243845e+01,6.788919223e+01,1.057280125e+02,1.307943708e+02,1.309096780e+02,1.047713608e+02,6.569907595e+01,4.882098608e+01,7.208474582e+01,9.806563748e+01,1.150360230e+02,1.237681319e+02,1.248196758e+02,1.166196003e+02,9.948185359e+01,7.927882477e+01,6.636502333e+01,6.536631031e+01,6.477552696e+01,5.222025632e+01,3.580007036e+01
9.686910626e+00,1.412994306e+01,8.997212691e+00,8.875630975e+00,2.724483377e+01,3.827611231e+01,3.670704992e+01,2.592286512e+01,1.748740619e+01,2.049632222e+01,2.422375316e+01,2.383819269e+01,2.157804364e+01,1.825138106e+01,1.063221012e+01,5.329096464e+00,2.667544023e+01,5.154678191e+01,7.384758999e+01,8.757109179e+01,8.903760508e+01,7.945946801e+01,6.550622039e+01,5.538805366e+01,5.013189183e+01,4.317471361e+01,3.109393091e+01,1.793862915e+01,1.179410589e+01,9.382825933e+00,8.143352822e+00,1.934078472e+01,2.942725318e+01,3.136714263e+01,3.666562543e+01,6.377427831e+01,9.844027296e+01,1.206354688e+02,1.188528157e+02,9.383630161e+01,5.734060935e+01,2.464644325e+01,5.432763347e+00,3.007799216e+00,5.028478580e+00,3.478817760e+00,3.928532897e+00,1.582362208e+01,3.234731885e+01,5.487092540e+01,8.231091018e+01,1.082498566e+02,1.230246381e+02,1.188691026e+02,9.565561353e+01,6.595252836e+01,5.989545038e+01,8.521303756e+01,1.149064009e+02,1.374837310e+02,1.491995977e+02,1.471875301e+02,1.305779914e+02,1.039835756e+02,7.804844317e+01,6.532462822e+01,6.751773325e+01,6.899386301e+01,5.646206362e+01,3.870807983e+01
9.635031551e+00,1.405426895e+01,1.120328828e+01,7.825135307e+00,2.155838762e+01,3.171321287e+01,3.186691996e+01,2.404415437e+01,1.575821424e+01,1.385841188e+01,1.465316557e+01,1.419444659e+01,1.247390498e+01,9.471940886e+00,1.164685473e+01,2.509034018e+01,4.340181980e+01,6.198885062e+01,7.715382603e+01,8.568095874e+01,8.562741129e+01,7.767529271e+01,6.554068010e+01,5.411250553e+01,4.596712072e+01,4.099041636e+01,4.060143609e+01,4.519127297e+01,4.824189884e+01,4.278441844e+01,2.860344904e+01,1.461313354e+01,1.257146940e+01,7.135496498e+00,1.754377339e+01,5.128289341e+01,8.560654788e+01,1.070020695e+02,1.078574026e+02,9.110246809e+01,6.822779387e+01,4.904862039e+01,3.293713183e+01,1.771827176e+01,1.168709781e+01,1.785762380e+01,2.890251073e+01,4.409737179e+01,5.937849130e+01,7.251608469e+01,8.374253860e+01,9.190945096e+01,9.341035650e+01,8.489248382e+01,6.757999870e+01,5.332508778e+01,6.263482069e+01,9.077916223e+01,1.219829928e+02,1.480040218e+02,1.621838727e+02,1.586119317e+02,1.362409333e+02,1.023186016e+02,7.038350868e+01,5.389492675e+01,5.510215985e+01,5.833749052e+01,4.918654744e+01,3.372028372e+01
1.201611068e+01,1.752746220e+01,1.459414082e+01,2.895998469e+00,1.443735007e+01,2.284456810e+01,2.130859515e+01,1.496044384e+01,1.252130880e+01,1.208184831e+01,9.096390466e+00,6.194090532e+00,6.151754887e+00,1.027467445e+01,1.972983976e+01,3.264120497e+01,4.659713527e+01,5.906262801e+01,6.753620249e+01,7.002333144e+01,6.575658321e+01,5.595556411e+01,4.380270857e+01,3.343292733e+01,2.902043134e+01,3.317879690e+01,4.377139536e+01,5.474866725e+01,5.898015970e+01,5.194161188e+01,3.553459503e+01,1.861021136e+01,9.676227788e+00,9.566978790e+00,3.233572936e+01,6.370684361e+01,8.980142955e+01,9.985642550e+01,9.205984212e+01,7.760879392e+01,7.196665781e+01,7.039267141e+01,5.735422341e+01,3.055409745e+01,7.269675816e+00,3.339577211e+01,5.617851771e+01,7.149791305e+01,7.791020655e+01,7.568033811e+01,6.788817397e+01,5.764292180e+01,4.641777702e+01,3.515160270e+01,2.663137376e+01,3.309353720e+01,5.814224695e+01,9.106365337e+01,1.244085456e+02,1.517144788e+02,1.654735732e+02,1.589877205e+02,1.315780456e+02,9.209024745e+01,5.557890882e+01,3.489658127e+01,3.340004508e+01,3.828756031e+01,3.449002160e+01,2.364494714e+01
1.520105409e+01,2.217322293e+01,1.951061057e+01,6.511244802e+00,8.639645872e+00,1.241097510e+01,4.628325085e+00,7.854557815e+00,1.446507363e+01,1.084311274e+01,7.172736880e-01,7.760470877e+00,9.198407622e+00,8.381673078e+00,1.675700949e+01,2.787043984e+01,3.769833104e+01,4.515446069e+01,4.873122748e+01,4.658234200e+01,3.816205715e+01,2.585847462e+01,1.567403824e+01,1.459186588e+01,1.901161411e+01,2.510845239e+01,3.378968672e+01,4.348857203e+01,4.890313087e+01,4.531099076e+01,3.390666496e+01,2.227680414e+01,1.257776854e+01,5.969704354e+00,3.638460566e+01,7.028210728e+01,9.310723396e+01,9.410912955e+01,7.539372671e+01,6.152289111e+01,7.548840990e+01,8.815674463e+01,7.608890816e+01,4.016718290e+01,1.329548462e+01,5.140660782e+01,7.811128029e+01,8.752843467e+01,8.115851329e+01,6.385365234e+01,4.318306888e+01,2.649331485e+01,2.007550397e+01,2.298120164e+01,2.314101668e+01,2.492182700e+01,4.935994679e+01,8.665287156e+01,1.229551478e+02,1.493397897e+02,1.590963526e+02,1.476039664e+02,1.157977572e+02,7.332215570e+01,3.560001712e+01,1.436256035e+01,1.079601374e+01,1.724527129e+01,1.879333329e+01,1.288394010e+01
1.892321529e+01,2.760260365e+01,2.624710656e+01,1.427736084e+01,7.211714658e+00,8.754218663e+00,1.613731836e+01,2.698190710e+01,2.730699248e+01,1.336004734e+01,9.924944921e+00,2.572919775e+01,3.028793618e+01,2.608562620e+01,2.242346595e+01,2.340509726e+01,2.539644927e+01,2.646497461e+01,2.587609055e+01,2.304759014e+01,2.073650776e+01,2.554501198e+01,3.453832827e+01,3.995735342e+01,3.924604242e+01,3.351270312e+01,2.506663888e+01,2.352459648e+01,3.551615471e+01,4.685126504e+01,4.937938614e+01,4.377877712e+01,3.260511760e+01,1.946247900e+01,3.289101315e+01,6.363478281e+01,8.533071640e+01,8.513331880e+01,6.453015272e+01,5.357703406e+01,7.704382348e+01,9.472140157e+01,8.327156874e+01,4.711525801e+01,3.376088627e+01,6.886044202e+01,9.171741712e+01,9.289740166e+01,7.890109283e+01,6.464759683e+01,6.469870108e+01,7.360177447e+01,7.928838211e+01,7.751476709e+01,6.531363241e+01,4.318301674e+01,4.043392487e+01,7.624588266e+01,1.132018988e+02,1.357198691e+02,1.388908874e+02,1.220499624e+02,8.864537539e+01,4.814701458e+01,1.481907165e+01,7.591272728e+00,5.975225848e+00,2.848963769e+00,8.019829059e+00,5.498066552e+00
2.199101741e+01,3.207749466e+01,3.224576056e+01,2.128944352e+01,1.301198210e+01,1.769885947e+01,3.199567396e+01,4.312207337e+01,3.801003052e+01,1.613206948e+01,1.914139704e+01,4.033487413e+01,4.697997446e+01,4.187746903e+01,3.312990187e+01,2.456853792e+01,1.651740084e+01,1.139989942e+01,1.251503942e+01,1.880622279e+01,2.924585808e+01,4.221166295e+01,5.270483665e+01,5.623174482e+01,5.336598183e+01,4.658427474e+01,3.301647920e+01,1.117817107e+01,2.794342749e+01,5.551718546e+01,6.846067835e+01,6.476898716e+01,5.409028609e+01,5.037550812e+01,5.867073123e+01,7.366098493e+01,8.560849255e+01,8.390949044e+01,6.613280155e+01,5.132518285e+01,6.560647863e+01,8.092119384e+01,7.240399341e+01,4.639352665e+01,5.041287934e+01,8.212408724e+01,1.002884146e+02,1.004436263e+02,9.674078178e+01,1.051875069e+02,1.223211809e+02,1.337744748e+02,1.327746802e+02,1.203596197e+02,9.726764346e+01,6.345542965e+01,3.690246511e+01,6.011360155e+01,9.194292733e+01,1.067597612e+02,1.020288585e+02,8.168038149e+01,5.167225284e+01,2.017753672e+01,7.420968973e+00,1.606703869e+01,1.286989178e+01,6.815587142e+00,7.412715698e+00,5.081854480e+00
2.270407748e+01,3.311760937e+01,3.364889797e+01,2.324389231e+01,1.571533141e+01,2.161695314e+01,3.781678384e+01,4.882697902e+01,4.116685588e+01,1.733785388e+01,2.486949042e+01,4.598780567e+01,5.167343677e+01,4.574771161e+01,3.494525139e+01,2.042771477e+01,6.163683261e+00,1.920852102e+01,3.348928539e+01,4.169522177e+01,4.506889245e+01,4.793772247e+01,5.096692063e+01,5.078517076e+01,4.964884881e+01,5.088942820e+01,4.522408433e+01,2.274561186e+01,1.792296202e+01,5.348428448e+01,7.284334983e+01,7.070572321e+01,6.341675832e+01,7.359721724e+01,9.161945421e+01,1.018365425e+02,1.019383619e+02,9.271013852e+01,7.325496879e+01,4.858214231e+01,3.989694605e+01,4.887973118e+01,4.795686277e+01,4.239210351e+01,6.208165993e+01,9.126125849e+01,1.090396784e+02,1.171841351e+02,1.290796545e+02,1.493842967e+02,1.678761752e+02,1.733601613e+02,1.631439627e+02,1.416114059e+02,1.120950253e+02,7.486158602e+01,4.049580608e+01,4.501460507e+01,6.481029894e+01,6.843549809e+01,5.596152717e+01,3.621232062e+01,1.824097928e+01,1.367460905e+01,1.971482992e+01,2.178959506e+01,2.033237672e+01,1.930629712e+01,1.680173273e+01,1.151858027e+01
2.039875066e+01,2.975491325e+01,2.853346436e+01,1.763773053e+01,1.245452817e+01,1.732269340e+01,3.223573922e+01,4.327569716e+01,3.684611594e+01,1.887772108e+01,2.807062524e+01,4.325501661e+01,4.555828089e+01,4.125559172e+01,3.431029246e+01,2.060159153e+01,1.137238070e+01,3.259978415e+01,5.222750546e+01,6.101898448e+01,5.714013716e+01,4.537076118e+01,3.414059236e+01,2.748690261e+01,3.097685517e+01,4.521368990e+01,5.228055169e+01,3.957745449e+01,1.840256408e+01,4.074044080e+01,6.162117609e+01,6.084238333e+01,5.710515088e+01,7.848688583e+01,1.050631380e+02,1.158870910e+02,1.094102890e+02,9.283527082e+01,7.111143349e+01,4.439847135e+01,1.611757615e+01,1.567432167e+01,2.945437728e+01,4.280371734e+01,6.674745584e+01,9.315698898e+01,1.123633398e+02,1.269823896e+02,1.447862437e+02,1.648886341e+02,1.781240392e+02,1.769186622e+02,1.611501244e+02,1.365960813e+02,1.072887284e+02,7.371947796e+01,4.488678113e+01,4.187384599e+01,4.763279133e+01,4.061228377e+01,2.918456370e+01,3.084624551e+01,3.568993100e+01,3.392087832e+01,3.142584068e+01,3.494909574e+01,3.985057252e+01,3.916270757e+01,3.093204279e+01,2.120574249e+01
1.655530240e+01,2.414861551e+01,1.940816356e+01,7.454087228e+00,1.271431973e+01,1.359651972e+01,2.096380024e+01,3.163265124e+01,2.930127249e+01,2.203413012e+01,3.093789498e+01,3.806755686e+01,3.677373033e+01,3.843132637e+01,4.121896864e+01,3.517351130e+01,2.713455058e+01,3.758135232e+01,5.525180889e+01,6.333356220e+01,5.578398479e+01,3.534761226e+01,1.231261788e+01,6.944098118e+00,1.859461494e+01,3.672469348e+01,5.293489742e+01,5.374698436e+01,3.854904391e+01,3.215083659e+01,4.341135405e+01,4.316440070e+01,4.027049253e+01,6.406765959e+01,9.220604344e+01,1.031503113e+02,9.427258470e+01,7.408776134e+01,5.301262973e+01,3.437497408e+01,1.700808172e+01,1.467182295e+01,2.583130494e+01,3.780319238e+01,5.724254502e+01,7.998547924e+01,9.796210482e+01,1.115869221e+02,1.255350469e+02,1.390626403e+02,1.462903520e+02,1.425982292e+02,1.285953012e+02,1.089139706e+02,8.624536861e+01,6.207132945e+01,4.789120108e+01,5.057058244e+01,4.933069116e+01,3.814896263e+01,3.848866492e+01,5.132151001e+01,5.512001537e+01,4.976028872e+01,5.046075101e+01,6.055714200e+01,6.663321555e+01,6.099398109e+01,4.522392724e+01,3.100367350e+01
1.394666676e+01,2.034349389e+01,1.271764429e+01,5.785513711e+00,1.952319312e+01,1.862535947e+01,1.484123153e+01,2.245497300e+01,2.348839479e+01,2.378295531e+01,3.293414060e+01,3.593475319e+01,3.203385479e+01,3.657777900e+01,4.473543881e+01,4.359343795e+01,3.494277904e+01,3.238236358e+01,4.063663811e+01,4.534677198e+01,3.670986442e+01,1.466247395e+01,1.239867920e+01,3.178298439e+01,3.622217891e+01,3.592562686e+01,4.917019844e+01,6.127856010e+01,5.616141538e+01,3.853890106e+01,2.854356560e+01,2.622994553e+01,2.130659337e+01,3.738378640e+01,6.073046727e+01,7.148920121e+01,6.481820684e+01,4.554797823e+01,2.478597903e+01,1.516958519e+01,1.442888324e+01,1.529460152e+01,1.663388096e+01,1.805766220e+01,3.100344041e+01,4.944567269e+01,6.230064870e+01,6.848316949e+01,7.300775314e+01,7.827232449e+01,8.232068387e+01,8.247472931e+01,7.799876740e+01,7.027871662e+01,6.042602804e+01,5.352369458e+01,5.888946816e+01,6.647159242e+01,5.903460078e+01,3.811241374e+01,3.542819132e+01,5.394163947e+01,6.437309477e+01,6.950555485e+01,7.996054377e+01,9.104938544e+01,9.167203080e+01,7.803557391e+01,5.507254693e+01,3.775548406e+01
1.326016440e+01,1.934211796e+01,1.169166833e+01,8.949577669e+00,2.215425667e+01,2.195645027e+01,1.793320527e+01,2.290908548e+01,2.219117116e+01,2.081018704e+01,3.097783069e+01,3.627532156e+01,3.257232148e+01,3.174045932e+01,3.667568674e+01,3.749183574e+01,3.170861120e+01,2.353826246e+01,1.880741584e+01,1.706669626e+01,1.300309749e+01,1.712981106e+01,3.563295884e+01,5.162202200e+01,5.348504630e+01,4.279440547e+01,4.457860072e+01,6.146645928e+01,6.542521722e+01,4.978937965e+01,2.768303599e+01,1.779205278e+01,1.256463800e+01,7.564077615e+00,2.306118030e+01,3.561741669e+01,3.737004685e+01,2.750148693e+01,1.261642290e+01,1.121373630e+01,1.686956226e+01,1.920925426e+01,1.975852808e+01,1.443018632e+01,5.250389077e+00,1.190598612e+01,1.555279224e+01,1.110544183e+01,4.856891219e+00,4.551842045e+00,1.187676894e+01,2.235050335e+01,3.287275858e+01,4.285145264e+01,5.279934488e+01,6.535506904e+01,7.970337265e+01,8.494402852e+01,6.979902135e+01,3.496055150e+01,1.711524360e+01,5.186462864e+01,7.768665560e+01,9.574886439e+01,1.094416253e+02,1.147033106e+02,1.063706134e+02,8.495178273e+01,5.754570515e+01,3.945098011e+01
1.253749301e+01,1.828798357e+01,1.099711082e+01,7.174685332e+00,2.014517982e+01,2.261908283e+01,2.583122683e+01,3.294502333e+01,2.964598112e+01,1.807908667e+01,2.331835828e+01,3.358352139e+01,3.428115318e+01,2.930324168e+01,2.489822585e+01,2.199401804e+01,1.905749049e+01,1.492527586e+01,7.424907583e+00,6.202535279e+00,2.333634984e+01,4.022066204e+01,5.372899956e+01,6.230096182e+01,6.138902002e+01,4.905025888e+01,4.228001456e+01,5.652410204e+01,6.606613317e+01,5.677771648e+01,3.579704143e+01,2.336860383e+01,2.649258840e+01,2.507225285e+01,1.391200700e+01,3.449646907e+00,1.615012900e+01,2.207981537e+01,2.494067493e+01,3.014174057e+01,3.435930255e+01,3.669586869e+01,3.879925754e+01,3.739952295e+01,3.045641912e+01,2.269491795e+01,2.533332577e+01,4.056188211e+01,5.646329769e+01,6.371311123e+01,5.945583720e+01,4.762533214e+01,3.982848171e+01,4.931216304e+01,6.815481600e+01,8.549375245e+01,9.646681834e+01,9.457651731e+01,7.315675412e+01,3.346677744e+01,1.821135459e+01,6.116154387e+01,9.376939119e+01,1.144531173e+02,1.238748395e+02,1.208743287e+02,1.051329919e+02,7.999288417e+01,5.270805449e+01,3.613448482e+01
1.062084750e+01,1.549224270e+01,8.849671010e+00,7.523382494e+00,1.939566472e+01,2.461691613e+01,3.387073864e+01,4.396538674e+01,4.148216982e+01,2.577991669e+01,1.518536691e+01,2.441779890e+01,2.992918281e+01,2.862827810e+01,2.402643201e+01,1.777541293e+01,9.655857526e+00,1.928100469e+00,2.424588918e+00,1.026688423e+01,2.813956942e+01,4.655879579e+01,5.768783940e+01,6.081624269e+01,5.809620074e+01,4.925317002e+01,4.177657751e+01,4.955621567e+01,5.919602995e+01,5.468633374e+01,3.812258439e+01,3.143946029e+01,4.520626413e+01,5.414174593e+01,4.802163733e+01,3.041597365e+01,1.329985284e+01,1.649592989e+01,2.999528501e+01,4.248264176e+01,4.906701330e+01,4.933011688e+01,4.706157680e+01,4.320186178e+01,3.696365928e+01,3.431093117e+01,4.649969496e+01,7.010432353e+01,9.234980162e+01,1.027201554e+02,9.664860566e+01,7.724291451e+01,5.846856782e+01,6.339163621e+01,8.463565477e+01,1.003110492e+02,1.027557797e+02,9.048291961e+01,6.292351748e+01,2.359825708e+01,2.678993579e+01,6.654427261e+01,9.548495006e+01,1.108944342e+02,1.136786783e+02,1.055134971e+02,8.862581339e+01,6.634314205e+01,4.372955426e+01,2.997919255e+01
7.877639885e+00,1.149082585e+01,7.877751309e+00,1.273087504e+01,2.113942187e+01,2.502208647e+01,3.503827748e+01,4.652774039e+01,4.644795098e+01,3.355036290e+01,1.796611995e+01,1.433364562e+01,1.867202102e+01,2.275258158e+01,2.723880283e+01,3.002119529e+01,2.847521027e+01,2.583408662e+01,2.575640018e+01,2.477220515e+01,2.830056407e+01,4.063110864e+01,4.944275598e+01,4.928211767e+01,4.518573496e+01,4.144980146e+01,3.909966125e+01,4.258900852e+01,4.771331057e+01,4.344297218e+01,3.034049190e+01,3.567657801e+01,6.025906288e+01,7.617785982e+01,7.383903196e+01,5.670952769e+01,3.581712418e+01,2.622863714e+01,3.784980132e+01,5.386605675e+01,6.089764308e+01,5.580971425e+01,4.353985743e+01,3.115560501e+01,2.340258287e+01,2.734802141e+01,4.646487676e+01,7.324474854e+01,9.743894921e+01,1.092361201e+02,1.031369689e+02,8.121009098e+01,6.002950909e+01,7.030318586e+01,9.810260611e+01,1.147304888e+02,1.116218548e+02,9.087865381e+01,5.801093717e+01,2.028451674e+01,2.439568497e+01,5.496293384e+01,7.450651012e+01,8.200016810e+01,8.091371740e+01,7.490914084e+01,6.493328545e+01,5.072498007e+01,3.447099024e+01,2.363190001e+01
6.110047954e+00,8.912503999e+00,1.118488035e+01,1.829440634e+01,2.289671961e+01,2.176117395e+01,2.726250499e+01,3.699240016e+01,3.796992932e+01,2.930951785e+01,1.841742535e+01,1.180274677e+01,1.103425744e+01,1.592632117e+01,2.555198199e+01,3.608456995e+01,4.299165081e+01,4.675012736e+01,4.975427414e+01,4.932117300e+01,4.508515665e+01,4.413319948e+01,4.573987830e+01,4.147616340e+01,3.260875810e+01,2.886957131e+01,3.182321086e+01,3.581045566e+01,3.688867890e+01,2.968064685e+01,1.766684696e+01,3.610629533e+01,6.594709045e+01,8.393638006e+01,8.288748518e+01,6.678712077e+01,4.648908483e+01,3.684361742e+01,4.846648948e+01,6.506060506e+01,7.038204970e+01,6.032547323e+01,4.137111531e+01,2.606652019e+01,2.382534160e+01,2.878103659e+01,3.970629189e+01,5.883196891e+01,7.919309122e+01,9.079369940e+01,8.670031061e+01,6.702196424e+01,5.121406946e+01,7.442980054e+01,1.112505030e+02,1.333695943e+02,1.327348584e+02,1.124844621e+02,8.112307427e+01,4.905778948e+01,3.041641080e+01,3.295348039e+01,3.772881333e+01,3.885628958e+01,4.243311908e+01,4.753933780e+01,4.689413942e+01,3.814672911e+01,2.543935346e+01,1.744017950e+01
6.932096331e+00,1.011159597e+01,1.596663731e+01,2.236338076e+01,2.373446395e+01,1.813380638e+01,1.600540793e+01,1.997473427e+01,1.824269059e+01,1.119868036e+01,4.919564434e+00,6.958019950e+00,1.613549395e+01,2.283776676e+01,2.630526492e+01,3.293939998e+01,4.257433266e+01,5.095085398e+01,5.716953244e+01,5.910047971e+01,5.533243260e+01,5.080194177e+01,4.914526113e+01,4.451959251e+01,3.320123185e+01,2.202194534e+01,2.271487488e+01,2.885687662e+01,3.012241085e+01,2.191974973e+01,9.636790486e+00,3.277014834e+01,6.035202299e+01,7.526233941e+01,7.209406012e+01,5.547479291e+01,3.698006144e+01,3.457970654e+01,5.195609632e+01,6.877940474e+01,7.268838306e+01,6.357104226e+01,5.301682084e+01,5.224540435e+01,5.546657270e+01,5.363338423e+01,4.745976738e+01,4.609293598e+01,5.449378012e+01,6.358175144e+01,6.275723370e+01,4.862703971e+01,4.165223960e+01,7.396044687e+01,1.154567993e+02,1.425049427e+02,1.469810171e+02,1.307183026e+02,1.014263512e+02,6.862344000e+01,4.046403279e+01,1.959026208e+01,7.977646621e-01,2.021670600e+01,3.864925393e+01,4.667143354e+01,4.133544696e+01,2.754131307e+01,1.434674445e+01,9.835540784e+00
8.290771336e+00,1.209344562e+01,1.862990967e+01,2.311773050e+01,2.181570560e+01,1.483593332e+01,8.730742448e+00,5.173029994e+00,5.649927923e+00,1.551155139e+01,1.915791255e+01,1.689224188e+01,2.459179913e+01,3.558890729e+01,3.736992924e+01,3.238613630e+01,3.141321971e+01,3.653807555e+01,4.213991533e+01,4.469311982e+01,4.286473059e+01,4.069689176e+01,4.256403390e+01,4.317953435e+01,3.628176148e+01,2.359831726e+01,1.632076951e+01,2.164730811e+01,2.523232518e+01,2.022004960e+01,1.352668465e+01,2.974862500e+01,4.969568418e+01,5.751735612e+01,4.873210420e+01,2.875198555e+01,1.470399077e+01,2.990733036e+01,4.983709123e+01,6.350974703e+01,6.734671270e+01,6.691253085e+01,7.188351875e+01,8.007556716e+01,8.234158476e+01,7.520395427e+01,6.132960679e+01,4.710305947e+01,4.080288501e+01,4.372158023e+01,4.491242880e+01,3.537844112e+01,2.902412381e+01,5.918303477e+01,9.854623679e+01,1.260728305e+02,1.333243669e+02,1.204082877e+02,9.360351711e+01,6.218252160e+01,3.475851898e+01,1.719393589e+01,2.363700904e+01,4.400308214e+01,5.834433083e+01,5.670386228e+01,3.950010876e+01,1.785083125e+01,7.227299927e+00,4.954741017e+00
8.632076923e+00,1.259129563e+01,1.839001259e+01,2.078058342e+01,1.779788330e+01,1.244467507e+01,8.668206497e+00,4.010770870e+00,1.746472784e+01,3.382082590e+01,4.010817917e+01,3.399513492e+01,3.113910431e+01,4.150819934e+01,4.693045507e+01,4.032487376e+01,2.778906691e+01,1.860449512e+01,1.583217338e+01,1.506483806e+01,1.341148143e+01,1.506779827e+01,2.299292385e+01,2.946433485e+01,2.833814315e+01,1.894146541e+01,8.700951457e+00,1.563556474e+01,2.350821750e+01,2.581670472e+01,2.920691723e+01,3.998625050e+01,4.965570866e+01,4.715667448e+01,2.929058097e+01,3.793620556e+00,2.480319791e+01,4.305897722e+01,5.303360403e+01,5.742755241e+01,6.063557858e+01,6.955159839e+01,8.372936066e+01,9.362752209e+01,9.273784927e+01,8.184854083e+01,6.565510036e+01,4.891009917e+01,3.627831198e+01,3.314001253e+01,3.493181718e+01,2.861354012e+01,1.063092313e+01,2.859487744e+01,6.175150492e+01,8.547513271e+01,9.224069259e+01,8.133134016e+01,5.813186131e+01,3.174561308e+01,1.116361354e+01,1.203414246e+01,3.182964608e+01,5.387912666e+01,6.533806368e+01,5.723839669e+01,3.438490721e+01,1.911445577e+01,2.064608715e+01,1.415411231e+01
8.329924132e+00,1.215055638e+01,1.671593901e+01,1.806094649e+01,1.706193931e+01,1.830515749e+01,1.863828866e+01,1.278885142e+01,1.869975458e+01,3.677378103e+01,4.586297223e+01,3.964097831e+01,2.871756036e+01,3.484062027e+01,4.491684514e+01,4.395250533e+01,3.361046444e+01,2.206245325e+01,1.643383448e+01,1.630893070e+01,1.623285931e+01,1.296735992e+01,7.211032098e+00,7.056922929e+00,9.439321345e+00,5.638694198e+00,7.995196000e+00,2.105994706e+01,3.190891457e+01,3.962100364e+01,4.835784930e+01,5.855770241e+01,6.239894466e+01,5.186256849e+01,2.804278256e+01,2.154841938e+01,4.548234696e+01,6.060028523e+01,6.338441069e+01,6.004986673e+01,5.903018437e+01,6.652321372e+01,7.885707567e+01,8.630924251e+01,8.391050223e+01,7.354731622e+01,5.949038767e+01,4.396989445e+01,2.842014718e+01,2.186288743e+01,2.924090406e+01,3.298703001e+01,2.604912839e+01,2.002138343e+01,3.350198884e+01,4.770457297e+01,4.976308632e+01,3.792251528e+01,1.857321212e+01,1.168364378e+01,1.948494689e+01,2.128294187e+01,3.113191405e+01,4.989781871e+01,5.870944851e+01,4.811801014e+01,2.935912665e+01,3.142843681e+01,3.471201394e+01,2.379713600e+01
8.365656317e+00,1.220267761e+01,1.556173566e+01,1.700024046e+01,2.017819155e+01,2.678841461e+01,3.074989030e+01,2.740642039e+01,2.269067754e+01,2.877869368e+01,3.529932493e+01,3.034822434e+01,1.623425242e+01,1.925996761e+01,3.415256020e+01,4.010203142e+01,3.629688742e+01,2.914549520e+01,2.660504381e+01,2.893615794e+01,3.018039281e+01,2.696329903e+01,2.022754015e+01,1.651418048e+01,1.949964774e+01,2.270200225e+01,2.684601972e+01,3.544997125e+01,4.494435183e+01,5.277216223e+01,6.144669686e+01,7.037119440e+01,7.140635661e+01,5.714451968e+01,3.155829652e+01,2.978994596e+01,5.399380573e+01,6.904554554e+01,7.292979294e+01,7.128844669e+01,6.669727059e+01,6.130225904e+01,5.985975744e+01,6.194165412e+01,6.253894337e+01,5.968080726e+01,5.303979766e+01,4.085094431e+01,2.190566903e+01,7.973428953e+00,2.781524586e+01,4.283017458e+01,4.822060343e+01,4.859498423e+01,5.068288679e+01,5.289936981e+01,4.834800121e+01,3.784920932e+01,3.524950492e+01,4.312622165e+01,4.497175152e+01,3.604176568e+01,3.077496120e+01,4.152011174e+01,4.707067325e+01,3.695593831e+01,3.010147184e+01,4.257742110e+01,4.396624904e+01,3.014146080e+01
8.831601980e+00,1.288233555e+01,1.549468652e+01,1.772514594e+01,2.373020229e+01,3.229212731e+01,3.880565939e+01,4.040022002e+01,3.737170087e+01,3.248608197e+01,2.739789197e+01,1.990094602e+01,7.863139978e+00,1.049056602e+01,2.613782966e+01,3.650009512e+01,3.835898932e+01,3.316756245e+01,2.722662350e+01,2.608321645e+01,2.653316403e+01,2.546370624e+01,2.690013686e+01,3.306905005e+01,3.835866782e+01,3.916187519e+01,3.957181243e+01,4.559501399e+01,5.408610429e+01,6.008707516e+01,6.485673324e+01,6.956058510e+01,6.809279920e+01,5.365239795e+01,3.064572629e+01,2.983842806e+01,5.015211840e+01,6.482531639e+01,7.488701570e+01,8.185307425e+01,7.935268027e+01,6.412215884e+01,4.356993116e+01,3.402241102e+01,4.127688122e+01,5.079097011e+01,5.380066704e+01,4.648215942e+01,2.817725961e+01,4.983459079e+00,2.501343807e+01,4.512163027e+01,5.655472032e+01,6.162596321e+01,6.464841638e+01,6.522389758e+01,5.938716115e+01,5.133768286e+01,5.447998435e+01,6.355382905e+01,6.212225079e+01,4.768475156e+01,3.437419734e+01,3.697056193e+01,3.869820878e+01,3.043139769e+01,3.339074518e+01,4.770572454e+01,4.687216850e+01,3.213364025e+01
8.761753454e+00,1.278045005e+01,1.505185017e+01,1.933115215e+01,2.790743286e+01,3.660535389e+01,4.322625255e+01,4.834913195e+01,5.160999765e+01,5.087365475e+01,4.470107723e+01,3.384723666e+01,2.134216058e+01,1.666313742e+01,2.765677256e+01,4.016786453e+01,4.497865494e+01,3.917387438e+01,2.653533262e+01,1.616182850e+01,1.290451297e+01,1.416790046e+01,2.418082733e+01,3.612821533e+01,4.164597120e+01,3.973513618e+01,3.879020393e+01,4.703304743e+01,5.803335304e+01,6.387390054e+01,6.411100877e+01,6.181789990e+01,5.621567337e+01,4.373979311e+01,2.842735563e+01,2.713838000e+01,3.692731921e+01,4.845476268e+01,6.611144862e+01,8.281173631e+01,8.550397665e+01,6.990686452e+01,4.265985777e+01,1.904522554e+01,2.784161458e+01,4.636492929e+01,5.692715842e+01,5.467157143e+01,3.912208396e+01,1.566771834e+01,1.537444587e+01,3.632265194e+01,5.065958067e+01,5.759625332e+01,6.013414148e+01,5.945158430e+01,5.351790053e+01,4.967654322e+01,6.153354461e+01,7.589424126e+01,7.515964592e+01,5.888789948e+01,4.201488238e+01,3.812000967e+01,3.553397771e+01,2.793931169e+01,3.358691540e+01,4.600818477e+01,4.379801834e+01,3.002612872e+01
7.788802607e+00,1.136124216e+01,1.335782204e+01,2.063717735e+01,3.219274618e+01,4.157933736e+01,4.771155195e+01,5.401202552e+01,6.227390434e+01,6.861929362e+01,6.689138951e+01,5.433673442e+01,3.571229014e+01,2.795780899e+01,4.035686962e+01,5.311353158e+01,5.570945340e+01,4.548027533e+01,2.612631261e+01,6.800050514e+00,2.992841233e+00,2.168576445e+00,1.350275770e+01,2.512716151e+01,2.882889637e+01,2.650119556e+01,3.165202826e+01,4.688057984e+01,6.120589694e+01,6.825595126e+01,6.671942162e+01,5.883087851e+01,4.801912566e+01,3.706058409e+01,2.945916977e+01,2.567857908e+01,2.006860712e+01,2.606927440e+01,5.144097659e+01,7.393340848e+01,8.035038031e+01,6.866098718e+01,4.575510733e+01,2.280892823e+01,2.404806643e+01,4.517649217e+01,6.112727937e+01,6.291470907e+01,4.956456013e+01,2.681124665e+01,4.137020125e+00,2.208347549e+01,3.888388569e+01,4.663806317e+01,4.636451807e+01,4.222168074e+01,3.643509648e+01,4.052969888e+01,6.253514606e+01,8.202605439e+01,8.342549171e+01,6.766286113e+01,4.928747721e+01,4.041765882e+01,3.385640158e+01,2.584991509e+01,3.032294996e+01,3.953631955e+01,3.668887265e+01,2.515238942e+01
7.010288940e+00,1.022565268e+01,1.220614901e+01,2.147097872e+01,3.441922631e+01,4.447028871e+01,5.125282896e+01,5.847631035e+01,6.885033178e+01,7.872357234e+01,7.944480719e+01,6.572014942e+01,4.438531852e+01,4.017801101e+01,5.586535903e+01,6.609109851e+01,6.224668886e+01,4.502188309e+01,2.048264632e+01,7.063665509e+00,1.648133667e+01,1.357747968e+01,1.816629556e+00,1.005490555e+01,1.588220050e+01,2.274961610e+01,3.691852364e+01,5.252749050e+01,6.461006950e+01,7.110585247e+01,7.039591551e+01,6.244253912e+01,5.082795240e+01,4.100826564e+01,3.475154996e+01,2.693087882e+01,1.100137890e+01,1.404222743e+01,4.174169408e+01,6.197564727e+01,6.786164062e+01,6.012478942e+01,4.520969944e+01,3.076757534e+01,3.056690262e+01,5.005348181e+01,6.818295149e+01,7.095192649e+01,5.732269643e+01,3.524925431e+01,1.210704628e+01,1.049417107e+01,2.923315594e+01,3.814093223e+01,3.495480113e+01,2.557957883e+01,1.993787298e+01,3.246545469e+01,5.791881960e+01,7.811710423e+01,8.098787818e+01,6.733549339e+01,4.962931904e+01,3.839175469e+01,3.013984818e+01,2.347234939e+01,2.655430188e+01,3.184970152e+01,2.834459021e+01,1.943189091e+01
7.969315543e+00,1.162454979e+01,1.369275769e+01,2.166729207e+01,3.299551548e+01,4.210118863e+01,4.960674564e+01,5.797789770e+01,6.799105957e+01,7.651006498e+01,7.577379139e+01,6.059388579e+01,4.050944650e+01,4.468413394e+01,6.225195582e+01,6.716774629e+01,5.500720859e+01,3.111153548e+01,8.153948022e+00,2.077211207e+01,2.845097992e+01,2.214839984e+01,1.010384623e+01,1.372085468e+01,2.322367098e+01,3.357527503e+01,4.578425572e+01,5.581995862e+01,6.232752038e+01,6.672541213e+01,6.793676272e+01,6.413256713e+01,5.731106668e+01,5.074773290e+01,4.327236847e+01,3.101282107e+01,1.386700000e+01,1.623741232e+01,3.589551699e+01,4.853927236e+01,5.053913117e+01,4.514431502e+01,3.825366872e+01,3.226504826e+01,3.288475527e+01,5.151617128e+01,7.090034477e+01,7.312677638e+01,5.777967916e+01,3.629177094e+01,1.731507785e+01,2.847601922e+00,2.067083616e+01,3.114117751e+01,2.824530288e+01,1.811592526e+01,1.791517879e+01,3.123226427e+01,5.000582772e+01,6.526168411e+01,6.763443679e+01,5.670731040e+01,4.174415756e+01,3.144894654e+01,2.520743633e+01,2.256750402e+01,2.471055510e+01,2.593501840e+01,2.138499122e+01,1.466067469e+01
1.056792950e+01,1.541505314e+01,1.785251750e+01,2.194164713e+01,2.880745708e+01,3.536300220e+01,4.276273702e+01,5.136895528e+01,5.888433344e+01,6.248358602e+01,5.740935554e+01,4.103036504e+01,2.825829489e+01,4.444714806e+01,6.033339893e+01,5.807245390e+01,3.783710011e+01,8.474128021e+00,1.981876443e+01,3.664854849e+01,3.786142937e+01,2.539915624e+01,1.069627837e+01,1.747048492e+01,2.736135474e+01,3.529054687e+01,4.318802083e+01,4.834419584e+01,5.061114505e+01,5.350558611e+01,5.714792585e+01,5.919017102e+01,5.978599657e+01,5.856746623e+01,5.205031844e+01,3.795720808e+01,1.951111605e+01,1.373441003e+01,2.510572551e+01,3.040688520e+01,2.755846507e+01,2.397605106e+01,2.738053437e+01,2.940510640e+01,2.506432664e+01,4.057736146e+01,6.253548208e+01,6.510770047e+01,4.922292432e+01,3.033100087e+01,1.911725892e+01,6.663211128e+00,1.013320036e+01,2.199878384e+01,2.264437733e+01,1.997083459e+01,2.735221330e+01,3.762944397e+01,4.648252937e+01,5.272497534e+01,5.183510099e+01,4.280373169e+01,3.170082335e+01,2.536195432e+01,2.375160823e+01,2.409773102e+01,2.434339364e+01,2.241360430e+01,1.707601779e+01,1.170661888e+01
1.241926602e+01,1.811553018e+01,2.141569328e+01,2.278937593e+01,2.486946641e+01,2.842704626e+01,3.469698993e+01,4.192576054e+01,4.598440293e+01,4.435600375e+01,3.546122371e+01,2.163184110e+01,2.626722189e+01,4.664682268e+01,5.744298802e+01,5.087732209e+01,3.118329863e+01,2.096833321e+01,3.622407406e+01,4.603179251e+01,4.142140235e+01,2.490404061e+01,5.843358590e+00,1.402892450e+01,2.247520719e+01,2.655332648e+01,3.032346936e+01,3.261512699e+01,3.315805803e+01,3.567876436e+01,4.129113152e+01,4.806279130e+01,5.460732565e+01,5.798934748e+01,5.418034449e+01,4.211105648e+01,2.578436649e+01,1.464671356e+01,1.523623826e+01,1.406648429e+01,5.127536053e+00,1.168371565e+01,2.767730235e+01,3.441088639e+01,2.239646066e+01,2.238134669e+01,4.637271651e+01,4.946867998e+01,3.537840487e+01,2.234272348e+01,2.037376509e+01,1.360991714e+01,7.883532851e-01,1.262984637e+01,1.752145371e+01,2.201869192e+01,3.218835684e+01,4.123189974e+01,4.535404247e+01,4.522761857e+01,4.092881876e+01,3.304308264e+01,2.579756940e+01,2.355127323e+01,2.440500718e+01,2.451121004e+01,2.264471623e+01,1.924760296e+01,1.415914088e+01,9.706927458e+00
1.089916242e+01,1.589821052e+01,1.929050738e+01,2.004552810e+01,2.015739065e+01,2.177330771e+01,2.619587381e+01,3.122433102e+01,3.308619318e+01,2.984619314e+01,2.190507582e+01,1.653362296e+01,2.767656498e+01,4.259304076e+01,4.904805232e+01,4.343236362e+01,3.122711195e+01,2.815265850e+01,3.675367187e+01,4.111144434e+01,3.508229879e+01,2.064192817e+01,3.869084914e+00,8.774665109e+00,1.433242500e+01,1.537081926e+01,1.650834833e+01,1.769536056e+01,1.804283584e+01,2.028494455e+01,2.593341343e+01,3.363131032e+01,4.138928190e+01,4.601348921e+01,4.441419416e+01,3.624723538e+01,2.491686053e+01,1.649472771e+01,1.406040515e+01,1.196428262e+01,8.941108837e+00,1.598822786e+01,2.837552099e+01,3.427555908e+01,2.367894507e+01,7.904514490e+00,2.877633868e+01,3.176433314e+01,2.183531363e+01,1.562523012e+01,1.801213898e+01,1.429831127e+01,4.453367625e+00,6.990255387e+00,1.293521124e+01,1.892343799e+01,2.761348150e+01,3.479491781e+01,3.749418386e+01,3.602338633e+01,3.150547013e+01,2.543173113e+01,2.087456533e+01,2.007992605e+01,2.079743009e+01,2.005630988e+01,1.747219207e+01,1.426266415e+01,1.040871941e+01,7.135792000e+00
7.472019652e+00,1.089916242e+01,1.322478230e+01,1.374239360e+01,1.381908199e+01,1.492688858e+01,1.795881889e+01,2.140612334e+01,2.268253983e+01,2.046132842e+01,1.501722341e+01,1.133477518e+01,1.897392015e+01,2.920004542e+01,3.362533714e+01,2.977545081e+01,2.140802983e+01,1.930031038e+01,2.519681311e+01,2.818432355e+01,2.405098813e+01,1.415126108e+01,2.652486255e+00,6.015551252e+00,9.825723955e+00,1.053760456e+01,1.131744793e+01,1.213121493e+01,1.236942976e+01,1.390652772e+01,1.777888679e+01,2.305624983e+01,2.837479761e+01,3.154496487e+01,3.044855365e+01,2.484962098e+01,1.708197973e+01,1.130811019e+01,9.639238282e+00,8.202222470e+00,6.129658260e+00,1.096087462e+01,1.945309579e+01,2.349792041e+01,1.623331556e+01,5.419011603e+00,1.972787999e+01,2.177632669e+01,1.496939731e+01,1.071201823e+01,1.234838525e+01,9.802336980e+00,3.053046568e+00,4.792232982e+00,8.867851389e+00,1.297313455e+01,1.893067270e+01,2.385397149e+01,2.570447782e+01,2.469615924e+01,2.159886081e+01,1.743495394e+01,1.431074759e+01,1.376597543e+01,1.425786683e+01,1.374978515e+01,1.197821975e+01,9.777898774e+00,7.135792000e+00,4.892006928e+00
