2.423460804e+00,3.535013844e+00,2.104978294e+00,2.441921567e+00,8.174749281e+00,1.179202831e+01,9.232271700e+00,1.870182593e+00,5.667918173e-01,1.764054500e+00,5.776151142e+00,9.939954636e+00,1.116967202e+01,7.869210257e+00,3.776305075e+00,6.468836979e-01,5.498571356e+00,1.071537823e+01,1.408349922e+01,1.093417438e+01,5.817857516e+00,2.184164181e+00,3.173865289e-01,3.429161589e-01,2.096934398e+00,2.355741736e+00,3.026941644e+00,1.116422215e+01,1.956434730e+01,2.720213268e+01,2.372086652e+01,1.608375978e+01,6.899486960e+00,3.354841362e+00,1.042281722e+01,1.042283383e+01,3.354889047e+00,6.899426273e+00,1.608372067e+01,2.372084887e+01,2.720206575e+01,1.956432920e+01,1.116415311e+01,3.026812183e+00,2.355949674e+00,2.097182058e+00,3.431310784e-01,3.174893432e-01,2.184099121e+00,5.817622095e+00,1.093383469e+01,1.408321875e+01,1.071523332e+01,5.498472592e+00,6.467657426e-01,3.776463089e+00,7.869418407e+00,1.116995686e+01,9.940226797e+00,5.776321406e+00,1.764105135e+00,5.668347050e-01,1.870144555e+00,9.232291276e+00,1.179193032e+01,8.174399106e+00,2.441369554e+00,2.105574725e+00,3.535489910e+00,2.423787175e+00
3.535013844e+00,5.156395705e+00,3.070455028e+00,3.561941887e+00,1.192420849e+01,1.720060142e+01,1.346677785e+01,2.727967107e+00,8.267585422e-01,2.573161930e+00,8.425460903e+00,1.449904913e+01,1.629279301e+01,1.147852986e+01,5.508358418e+00,9.435856459e-01,8.020565398e+00,1.563013122e+01,2.054308641e+01,1.594928119e+01,8.486296469e+00,3.185960592e+00,4.629601485e-01,5.001992883e-01,3.058721691e+00,3.436234511e+00,4.415289326e+00,1.628484348e+01,2.853779951e+01,3.967875836e+01,3.460076244e+01,2.346079350e+01,1.006402987e+01,4.893584679e+00,1.520338316e+01,1.520340738e+01,4.893654236e+00,1.006394135e+01,2.346073646e+01,3.460073670e+01,3.967866072e+01,2.853777312e+01,1.628474278e+01,4.415100486e+00,3.436537823e+00,3.059082943e+00,5.005127835e-01,4.631101199e-01,3.185865692e+00,8.485953070e+00,1.594878569e+01,2.054267730e+01,1.562991985e+01,8.020421334e+00,9.434135887e-01,5.508588907e+00,1.147883348e+01,1.629320848e+01,1.449944612e+01,8.425709261e+00,2.573235789e+00,8.268211009e-01,2.727911622e+00,1.346680641e+01,1.720045847e+01,1.192369770e+01,3.561136685e+00,3.071325021e+00,5.157090125e+00,3.535489910e+00
2.974840658e+00,4.339291518e+00,2.909793863e-01,9.797074564e+00,2.207991339e+01,2.952564091e+01,2.358016170e+01,1.236358828e+01,7.402209974e+00,7.042188515e+00,6.832210057e+00,3.541994814e+00,3.736553874e+00,1.163810800e+01,1.815404744e+01,2.546332069e+01,3.314009657e+01,3.891381299e+01,9.688408922e+00,2.455526926e+01,3.597783947e+01,4.009538698e+01,4.131916105e+01,3.872818108e+01,2.954122123e+01,2.250667747e+01,2.485690861e+01,3.107925208e+01,3.432339291e+01,3.143314546e+01,2.525636189e+01,2.115226743e+01,1.991942211e+01,1.470918980e+01,3.204572052e+00,3.204545603e+00,1.470914866e+01,1.991944822e+01,2.115247094e+01,2.525676951e+01,3.143364621e+01,3.432382794e+01,3.107956164e+01,2.485713801e+01,2.250687614e+01,2.954136926e+01,3.872820797e+01,4.131924335e+01,4.009572393e+01,3.597847374e+01,2.455610789e+01,9.687759426e+00,3.891387874e+01,3.314018734e+01,2.546323620e+01,1.815375779e+01,1.163761078e+01,3.735916786e+00,3.542569650e+00,6.832582993e+00,7.042300236e+00,7.402085827e+00,1.236334558e+01,2.357992360e+01,2.952531734e+01,2.207923394e+01,9.796066400e+00,2.920596608e-01,4.340155140e+00,2.975432722e+00
3.786013878e-01,5.522520295e-01,8.214109355e+00,2.340810144e+01,4.073817893e+01,4.797697860e+01,3.989143425e+01,2.843715600e+01,1.930414660e+01,1.097170844e+01,7.439640084e-02,1.644041482e+01,3.773502198e+01,5.936120055e+01,7.388279145e+01,7.201818319e+01,5.044179553e+01,1.595074894e+01,2.434647249e+01,5.947837887e+01,7.815422911e+01,7.834023359e+01,6.372567801e+01,4.044539566e+01,1.997808347e+01,1.091778315e+01,1.126491160e+01,1.270545014e+01,8.068547713e+00,3.484194373e+00,1.585083750e+01,2.156306309e+01,1.770914473e+01,6.727063022e+00,3.665965615e+00,3.665945924e+00,6.727119539e+00,1.770916604e+01,2.156292910e+01,1.585052198e+01,3.483793101e+00,8.068911218e+00,1.270572276e+01,1.126512679e+01,1.091800403e+01,1.997834391e+01,4.044568928e+01,6.372596845e+01,7.834044476e+01,7.815422265e+01,5.947807660e+01,2.434603705e+01,1.595109845e+01,5.044192799e+01,7.201808523e+01,7.388247476e+01,5.936061649e+01,3.773430084e+01,1.643973738e+01,7.391519878e-02,1.097190295e+01,1.930405584e+01,2.843686096e+01,3.989102532e+01,4.797646593e+01,4.073743629e+01,2.340710604e+01,8.213072215e+00,5.514313785e-01,3.780387830e-01
5.178554082e+00,7.553767878e+00,1.959780854e+01,3.938701899e+01,5.585132270e+01,5.791204575e+01,5.016739996e+01,3.878333706e+01,2.554281488e+01,9.710723357e+00,1.008173012e+01,3.306016001e+01,5.350526717e+01,6.114503568e+01,5.284170372e+01,3.836242425e+01,2.200955790e+01,2.562711938e+00,1.906075572e+01,3.822609035e+01,4.821516771e+01,4.411414389e+01,2.698154803e+01,4.889170345e+00,1.162955399e+01,1.738459568e+01,1.589699836e+01,1.568461829e+01,2.335682662e+01,3.820991517e+01,5.238798305e+01,5.692019825e+01,4.818722617e+01,3.068710614e+01,1.623583473e+01,1.623585463e+01,3.068716151e+01,4.818727113e+01,5.692014481e+01,5.238779911e+01,3.820966715e+01,2.335661190e+01,1.568448240e+01,1.589691155e+01,1.738449305e+01,1.162939551e+01,4.889366798e+00,2.698171043e+01,4.411417632e+01,4.821500429e+01,3.822574384e+01,1.906031645e+01,2.563129715e+00,2.200986847e+01,3.836258150e+01,5.284168045e+01,6.114478665e+01,5.350477860e+01,3.305956382e+01,1.008120821e+01,9.711043727e+00,2.554289582e+01,3.878320795e+01,5.016710062e+01,5.791158042e+01,5.585066046e+01,3.938619591e+01,1.959700645e+01,7.553166990e+00,5.178142138e+00
8.424581111e+00,1.228862906e+01,2.534451854e+01,4.027652034e+01,4.821292231e+01,4.856312665e+01,4.284862615e+01,3.187446944e+01,1.638094095e+01,2.853924205e+00,2.400036924e+01,4.146694099e+01,4.498906142e+01,3.017714085e+01,1.118188101e+01,1.100089789e+00,2.136583306e+00,4.983065811e+00,9.851482503e+00,1.436360655e+01,1.365945421e+01,4.107044951e+00,1.302950143e+01,3.110777843e+01,4.234360551e+01,4.369407660e+01,3.929748309e+01,3.734928791e+01,4.368894033e+01,5.688754999e+01,6.887636750e+01,7.081156190e+01,5.957741656e+01,4.076199188e+01,2.628616297e+01,2.628619122e+01,4.076207004e+01,5.957750629e+01,7.081159677e+01,6.887631686e+01,5.688745327e+01,4.368886493e+01,3.734926711e+01,3.929749281e+01,4.369406237e+01,4.234353352e+01,3.110767161e+01,1.302943440e+01,4.106990924e+00,1.365924737e+01,1.436328746e+01,9.851129894e+00,4.982733410e+00,2.136265871e+00,1.100428230e+00,1.118223275e+01,3.017739462e+01,4.498904635e+01,4.146662204e+01,2.399989339e+01,2.853449829e+00,1.638131973e+01,3.187470528e+01,4.284868199e+01,4.856296773e+01,4.821254380e+01,4.027599448e+01,2.534402563e+01,1.228831492e+01,8.424365747e+00
5.877263638e+00,8.572950013e+00,1.497028058e+01,2.072887553e+01,2.403381708e+01,2.343157422e+01,1.743869193e+01,5.660317392e+00,1.054059309e+01,2.802788642e+01,4.117152008e+01,4.043125027e+01,1.822122248e+01,1.395863136e+01,3.332265682e+01,3.334209628e+01,2.189657121e+01,8.218219050e+00,2.836787075e+00,1.128587207e+01,2.005878046e+01,3.177390067e+01,4.570189423e+01,5.728053864e+01,6.141309428e+01,5.704673311e+01,4.858370021e+01,4.303880389e+01,4.509075142e+01,5.339367306e+01,6.117734290e+01,6.106885735e+01,5.074238898e+01,3.525859063e+01,2.396961630e+01,2.396965257e+01,3.525869181e+01,5.074252084e+01,6.106896587e+01,6.117739607e+01,5.339368406e+01,4.509075591e+01,4.303882145e+01,4.858371782e+01,5.704672110e+01,6.141303931e+01,5.728046890e+01,4.570187230e+01,3.177398011e+01,2.005896246e+01,1.128610462e+01,2.837011700e+00,8.218009698e+00,2.189631426e+01,3.334169871e+01,3.332207882e+01,1.395797736e+01,1.822169558e+01,4.043131030e+01,4.117116993e+01,2.802728134e+01,1.053989020e+01,5.660979266e+00,1.743918359e+01,2.343179888e+01,2.403375559e+01,2.072862336e+01,1.497003473e+01,8.572860174e+00,5.877202049e+00
1.798598155e-01,2.623549499e-01,1.550592240e+00,2.519445104e+00,1.006401264e+00,4.388180130e+00,1.468476195e+01,2.950078876e+01,4.577798120e+01,5.727535182e+01,5.454593056e+01,2.782060084e+01,1.726630442e+01,5.392056923e+01,6.455422998e+01,5.242781052e+01,2.793854814e+01,8.871779194e-01,2.206982917e+01,3.861391876e+01,5.013463056e+01,5.907168207e+01,6.561513174e+01,6.696934412e+01,6.132702364e+01,5.080383886e+01,3.936121490e+01,3.110162553e+01,2.881949848e+01,3.179212065e+01,3.551896163e+01,3.479525791e+01,2.796175421e+01,1.843411877e+01,1.183568893e+01,1.183572940e+01,1.843423260e+01,2.796191209e+01,3.479541410e+01,3.551907908e+01,3.179218771e+01,2.881952259e+01,3.110161553e+01,3.936117268e+01,5.080376585e+01,6.132693265e+01,6.696926724e+01,6.561511167e+01,5.907174226e+01,5.013475009e+01,3.861404303e+01,2.206991670e+01,8.871074168e-01,2.793840480e+01,5.242747581e+01,6.455362870e+01,5.391975589e+01,1.726552649e+01,2.782100786e+01,5.454578735e+01,5.727473852e+01,4.577709304e+01,2.949983826e+01,1.468395134e+01,4.387657922e+00,1.006587114e+00,2.519371565e+00,1.550440035e+00,2.624040538e-01,1.798934791e-01
9.960828695e-02,1.452949735e-01,1.724517669e+00,1.098939707e+00,9.120998688e+00,2.198919838e+01,3.874694365e+01,5.711715754e+01,7.177458806e+01,7.341551632e+01,5.053039911e+01,2.180867028e+00,4.686914341e+01,7.119377797e+01,6.811123246e+01,4.558833151e+01,1.275628494e+01,2.131835293e+01,4.881983348e+01,6.567889500e+01,7.251718398e+01,7.197476429e+01,6.465450751e+01,5.059112759e+01,3.485890362e+01,2.256884527e+01,1.380914387e+01,7.535256447e+00,4.317315623e+00,4.459701126e+00,6.018975887e+00,6.029438063e+00,3.327558840e+00,5.511500502e-01,3.183078104e+00,3.183036786e+00,5.510324715e-01,3.327729892e+00,6.029623273e+00,6.019131022e+00,4.459793337e+00,4.317332276e+00,7.535203101e+00,1.380904128e+01,2.256872624e+01,3.485880151e+01,5.059106769e+01,6.465450690e+01,7.197481816e+01,7.251725556e+01,6.567893007e+01,4.881979940e+01,2.131827812e+01,1.275630605e+01,4.558817708e+01,6.811081251e+01,7.119309363e+01,4.686834729e+01,2.181475732e+00,5.053054115e+01,7.341511545e+01,7.177379541e+01,5.711620745e+01,3.874606558e+01,2.198856042e+01,9.120668808e+00,1.098874842e+00,1.724449792e+00,1.452513001e-01,9.957834621e-02
6.889557633e+00,1.004954632e+01,1.326878162e+01,7.472260136e+00,6.443566136e+00,2.565694945e+01,4.660307657e+01,6.469591699e+01,7.263342958e+01,5.993592933e+01,2.127777873e+01,2.520251288e+01,5.320901333e+01,5.687592547e+01,4.129394645e+01,1.280881529e+01,2.163734079e+01,5.403304069e+01,7.633083754e+01,8.373589387e+01,7.663992447e+01,5.808135280e+01,3.193459722e+01,6.889116171e+00,8.297329136e+00,1.306353343e+01,1.265449932e+01,1.208190660e+01,1.216482779e+01,1.151975141e+01,1.002612729e+01,8.854964301e+00,8.713708669e+00,9.345103407e+00,1.000478525e+01,1.000474958e+01,9.344999144e+00,8.713548025e+00,8.854778078e+00,1.002596496e+01,1.151966207e+01,1.216483741e+01,1.208200887e+01,1.265465610e+01,1.306368317e+01,8.297412654e+00,6.889125554e+00,3.193468293e+01,5.808146558e+01,7.664000438e+01,8.373588669e+01,7.633071606e+01,5.403283181e+01,2.163712918e+01,1.280891803e+01,4.129384758e+01,5.687558654e+01,5.320847377e+01,2.520191822e+01,2.127818627e+01,5.993594018e+01,7.263303116e+01,6.469527522e+01,4.660239135e+01,2.565637490e+01,6.443182759e+00,7.472447844e+00,1.326883634e+01,1.004957434e+01,6.889576838e+00
1.490490204e+01,2.174123674e+01,2.497379918e+01,1.583167278e+01,1.524518262e+00,2.169154195e+01,3.916326780e+01,4.822334700e+01,4.219323194e+01,1.725236911e+01,1.476578021e+01,3.304073752e+01,3.292585692e+01,1.879252642e+01,5.043379231e+00,3.373196551e+01,6.143588078e+01,8.164808813e+01,8.787068666e+01,7.633886533e+01,4.887694311e+01,1.317717343e+01,1.823900708e+01,3.594079048e+01,3.979056699e+01,3.360028210e+01,2.352670877e+01,1.554285271e+01,1.098813866e+01,8.027545798e+00,5.562396883e+00,3.669992909e+00,2.609178888e+00,2.647946905e+00,3.279306975e+00,3.279283417e+00,2.647873326e+00,2.609053259e+00,3.669833935e+00,5.562253962e+00,8.027477416e+00,1.098818001e+01,1.554300128e+01,2.352692511e+01,3.360049595e+01,3.979069702e+01,3.594077716e+01,1.823884772e+01,1.317739683e+01,4.887711044e+01,7.633889700e+01,8.787055351e+01,8.164780790e+01,6.143551573e+01,3.373160606e+01,5.043118368e+00,1.879261451e+01,3.292572863e+01,3.304039109e+01,1.476530157e+01,1.725276511e+01,4.219335416e+01,4.822318452e+01,3.916292036e+01,2.169111945e+01,1.524111412e+00,1.583199437e+01,2.497400141e+01,2.174135616e+01,1.490498391e+01
1.814609921e+01,2.646905278e+01,2.356073426e+01,9.157713367e+00,7.319156661e+00,1.913619002e+01,2.194086904e+01,1.323998918e+01,5.870738627e+00,2.537603079e+01,3.079108990e+01,2.020720490e+01,4.250887165e-01,2.633319186e+01,5.299661821e+01,7.467206560e+01,8.600675542e+01,8.402484692e+01,6.740881872e+01,3.672188529e+01,2.030836045e+00,3.610581714e+01,5.416083900e+01,5.674572027e+01,4.917495024e+01,3.484886320e+01,1.861421181e+01,5.733813649e+00,2.569930245e+00,7.940718174e+00,1.144693032e+01,1.354779768e+01,1.440627142e+01,1.355377301e+01,1.194051371e+01,1.194052510e+01,1.355381601e+01,1.440636189e+01,1.354792903e+01,1.144705836e+01,7.940784344e+00,2.569896048e+00,5.733953818e+00,1.861443306e+01,3.484910869e+01,4.917513711e+01,5.674576791e+01,5.416070830e+01,3.610555554e+01,2.030575753e+00,3.672202567e+01,6.740878148e+01,8.402461825e+01,8.600635539e+01,7.467154999e+01,5.299607785e+01,2.633273589e+01,4.248196103e-01,2.020720715e+01,3.079078953e+01,2.537551193e+01,5.870241837e+00,1.324026129e+01,2.194085651e+01,1.913591995e+01,7.318712790e+00,9.158194000e+00,2.356109822e+01,2.646924753e+01,1.814623272e+01
1.011539522e+01,1.475495791e+01,1.362300763e+00,1.987787547e+01,2.812498459e+01,2.069517776e+01,1.355430439e+00,2.338791773e+01,4.252783234e+01,4.428212691e+01,2.735926871e+01,6.129963601e-01,3.256299021e+01,6.288835466e+01,8.493749460e+01,9.129856799e+01,7.896889479e+01,5.267338138e+01,1.936370900e+01,1.589642807e+01,4.626167072e+01,6.257214204e+01,6.237007181e+01,5.245129291e+01,3.815892002e+01,2.101241566e+01,3.786010654e+00,9.982011679e+00,1.956455816e+01,2.588856433e+01,2.935004335e+01,3.091189841e+01,3.147524859e+01,3.023471309e+01,2.803095871e+01,2.803096270e+01,3.023473935e+01,3.147532270e+01,3.091202008e+01,2.935017496e+01,2.588865612e+01,1.956457594e+01,9.981941829e+00,3.786165129e+00,2.101262453e+01,3.815911815e+01,5.245140236e+01,6.237003890e+01,6.257196984e+01,4.626143205e+01,1.589622309e+01,1.936379879e+01,5.267329650e+01,7.896859841e+01,9.129806382e+01,8.493685303e+01,6.288770318e+01,3.256246727e+01,6.127196973e-01,2.735921586e+01,4.428173449e+01,4.252724462e+01,2.338740048e+01,1.355671829e+00,2.069506057e+01,2.812453867e+01,1.987726963e+01,1.362751431e+00,1.475512808e+01,1.011551188e+01
2.962968619e+00,4.321974208e+00,2.323339408e+01,6.160446310e+01,5.234352085e+01,2.050500008e+01,1.599731967e+01,4.497976655e+01,5.521686666e+01,4.276127249e+01,1.395260783e+01,2.151782602e+01,5.567187282e+01,8.116829986e+01,8.960882009e+01,7.466301100e+01,4.039954829e+01,7.681877288e-01,3.259704827e+01,5.502189005e+01,6.404627630e+01,5.835200190e+01,4.272747188e+01,2.574092705e+01,1.090121104e+01,2.834032167e+00,1.546452566e+01,2.562056662e+01,3.284169806e+01,3.671067403e+01,3.679322072e+01,3.545355939e+01,3.553952952e+01,3.579488860e+01,3.493041738e+01,3.493042362e+01,3.579492437e+01,3.553961885e+01,3.545369399e+01,3.679336511e+01,3.671079309e+01,3.284176967e+01,2.562057423e+01,1.546445344e+01,2.833882177e+00,1.090140319e+01,2.574110602e+01,4.272758796e+01,5.835202355e+01,6.404619914e+01,5.502174748e+01,3.259690936e+01,7.682338301e-01,4.039941894e+01,7.466266045e+01,8.960827447e+01,8.116766666e+01,5.567129267e+01,2.151742722e+01,1.395272570e+01,4.276106320e+01,5.521639190e+01,4.497922102e+01,1.599693633e+01,2.050506494e+01,5.234321939e+01,6.160387844e+01,2.323303554e+01,4.322079627e+00,2.963040890e+00
1.551249367e+00,2.262750848e+00,3.101608506e+01,9.479034276e+01,5.985909544e+01,1.364007813e+01,2.594091556e+01,4.930451084e+01,4.996480608e+01,2.909097990e+01,4.526747520e+00,3.986760069e+01,6.734684565e+01,7.864374388e+01,6.712673379e+01,3.347160802e+01,9.482646900e+00,4.538804434e+01,6.522096380e+01,6.751503354e+01,5.434693285e+01,3.055652113e+01,5.404918046e+00,1.221279076e+01,2.122267159e+01,2.586864158e+01,2.919014159e+01,3.157376753e+01,3.202405844e+01,2.840531429e+01,2.022959502e+01,1.250006299e+01,1.052841551e+01,1.276995888e+01,1.465485196e+01,1.465487444e+01,1.277003710e+01,1.052855412e+01,1.250023310e+01,2.022975509e+01,2.840544164e+01,3.202414838e+01,3.157381043e+01,2.919011551e+01,2.586852974e+01,2.122247790e+01,1.221253579e+01,5.405201484e+00,3.055677877e+01,5.434709746e+01,6.751506901e+01,6.522089691e+01,4.538795575e+01,9.482635559e+00,3.347146547e+01,6.712641581e+01,7.864330028e+01,6.734637584e+01,3.986721504e+01,4.526546057e+00,2.909093215e+01,4.996451877e+01,4.930409118e+01,2.594053237e+01,1.364027223e+01,5.985903335e+01,9.478996232e+01,3.101577562e+01,2.262869086e+00,1.551330426e+00
1.782226519e+00,2.599668791e+00,3.108092261e+01,9.604976959e+01,4.526593842e+01,1.684857445e+00,2.972533725e+01,4.283162171e+01,3.442906396e+01,8.118038537e+00,2.577998657e+01,5.461952791e+01,6.791277382e+01,5.953076108e+01,3.027433873e+01,9.661243500e+00,4.578032124e+01,6.795239845e+01,7.188881837e+01,5.772452051e+01,2.968058000e+01,3.691702212e+00,3.034996922e+01,4.180615887e+01,3.994869123e+01,3.233948184e+01,2.442117830e+01,1.737172356e+01,9.383737972e+00,2.210616450e+00,1.661754768e+01,2.778953187e+01,3.111219628e+01,2.872348468e+01,2.595780763e+01,2.595777371e+01,2.872337886e+01,3.111202580e+01,2.778933571e+01,1.661737764e+01,2.210497992e+00,9.383811705e+00,1.737175914e+01,2.442116382e+01,3.233939529e+01,3.994851042e+01,4.180586753e+01,3.034957594e+01,3.691268679e+00,2.968095162e+01,5.772474983e+01,7.188888775e+01,6.795234878e+01,4.578022729e+01,9.661185797e+00,3.027429846e+01,5.953059797e+01,6.791250958e+01,5.461922624e+01,2.577973726e+01,8.118150464e+00,3.442899930e+01,4.283141285e+01,2.972507970e+01,1.685046439e+00,4.526598381e+01,9.604974698e+01,3.108062098e+01,2.599790246e+00,1.782309783e+00
1.660322868e+00,2.421852384e+00,2.897702068e+01,5.939978987e+01,1.678184688e+01,1.378918770e+01,3.156779203e+01,3.203196026e+01,1.403502682e+01,1.664277730e+01,4.754909949e+01,6.475517686e+01,5.977526279e+01,3.360466742e+01,3.200557942e+00,3.690230657e+01,5.943503350e+01,6.801619582e+01,6.094120325e+01,3.852860889e+01,5.894439779e+00,2.651933887e+01,4.593333224e+01,4.600885782e+01,3.221875959e+01,1.459502218e+01,4.659628805e-01,1.190350045e+01,2.191959573e+01,3.285598107e+01,4.412874642e+01,5.226284901e+01,5.499941649e+01,5.386528345e+01,5.221970773e+01,5.221968131e+01,5.386519948e+01,5.499927641e+01,5.226268197e+01,4.412860137e+01,3.285589136e+01,2.191955826e+01,1.190349648e+01,4.659859976e-01,1.459495713e+01,3.221861761e+01,4.600859740e+01,4.593294120e+01,2.651887305e+01,5.894874121e+00,3.852892067e+01,6.094134877e+01,6.801617382e+01,5.943487516e+01,3.690206965e+01,3.200324858e+00,3.360480258e+01,5.977523260e+01,6.475498113e+01,4.754881268e+01,1.664251052e+01,1.403518422e+01,3.203198059e+01,3.156771514e+01,1.378909562e+01,1.678187746e+01,5.939977092e+01,2.897681381e+01,2.421912933e+00,1.660364378e+00
9.575922361e-01,1.396804853e+00,2.509000841e+01,8.361830938e+00,1.649091527e+01,3.113353417e+01,3.405195303e+01,2.162606222e+01,5.505496306e+00,3.929375316e+01,6.484563382e+01,6.811583538e+01,4.662823986e+01,1.123850215e+01,2.221202658e+01,4.399577182e+01,5.360041740e+01,5.261222171e+01,4.057835306e+01,1.815993288e+01,8.975430069e+00,3.028851211e+01,3.530176684e+01,2.249312771e+01,9.040574138e-01,1.906303542e+01,3.214362698e+01,3.860759171e+01,4.168580129e+01,4.454789963e+01,4.842733491e+01,5.244619379e+01,5.520168612e+01,5.639991107e+01,5.671482980e+01,5.671482391e+01,5.639988404e+01,5.520162447e+01,5.244610545e+01,4.842725358e+01,4.454785982e+01,4.168581079e+01,3.860763283e+01,3.214367976e+01,1.906309990e+01,9.039512966e-01,2.249293495e+01,3.530146946e+01,3.028815517e+01,8.975097985e+00,1.816017003e+01,4.057845112e+01,5.261215399e+01,5.360017846e+01,4.399538998e+01,2.221158106e+01,1.123888061e+01,4.662841909e+01,6.811575755e+01,6.484535295e+01,3.929339997e+01,5.505196591e+00,2.162624387e+01,3.405202247e+01,3.113354603e+01,1.649093539e+01,8.361764997e+00,2.508994069e+01,1.396814966e+00,9.575991693e-01
9.514064339e+00,1.387781849e+01,1.486927210e+01,3.568258222e+01,4.401317931e+01,4.501415751e+01,3.558674538e+01,1.384090203e+01,1.822186083e+01,5.136347105e+01,6.930954851e+01,5.995192205e+01,2.970257506e+01,3.233559720e+00,2.506606354e+01,3.304723223e+01,3.162041172e+01,2.448095467e+01,1.220817626e+01,3.828060553e+00,1.778964521e+01,2.083278767e+01,8.009042723e+00,1.517046746e+01,3.759709505e+01,5.148474984e+01,5.478369221e+01,5.022295154e+01,4.277879412e+01,3.681409638e+01,3.460121676e+01,3.599872145e+01,3.918291738e+01,4.219908067e+01,4.391092617e+01,4.391093980e+01,4.219910669e+01,3.918292598e+01,3.599869900e+01,3.460118273e+01,3.681408772e+01,4.277883369e+01,5.022303234e+01,5.478378858e+01,5.148484392e+01,3.759719755e+01,1.517060877e+01,8.008853109e+00,2.083258697e+01,1.778948482e+01,3.827972038e+00,1.220816808e+01,2.448081867e+01,3.162012268e+01,3.304679341e+01,2.506553258e+01,3.233060679e+00,2.970289361e+01,5.995197271e+01,6.930935904e+01,5.136316521e+01,1.822157134e+01,1.384110278e+01,3.558685139e+01,4.501420619e+01,4.401322090e+01,3.568266233e+01,1.486894508e+01,1.387780923e+01,9.514057992e+00
1.840632395e+01,2.684863312e+01,6.120744805e-01,5.699993456e+01,5.763974090e+01,4.856947252e+01,3.152736721e+01,7.207365418e+00,2.217259638e+01,4.815860394e+01,5.519530649e+01,3.653205530e+01,8.054091471e+00,1.166056795e+01,1.630940386e+01,9.414450566e+00,1.950410828e+00,1.301262343e+01,2.241047211e+01,2.844257116e+01,2.595402745e+01,9.251825054e+00,1.905745150e+01,4.642422193e+01,6.279793321e+01,6.550162463e+01,5.641626578e+01,4.060369616e+01,2.431822165e+01,1.226023797e+01,6.355128560e+00,5.859569007e+00,8.233194422e+00,1.084526282e+01,1.229584382e+01,1.229586276e+01,1.084530179e+01,8.233213936e+00,5.859543185e+00,6.355072838e+00,1.226020036e+01,2.431824604e+01,4.060379182e+01,5.641640574e+01,6.550177211e+01,6.279807335e+01,4.642436486e+01,1.905759667e+01,9.251711900e+00,2.595397380e+01,2.844257550e+01,2.241053449e+01,1.301276320e+01,1.950655945e+00,9.414085243e+00,1.630894392e+01,1.166009946e+01,8.054447021e+00,3.653221679e+01,5.519528353e+01,4.815848254e+01,2.217247974e+01,7.207424379e+00,3.152737061e+01,4.856945108e+01,5.763972607e+01,5.699993533e+01,6.118492021e-01,2.684857543e+01,1.840628440e+01
1.742099707e+01,2.541137275e+01,6.878626204e+00,6.035357801e+01,5.542298632e+01,3.818584437e+01,1.790449603e+01,2.569870990e+00,2.208465672e+01,3.413412426e+01,2.637197684e+01,2.770427000e+00,1.507548244e+01,1.629672727e+01,2.806815431e+00,1.780464090e+01,3.696130922e+01,4.926136060e+01,5.328843877e+01,4.821961535e+01,3.103135374e+01,4.944431086e-01,3.349497327e+01,5.546802617e+01,6.042850007e+01,5.100196109e+01,3.159827905e+01,8.134077584e+00,1.316370282e+01,2.832177487e+01,3.659393140e+01,3.973821868e+01,4.062196613e+01,4.133612390e+01,4.207874120e+01,4.207873414e+01,4.133611903e+01,4.062200156e+01,3.973831924e+01,3.659407358e+01,2.832189158e+01,1.316372651e+01,8.134171840e+00,3.159846198e+01,5.100217617e+01,6.042870677e+01,5.546821794e+01,3.349514818e+01,4.943169939e-01,3.103130002e+01,4.821961901e+01,5.328847937e+01,4.926143537e+01,3.696143342e+01,1.780483687e+01,2.806542978e+00,1.629641664e+01,1.507520449e+01,2.770625449e+00,2.637211538e+01,3.413424910e+01,2.208480646e+01,2.570055321e+00,1.790430401e+01,3.818568017e+01,5.542285998e+01,6.035344700e+01,6.878645575e+00,2.541137849e+01,1.742100100e+01
1.108699914e+01,1.617220109e+01,1.652949006e+01,5.377250526e+01,3.949483849e+01,1.538604811e+01,5.394803292e+00,1.894166178e+01,2.502308939e+01,1.821008737e+01,5.675411220e+00,2.823242168e+01,3.261297032e+01,1.798412587e+01,8.905447047e+00,3.818302893e+01,6.017432216e+01,6.940412993e+01,6.560158658e+01,5.042169872e+01,2.477247356e+01,7.065934109e+00,3.179158734e+01,3.886183516e+01,3.018726074e+01,1.105914978e+01,1.402485176e+01,4.014734129e+01,6.251158904e+01,7.860141243e+01,8.898995254e+01,9.621447576e+01,1.027940406e+02,1.092085099e+02,1.135100319e+02,1.135100458e+02,1.092085630e+02,1.027941612e+02,9.621467782e+01,8.899019629e+01,7.860160845e+01,6.251165001e+01,4.014723547e+01,1.402461830e+01,1.105943308e+01,3.018753111e+01,3.886207432e+01,3.179179912e+01,7.066095326e+00,2.477239403e+01,5.042168976e+01,6.560161261e+01,6.940415966e+01,6.017434558e+01,3.818306240e+01,8.905514194e+00,1.798402224e+01,3.261284768e+01,2.823228535e+01,5.675220723e+00,1.821038450e+01,2.502346896e+01,1.894206663e+01,5.395165873e+00,1.538578084e+01,3.949465682e+01,5.377229878e+01,1.652931360e+01,1.617232450e+01,1.108708374e+01
5.941856663e+00,8.667169501e+00,2.004120330e+01,3.548026565e+01,1.281551420e+01,1.501623791e+01,3.465029406e+01,4.132608821e+01,3.314329363e+01,4.916930548e+00,3.067058647e+01,4.869092430e+01,4.366967872e+01,2.033093024e+01,1.227512058e+01,4.274088442e+01,6.096501971e+01,6.267786491e+01,5.034901317e+01,2.948887912e+01,5.750650488e+00,1.300584629e+01,1.739346046e+01,6.312807156e+00,1.399493775e+01,3.837060438e+01,6.380750605e+01,8.761913864e+01,1.073442759e+02,1.222054082e+02,1.338941314e+02,1.454410209e+02,1.586845088e+02,1.719339369e+02,1.804773705e+02,1.804774023e+02,1.719340385e+02,1.586846980e+02,1.454412993e+02,1.338944408e+02,1.222056385e+02,1.073443286e+02,8.761898914e+01,6.380721344e+01,3.837026750e+01,1.399463327e+01,6.313056728e+00,1.739366548e+01,1.300599549e+01,5.750594614e+00,2.948892039e+01,5.034910932e+01,6.267795566e+01,6.096506100e+01,4.274087285e+01,1.227508385e+01,2.033096234e+01,4.366968272e+01,4.869087582e+01,3.067045009e+01,4.917220337e+00,3.314373387e+01,4.132656252e+01,3.465068332e+01,1.501646650e+01,1.281541791e+01,3.548013362e+01,2.004093732e+01,8.667388721e+00,5.942006951e+00
6.274737260e+00,9.152730280e+00,8.191947640e+00,5.997725015e+00,1.951576054e+01,4.725349521e+01,6.494431641e+01,6.610344323e+01,4.404961697e+01,2.694584660e+00,4.407752308e+01,5.975336315e+01,5.151660075e+01,2.672378878e+01,3.893792043e+00,2.817219258e+01,3.703880017e+01,2.928363089e+01,1.136068907e+01,7.515283504e+00,1.915607963e+01,1.728308359e+01,4.546900651e-01,2.538820467e+01,5.272266455e+01,7.759392364e+01,9.903180039e+01,1.168809972e+02,1.309003994e+02,1.415884833e+02,1.513517963e+02,1.638258997e+02,1.808726262e+02,1.994479805e+02,2.119582248e+02,2.119582598e+02,1.994480912e+02,1.808728304e+02,1.638261940e+02,1.513521086e+02,1.415886875e+02,1.309003951e+02,1.168807773e+02,9.903144966e+01,7.759355786e+01,5.272236171e+01,2.538797870e+01,4.548585847e-01,1.728318991e+01,1.915608051e+01,7.515153661e+00,1.136091663e+01,2.928387803e+01,3.703898738e+01,2.817228439e+01,3.893803329e+00,2.672381987e+01,5.151662916e+01,5.975335009e+01,4.407745263e+01,2.694426710e+00,4.404991944e+01,6.610380065e+01,6.494457635e+01,4.725357025e+01,1.951569603e+01,5.997740691e+00,8.191721304e+00,9.153006828e+00,6.274926849e+00
1.267429173e+01,1.848752687e+01,1.362894999e+01,2.305474481e+01,4.805421431e+01,7.453129125e+01,9.112878051e+01,8.923795146e+01,5.784236339e+01,1.760020877e+00,4.238127633e+01,5.924926357e+01,5.319840911e+01,3.317972107e+01,1.093742089e+01,1.727873744e+00,1.613135429e+00,1.779882299e+01,3.669886220e+01,4.760655018e+01,4.347188568e+01,2.268521901e+01,9.654630248e+00,4.408779133e+01,7.321322908e+01,9.474656090e+01,1.099599243e+02,1.207884904e+02,1.280652308e+02,1.321995144e+02,1.354975174e+02,1.423637581e+02,1.557445815e+02,1.731908399e+02,1.861799418e+02,1.861799601e+02,1.731909106e+02,1.557447403e+02,1.423640097e+02,1.354977849e+02,1.321996617e+02,1.280651567e+02,1.207882058e+02,1.099595388e+02,9.474620284e+01,7.321296859e+01,4.408762288e+01,9.654518900e+00,2.268527365e+01,4.347183438e+01,4.760634635e+01,3.669851794e+01,1.779841770e+01,1.612774599e+00,1.728120090e+00,1.093729828e+01,3.317969193e+01,5.319842403e+01,5.924927746e+01,4.238128077e+01,1.760028294e+00,5.784245740e+01,8.923811760e+01,9.112888128e+01,7.453124423e+01,4.805406839e+01,2.305465575e+01,1.362908124e+01,1.848783903e+01,1.267450573e+01
1.925612490e+01,2.808820675e+01,2.522597596e+01,3.739501708e+01,6.266477170e+01,8.922896902e+01,1.064628601e+02,1.046562439e+02,7.212110585e+01,1.698094669e+01,2.676946985e+01,4.610628236e+01,4.530139329e+01,3.348188200e+01,2.231637454e+01,2.246985428e+01,3.700450419e+01,5.840283043e+01,7.454506720e+01,7.585765499e+01,5.859123241e+01,2.563473336e+01,1.421433836e+01,5.035329869e+01,7.636700971e+01,9.202306494e+01,1.007065289e+02,1.054698786e+02,1.065743371e+02,1.027918695e+02,9.592272309e+01,9.168217363e+01,9.460885594e+01,1.039488291e+02,1.126957474e+02,1.126957404e+02,1.039488377e+02,9.460894255e+01,9.168236412e+01,9.592295071e+01,1.027919915e+02,1.065742411e+02,1.054695820e+02,1.007061601e+02,9.202276248e+01,7.636683505e+01,5.035322448e+01,1.421430906e+01,2.563472934e+01,5.859114570e+01,7.585742388e+01,7.454468240e+01,5.840236291e+01,3.700407162e+01,2.246954916e+01,2.231622343e+01,3.348186335e+01,4.530145964e+01,4.610638353e+01,2.676958724e+01,1.698082337e+01,7.212105682e+01,1.046563001e+02,1.064629185e+02,8.922895906e+01,6.266472994e+01,3.739503243e+01,2.522607368e+01,2.808845651e+01,1.925629613e+01
1.456796331e+01,2.124975651e+01,1.768900479e+01,3.294407134e+01,5.930087877e+01,8.659424849e+01,1.047102625e+02,1.040614128e+02,7.572122550e+01,2.843885812e+01,1.081701375e+01,3.091791591e+01,3.467471978e+01,2.972564199e+01,2.654931248e+01,3.466028266e+01,5.450915478e+01,7.568388802e+01,8.615758652e+01,7.902491097e+01,5.396712673e+01,1.670282097e+01,2.286779531e+01,5.476336617e+01,7.417112426e+01,8.282214591e+01,8.543645245e+01,8.467187615e+01,7.838018220e+01,6.308076752e+01,4.218613462e+01,2.429330747e+01,1.439133133e+01,1.261002668e+01,1.467234628e+01,1.467231337e+01,1.260996961e+01,1.439133953e+01,2.429344047e+01,4.218635728e+01,6.308093822e+01,7.838015425e+01,8.467164752e+01,8.543615912e+01,8.282193601e+01,7.417105566e+01,5.476339552e+01,2.286784740e+01,1.670277380e+01,5.396704193e+01,7.902471960e+01,8.615726378e+01,7.568349424e+01,5.450880702e+01,3.466007495e+01,2.654926694e+01,2.972573358e+01,3.467490166e+01,3.091813449e+01,1.081723642e+01,2.843866179e+01,7.572114408e+01,1.040614947e+02,1.047104277e+02,8.659443432e+01,5.930110432e+01,3.294436399e+01,1.768928466e+01,2.124978272e+01,1.456798128e+01
1.105090928e+00,1.611955813e+00,1.217275017e-01,1.652652854e+01,4.202210402e+01,6.815589098e+01,8.510724354e+01,8.385298250e+01,5.943599175e+01,2.141290959e+01,1.056127567e+01,2.827639593e+01,3.312019522e+01,3.032829075e+01,2.824653529e+01,3.529771162e+01,5.120876444e+01,6.555505441e+01,6.823516791e+01,5.499222409e+01,2.757093194e+01,7.634981072e+00,4.168243198e+01,6.628393426e+01,7.816140592e+01,8.008820162e+01,7.650452492e+01,6.744394975e+01,4.664818460e+01,1.197327204e+01,2.420617623e+01,5.165846204e+01,7.019237570e+01,8.128044551e+01,8.598989031e+01,8.598994763e+01,8.128056793e+01,7.019245385e+01,5.165840192e+01,2.420596062e+01,1.197353523e+01,4.664830320e+01,6.744385623e+01,7.650434221e+01,8.008808694e+01,7.816142144e+01,6.628403122e+01,4.168252371e+01,7.635027591e+00,2.757089542e+01,5.499212676e+01,6.823497672e+01,6.555482046e+01,5.120859439e+01,3.529768182e+01,2.824664474e+01,3.032850288e+01,3.312046500e+01,2.827667327e+01,1.056152622e+01,2.141272251e+01,5.943595658e+01,8.385315382e+01,8.510755893e+01,6.815629609e+01,4.202260524e+01,1.652711270e+01,1.222801163e-01,1.612143638e+00,1.105219694e+00
1.134012018e+01,1.654141952e+01,1.401351783e+01,5.848865474e-01,2.004150531e+01,4.121790255e+01,5.382052953e+01,4.968875065e+01,2.714469895e+01,3.173048700e+00,2.706530717e+01,3.970125706e+01,4.197056617e+01,3.693181405e+01,3.017406385e+01,2.850746987e+01,3.308396371e+01,3.679090009e+01,3.222904781e+01,1.649640575e+01,8.593526942e+00,3.792085171e+01,6.470329456e+01,8.241990784e+01,8.833507650e+01,8.446420917e+01,7.248377989e+01,4.713194924e+01,7.640244876e-01,5.323282614e+01,9.245140992e+01,1.166139909e+02,1.334219583e+02,1.458245802e+02,1.528004251e+02,1.528004942e+02,1.458247423e+02,1.334221081e+02,1.166140217e+02,9.245125959e+01,5.323253137e+01,7.642825594e-01,4.713201056e+01,7.248370874e+01,8.446416427e+01,8.833513159e+01,8.242002034e+01,6.470337844e+01,3.792086484e+01,8.593502160e+00,1.649639850e+01,3.222897425e+01,3.679080613e+01,3.308394164e+01,2.850756837e+01,3.017425298e+01,3.693205141e+01,4.197081715e+01,3.970148571e+01,2.706549595e+01,3.173178457e+00,2.714470277e+01,4.968895183e+01,5.382089298e+01,4.121838924e+01,2.004211771e+01,5.841865141e-01,1.401287478e+01,1.654098029e+01,1.133981907e+01
9.547615761e+00,1.392675873e+01,1.783715606e+01,1.086340045e+01,1.743686540e+00,1.476631607e+01,2.084324496e+01,1.343195645e+01,7.079402729e+00,3.017213971e+01,4.577003942e+01,5.184344289e+01,4.948597703e+01,4.036689774e+01,2.721337780e+01,1.492094712e+01,7.845258177e+00,3.427283323e+00,3.904687649e+00,1.720369085e+01,3.610614565e+01,5.782142363e+01,7.794262967e+01,9.109444803e+01,9.365095968e+01,8.470725191e+01,6.074213870e+01,1.226557184e+01,5.534944301e+01,1.087515876e+02,1.362686965e+02,1.501080413e+02,1.596063242e+02,1.672361533e+02,1.718385532e+02,1.718386236e+02,1.672363293e+02,1.596065176e+02,1.501081524e+02,1.362686489e+02,1.087513620e+02,5.534915354e+01,1.226573207e+01,6.074214763e+01,8.470724343e+01,9.365101863e+01,9.109454523e+01,7.794268928e+01,5.782141055e+01,3.610609549e+01,1.720367192e+01,3.904730435e+00,3.427224956e+00,7.845265399e+00,1.492104317e+01,2.721350910e+01,4.036702894e+01,4.948609615e+01,5.184353774e+01,4.577012183e+01,3.017222170e+01,7.079426219e+00,1.343207524e+01,2.084350930e+01,1.476671138e+01,1.744223450e+00,1.086276978e+01,1.783663052e+01,1.392680229e+01,9.547645629e+00
8.568236185e+00,1.249817347e+01,1.863305095e+01,1.544274297e+01,9.975198583e+00,5.034191198e+00,4.798881977e+00,1.328313312e+01,2.916362277e+01,4.395036690e+01,5.121114207e+01,5.069184591e+01,4.386475395e+01,3.175216269e+01,1.469368756e+01,3.727639352e+00,1.591444570e+01,2.166088729e+01,2.585395941e+01,3.236044118e+01,4.275256247e+01,5.655403579e+01,7.128264822e+01,8.219574992e+01,8.401955721e+01,7.186178689e+01,3.737149209e+01,2.556008206e+01,9.249307216e+01,1.316392994e+02,1.473617944e+02,1.533504835e+02,1.567083913e+02,1.594388064e+02,1.611778616e+02,1.611779372e+02,1.594390027e+02,1.567086304e+02,1.533506733e+02,1.473618564e+02,1.316391886e+02,9.249283989e+01,2.555990483e+01,3.737153218e+01,7.186178556e+01,8.401960231e+01,8.219582457e+01,7.128268891e+01,5.655401816e+01,4.275252880e+01,3.236046088e+01,2.585405883e+01,2.166101580e+01,1.591452584e+01,3.727662418e+00,1.469365723e+01,3.175210662e+01,4.386468922e+01,5.069178555e+01,5.121112457e+01,4.395042924e+01,2.916371590e+01,1.328315087e+01,4.798782699e+00,5.033959489e+00,9.974804401e+00,1.544222835e+01,1.863264238e+01,1.249832822e+01,8.568342274e+00
1.366543038e+01,1.993326466e+01,2.417406940e+01,1.800235428e+01,1.563412796e+01,1.577927211e+01,1.847226627e+01,2.482013814e+01,3.354332458e+01,3.948273984e+01,3.929994085e+01,3.363572003e+01,2.435494977e+01,1.243749691e+01,3.230156906e+00,2.008560724e+01,2.986168092e+01,3.159008880e+01,2.946805284e+01,2.796693045e+01,3.018879893e+01,3.720232430e+01,4.773474742e+01,5.774082722e+01,6.106688289e+01,5.003752911e+01,1.431850963e+01,4.592133502e+01,9.891258750e+01,1.248289299e+02,1.336032709e+02,1.355156347e+02,1.353241069e+02,1.348110488e+02,1.345094062e+02,1.345094905e+02,1.348112730e+02,1.353243977e+02,1.355159041e+02,1.336034386e+02,1.248289353e+02,9.891243953e+01,4.592117685e+01,1.431855584e+01,5.003752504e+01,6.106691381e+01,5.774088072e+01,4.773476682e+01,3.720229527e+01,3.018877485e+01,2.796698908e+01,2.946822119e+01,3.159030903e+01,2.986186918e+01,2.008575881e+01,3.230341224e+00,1.243727814e+01,2.435473904e+01,3.363554817e+01,3.929985875e+01,3.948279234e+01,3.354346498e+01,2.482025029e+01,1.847228495e+01,1.577915553e+01,1.563382598e+01,1.800190514e+01,2.417371262e+01,1.993356215e+01,1.366563433e+01
1.672291023e+01,2.439309894e+01,3.101151862e+01,1.797138801e+01,1.554465207e+01,1.768553172e+01,2.075147014e+01,2.350772823e+01,2.526733904e+01,2.410002819e+01,1.887157506e+01,1.062502662e+01,1.489730526e+00,7.312475322e+00,1.724302073e+01,2.716870766e+01,3.117909611e+01,2.817254250e+01,2.114120632e+01,1.443107048e+01,1.166286493e+01,1.436270258e+01,2.169288419e+01,3.057565031e+01,3.570722671e+01,2.929937372e+01,1.310835202e+00,4.569529212e+01,8.279534270e+01,9.920722305e+01,1.042790929e+02,1.046479457e+02,1.031520222e+02,1.012493506e+02,9.998486289e+01,9.998495319e+01,1.012495941e+02,1.031523502e+02,1.046482748e+02,1.042793409e+02,9.920731673e+01,8.279526368e+01,4.569515681e+01,1.310879750e+00,2.929936492e+01,3.570724386e+01,3.057567428e+01,2.169285701e+01,1.436261838e+01,1.166279237e+01,1.443110348e+01,2.114137885e+01,2.817278847e+01,3.117931396e+01,2.716888519e+01,1.724324457e+01,7.312751636e+00,1.489461275e+00,1.062480763e+01,1.887145798e+01,2.410005224e+01,2.526745732e+01,2.350783060e+01,2.075148795e+01,1.768540704e+01,1.554432258e+01,1.797090555e+01,3.101113561e+01,2.439367629e+01,1.672330604e+01
1.273627667e+01,1.857794204e+01,3.079224775e+01,1.329909542e+01,1.065441059e+01,1.299339236e+01,1.535148247e+01,1.565505883e+01,1.375559798e+01,9.661190061e+00,3.417376027e+00,3.959133263e+00,1.065886846e+01,1.555336091e+01,1.963605342e+01,2.286548575e+01,2.262655103e+01,1.800921149e+01,1.064735783e+01,3.759919532e+00,2.270348091e-01,1.165960968e+00,5.795718758e+00,1.210517886e+01,1.685071369e+01,1.465097184e+01,2.068290895e+00,3.179088406e+01,5.395039303e+01,6.313716412e+01,6.593075096e+01,6.597142901e+01,6.464647967e+01,6.289306060e+01,6.167665534e+01,6.167674606e+01,6.289330737e+01,6.464681938e+01,6.597178436e+01,6.593103952e+01,6.313730351e+01,5.395035020e+01,3.179076721e+01,2.068264520e+00,1.465094029e+01,1.685069857e+01,1.210514894e+01,5.795612664e+00,1.165780303e+00,2.268625242e-01,3.759866337e+00,1.064746713e+01,1.800941011e+01,2.262671534e+01,2.286558739e+01,1.963620819e+01,1.555360779e+01,1.065913718e+01,3.959367616e+00,3.417225543e+00,9.661151888e+00,1.375562279e+01,1.565504932e+01,1.535137935e+01,1.299312931e+01,1.065391651e+01,1.329844636e+01,3.079179367e+01,1.857866240e+01,1.273677052e+01
4.752837992e+00,6.932791352e+00,1.495089895e+01,4.954607513e+00,3.639927932e+00,4.706909899e+00,5.648314967e+00,5.458317427e+00,4.162202324e+00,2.037084417e+00,7.341706996e-01,3.717913323e+00,6.197820804e+00,7.718085970e+00,8.596670430e+00,8.945565554e+00,8.214312284e+00,6.061583573e+00,2.980754532e+00,1.656969660e-01,1.287943031e+00,9.993696138e-01,6.570989552e-01,2.947756300e+00,4.835528736e+00,4.483829032e+00,9.480539467e-01,1.120663810e+01,1.866778554e+01,2.163953769e+01,2.255457158e+01,2.256951471e+01,2.207805836e+01,2.139757703e+01,2.091389838e+01,2.091398701e+01,2.139781912e+01,2.207839520e+01,2.256987358e+01,2.255487064e+01,2.163969008e+01,1.866775339e+01,1.120653405e+01,9.480531886e-01,4.483766662e+00,4.835475556e+00,2.947673798e+00,6.569252607e-01,9.996281119e-01,1.288195857e+00,1.655701030e-01,2.980803121e+00,6.061730274e+00,8.214418215e+00,8.945588739e+00,8.596748688e+00,7.718291590e+00,6.198078386e+00,3.718156720e+00,7.343517645e-01,2.036985663e+00,4.162132993e+00,5.458188843e+00,5.648076378e+00,4.706488717e+00,3.639238658e+00,4.953721083e+00,1.495077160e+01,6.933541811e+00,4.753352476e+00
4.753349729e+00,6.933537804e+00,1.495076791e+01,4.953725788e+00,3.639242953e+00,4.706492005e+00,5.648078354e+00,5.458189594e+00,4.162133398e+00,2.036986961e+00,7.343488564e-01,3.718152303e+00,6.198073466e+00,7.718288187e+00,8.596749371e+00,8.945593699e+00,8.214424788e+00,6.061736418e+00,2.980807509e+00,1.655718943e-01,1.288196834e+00,9.996313618e-01,6.569206519e-01,2.947669007e+00,4.835471889e+00,4.483765158e+00,9.480525255e-01,1.120653326e+01,1.866775366e+01,2.163969090e+01,2.255487154e+01,2.256987438e+01,2.207839597e+01,2.139781999e+01,2.091398798e+01,2.091389929e+01,2.139757776e+01,2.207805896e+01,2.256951542e+01,2.255457252e+01,2.163953863e+01,1.866778601e+01,1.120663830e+01,9.480548485e-01,4.483827159e+00,4.835525549e+00,2.947751665e+00,6.570931197e-01,9.993761589e-01,1.287949603e+00,1.656911379e-01,2.980749965e+00,6.061580317e+00,8.214310149e+00,8.945564521e+00,8.596670467e+00,7.718086660e+00,6.197822239e+00,3.717915973e+00,7.341748196e-01,2.037079096e+00,4.162196718e+00,5.458312872e+00,5.648312345e+00,4.706909133e+00,3.639928318e+00,4.954607803e+00,1.495090055e+01,6.932790189e+00,4.752837195e+00
1.273676658e+01,1.857865665e+01,3.079179828e+01,1.329845277e+01,1.065392291e+01,1.299313530e+01,1.535138468e+01,1.565505399e+01,1.375562758e+01,9.661157921e+00,3.417233278e+00,3.959358653e+00,1.065912860e+01,1.555360274e+01,1.963621078e+01,2.286559791e+01,2.262672934e+01,1.800942411e+01,1.064747890e+01,3.759874278e+00,2.268658466e-01,1.165779202e+00,5.795608228e+00,1.210514303e+01,1.685069360e+01,1.465093850e+01,2.068262862e+00,3.179076579e+01,5.395035056e+01,6.313730462e+01,6.593104091e+01,6.597178591e+01,6.464682112e+01,6.289330935e+01,6.167674821e+01,6.167665746e+01,6.289306255e+01,6.464648153e+01,6.597143104e+01,6.593075330e+01,6.313716645e+01,5.395039477e+01,3.179088567e+01,2.068292736e+00,1.465097098e+01,1.685071293e+01,1.210517665e+01,5.795714102e+00,1.165953625e+00,2.270252627e-01,3.759908813e+00,1.064734705e+01,1.800920145e+01,2.262654246e+01,2.286548013e+01,1.963605261e+01,1.555336420e+01,1.065887414e+01,3.959140574e+00,3.417367397e+00,9.661180590e+00,1.375558861e+01,1.565505080e+01,1.535147663e+01,1.299338868e+01,1.065440838e+01,1.329909338e+01,3.079224413e+01,1.857794386e+01,1.273627792e+01
1.672329967e+01,2.439366701e+01,3.101113774e+01,1.797091082e+01,1.554432896e+01,1.768541376e+01,2.075149426e+01,2.350783598e+01,2.526746246e+01,2.410005838e+01,1.887146549e+01,1.062481586e+01,1.489468457e+00,7.312748843e+00,1.724325014e+01,2.716889903e+01,3.117933150e+01,2.817280585e+01,2.114139344e+01,1.443111322e+01,1.166279602e+01,1.436261584e+01,2.169284947e+01,3.057566430e+01,3.570723513e+01,2.929936099e+01,1.310881339e+00,4.569515446e+01,8.279526321e+01,9.920731717e+01,1.042793419e+02,1.046482764e+02,1.031523524e+02,1.012495970e+02,9.998495665e+01,9.998486668e+01,1.012493545e+02,1.031520263e+02,1.046479501e+02,1.042790976e+02,9.920722767e+01,8.279534640e+01,4.569529513e+01,1.310833782e+00,2.929937615e+01,3.570723143e+01,3.057565421e+01,2.169288482e+01,1.436269888e+01,1.166285721e+01,1.443106000e+01,2.114119461e+01,2.817253080e+01,3.117908559e+01,2.716870025e+01,1.724301847e+01,7.312477719e+00,1.489725410e+00,1.062501992e+01,1.887156726e+01,2.410001973e+01,2.526733060e+01,2.350772058e+01,2.075146395e+01,1.768552741e+01,1.554464952e+01,1.797138666e+01,3.101151787e+01,2.439310529e+01,1.672291458e+01
1.366562682e+01,1.993355119e+01,2.417371161e+01,1.800190884e+01,1.563383169e+01,1.577916200e+01,1.847229063e+01,2.482025388e+01,3.354346708e+01,3.948279472e+01,3.929986213e+01,3.363555203e+01,2.435474188e+01,1.243727721e+01,3.230348975e+00,2.008577320e+01,2.986188657e+01,3.159032586e+01,2.946823477e+01,2.796699718e+01,3.018877592e+01,3.720228897e+01,4.773475437e+01,5.774086524e+01,6.106689995e+01,5.003751745e+01,1.431855627e+01,4.592117313e+01,9.891243703e+01,1.248289338e+02,1.336034378e+02,1.355159044e+02,1.353243991e+02,1.348112756e+02,1.345094944e+02,1.345094111e+02,1.348110544e+02,1.353241130e+02,1.355156411e+02,1.336032776e+02,1.248289362e+02,9.891259238e+01,4.592133821e+01,1.431851072e+01,5.003753694e+01,6.106689490e+01,5.774083906e+01,4.773475550e+01,3.720232688e+01,3.018879620e+01,2.796692384e+01,2.946804412e+01,3.159007942e+01,2.986167213e+01,2.008560062e+01,3.230153684e+00,1.243749712e+01,2.435494829e+01,3.363571768e+01,3.929993795e+01,3.948273661e+01,3.354332109e+01,2.482013418e+01,1.847226220e+01,1.577926898e+01,1.563412647e+01,1.800235458e+01,2.417407219e+01,1.993327333e+01,1.366543633e+01
8.568335906e+00,1.249831893e+01,1.863263988e+01,1.544223022e+01,9.974808817e+00,5.033965096e+00,4.798787237e+00,1.328315214e+01,2.916371434e+01,4.395042742e+01,5.121112383e+01,5.069178566e+01,4.386468903e+01,3.175210398e+01,1.469364949e+01,3.727675778e+00,1.591454210e+01,2.166103158e+01,2.585407138e+01,3.236046787e+01,4.275252851e+01,5.655400994e+01,7.128267380e+01,8.219580568e+01,8.401958442e+01,7.186177370e+01,3.737152952e+01,2.555990090e+01,9.249283544e+01,1.316391850e+02,1.473618535e+02,1.533506715e+02,1.567086300e+02,1.594390040e+02,1.611779404e+02,1.611778665e+02,1.594388125e+02,1.567083980e+02,1.533504905e+02,1.473618013e+02,1.316393052e+02,9.249307583e+01,2.556008258e+01,3.737149859e+01,7.186180119e+01,8.401957559e+01,8.219576767e+01,7.128266145e+01,5.655404265e+01,4.275256325e+01,3.236043752e+01,2.585395326e+01,2.166088024e+01,1.591443902e+01,3.727634350e+00,1.469369036e+01,3.175216410e+01,4.386475509e+01,5.069184733e+01,5.121114396e+01,4.395036933e+01,2.916362504e+01,1.328313377e+01,4.798881104e+00,5.034190548e+00,9.975199492e+00,1.544274577e+01,1.863305593e+01,1.249818129e+01,8.568241546e+00
9.547638881e+00,1.392679245e+01,1.783662619e+01,1.086276870e+01,1.744221575e+00,1.476670743e+01,2.084350583e+01,1.343207516e+01,7.079422999e+00,3.017221837e+01,4.577012029e+01,5.184353785e+01,4.948609684e+01,4.036702817e+01,2.721350375e+01,1.492103125e+01,7.845248922e+00,3.427207718e+00,3.904745239e+00,1.720368168e+01,3.610609816e+01,5.782140511e+01,7.794267629e+01,9.109452723e+01,9.365099983e+01,8.470722831e+01,6.074213987e+01,1.226573248e+01,5.534914943e+01,1.087513578e+02,1.362686450e+02,1.501081492e+02,1.596065155e+02,1.672363291e+02,1.718386256e+02,1.718385572e+02,1.672361586e+02,1.596063299e+02,1.501080467e+02,1.362687008e+02,1.087515899e+02,5.534944240e+01,1.226557767e+01,6.074215217e+01,8.470727108e+01,9.365098068e+01,9.109446668e+01,7.794264257e+01,5.782142933e+01,3.610614483e+01,1.720368548e+01,3.904679996e+00,3.427291374e+00,7.845264946e+00,1.492095093e+01,2.721337853e+01,4.036689726e+01,4.948597706e+01,5.184344418e+01,4.577004240e+01,3.017214459e+01,7.079408170e+00,1.343195286e+01,2.084324303e+01,1.476631351e+01,1.743681830e+00,1.086340716e+01,1.783716389e+01,1.392676803e+01,9.547622137e+00
1.133981947e+01,1.654098088e+01,1.401286946e+01,5.841820491e-01,2.004211915e+01,4.121838741e+01,5.382089018e+01,4.968895145e+01,2.714470522e+01,3.173176673e+00,2.706549698e+01,3.970148922e+01,4.197082184e+01,3.693205489e+01,3.017425125e+01,2.850755791e+01,3.308392360e+01,3.679078495e+01,3.222895400e+01,1.649638247e+01,8.593511370e+00,3.792086565e+01,6.470337086e+01,8.242000633e+01,8.833511464e+01,8.446414811e+01,7.248369638e+01,4.713200407e+01,7.642816921e-01,5.323252965e+01,9.245125700e+01,1.166140188e+02,1.334221055e+02,1.458247410e+02,1.528004948e+02,1.528004276e+02,1.458245837e+02,1.334219615e+02,1.166139928e+02,9.245140945e+01,5.323282261e+01,7.640322671e-01,4.713196270e+01,7.248379799e+01,8.446422943e+01,8.833509588e+01,8.241992288e+01,6.470330246e+01,3.792085153e+01,8.593519849e+00,1.649641727e+01,3.222906097e+01,3.679091237e+01,3.308397259e+01,2.850747298e+01,3.017406146e+01,3.693180937e+01,4.197056189e+01,3.970125449e+01,2.706530728e+01,3.173052065e+00,2.714469396e+01,4.968874688e+01,5.382052633e+01,4.121789725e+01,2.004149676e+01,5.848971400e-01,1.401352760e+01,1.654142203e+01,1.134012191e+01
1.105214635e+00,1.612136259e+00,1.222840161e-01,1.652711953e+01,4.202260969e+01,6.815629635e+01,8.510755668e+01,8.385315275e+01,5.943595777e+01,2.141272221e+01,1.056153028e+01,2.827668043e+01,3.312047365e+01,3.032851021e+01,2.824664609e+01,3.529767276e+01,5.120857517e+01,6.555479557e+01,6.823495103e+01,5.499210448e+01,2.757087998e+01,7.635033991e+00,4.168252071e+01,6.628402053e+01,7.816140623e+01,8.008807047e+01,7.650432683e+01,6.744384348e+01,4.664829433e+01,1.197353052e+01,2.420596212e+01,5.165840113e+01,7.019245173e+01,8.128056583e+01,8.598994695e+01,8.598989149e+01,8.128044739e+01,7.019237632e+01,5.165845976e+01,2.420617010e+01,1.197328259e+01,4.664819957e+01,6.744396780e+01,7.650454428e+01,8.008822058e+01,7.816142211e+01,6.628394467e+01,4.168243413e+01,7.634974291e+00,2.757094611e+01,5.499224257e+01,6.823518720e+01,6.555507119e+01,5.120877543e+01,3.529771421e+01,2.824653032e+01,3.032828222e+01,3.312018659e+01,2.827638913e+01,1.056127212e+01,2.141290897e+01,5.943598880e+01,8.385298030e+01,8.510724069e+01,6.815588452e+01,4.202209343e+01,1.652651644e+01,1.217194371e-01,1.611959733e+00,1.105093616e+00
1.456797567e+01,2.124977453e+01,1.768928683e+01,3.294437230e+01,5.930111117e+01,8.659443651e+01,1.047104265e+02,1.040614942e+02,7.572114598e+01,2.843866169e+01,1.081724098e+01,3.091814261e+01,3.467491167e+01,2.972574262e+01,2.654927032e+01,3.466006801e+01,5.450878910e+01,7.568346898e+01,8.615723625e+01,7.902469477e+01,5.396702409e+01,1.670276572e+01,2.286784527e+01,5.476338505e+01,7.417104003e+01,8.282191830e+01,8.543614130e+01,8.467163059e+01,7.838013911e+01,6.308092625e+01,4.218634953e+01,2.429343695e+01,1.439133926e+01,1.260997073e+01,1.467231379e+01,1.467234523e+01,1.261002568e+01,1.439133298e+01,2.429331371e+01,4.218614609e+01,6.308078358e+01,7.838020104e+01,8.467189580e+01,8.543647165e+01,8.282216351e+01,7.417113826e+01,5.476337385e+01,2.286779424e+01,1.670283149e+01,5.396714495e+01,7.902493329e+01,8.615760874e+01,7.568390623e+01,5.450916560e+01,3.466028414e+01,2.654930611e+01,2.972563196e+01,3.467470973e+01,3.091790795e+01,1.081700942e+01,2.843885784e+01,7.572122299e+01,1.040614117e+02,1.047102606e+02,8.659424232e+01,5.930086817e+01,3.294406004e+01,1.768900002e+01,2.124976177e+01,1.456796692e+01
1.925628965e+01,2.808844707e+01,2.522607522e+01,3.739504220e+01,6.266473867e+01,8.922896288e+01,1.064629188e+02,1.046563016e+02,7.212106177e+01,1.698082625e+01,2.676958939e+01,4.610638985e+01,4.530146877e+01,3.348187287e+01,2.231622912e+01,2.246954645e+01,3.700405870e+01,5.840234188e+01,7.454465772e+01,7.585740085e+01,5.859112930e+01,2.563472281e+01,1.421430530e+01,5.035321262e+01,7.636681841e+01,9.202274397e+01,1.007061413e+02,1.054695635e+02,1.065742233e+02,1.027919754e+02,9.592293811e+01,9.168235610e+01,9.460893871e+01,1.039488363e+02,1.126957393e+02,1.126957460e+02,1.039488290e+02,9.460885976e+01,9.168218307e+01,9.592273798e+01,1.027918880e+02,1.065743569e+02,1.054698979e+02,1.007065469e+02,9.202308093e+01,7.636702216e+01,5.035330512e+01,1.421433635e+01,2.563474460e+01,5.859125103e+01,7.585767695e+01,7.454508780e+01,5.840284563e+01,3.700451130e+01,2.246985274e+01,2.231636679e+01,3.348187216e+01,4.530138465e+01,4.610627674e+01,2.676946844e+01,1.698094324e+01,7.212110096e+01,1.046562423e+02,1.064628587e+02,8.922896372e+01,6.266476193e+01,3.739500683e+01,2.522597324e+01,2.808821316e+01,1.925612929e+01
1.267449853e+01,1.848782852e+01,1.362908221e+01,2.305466704e+01,4.805407820e+01,7.453124879e+01,9.112888274e+01,8.923812118e+01,5.784246571e+01,1.760035015e+00,4.238127974e+01,5.924928146e+01,5.319843224e+01,3.317970261e+01,1.093730778e+01,1.728116384e+00,1.612769427e+00,1.779840390e+01,3.669849881e+01,4.760632696e+01,4.347182007e+01,2.268526813e+01,9.654515070e+00,4.408761198e+01,7.321295394e+01,9.474618705e+01,1.099595230e+02,1.207881900e+02,1.280651406e+02,1.321996460e+02,1.354977713e+02,1.423639998e+02,1.557447342e+02,1.731909072e+02,1.861799580e+02,1.861799406e+02,1.731908410e+02,1.557445870e+02,1.423637691e+02,1.354975331e+02,1.321995325e+02,1.280652487e+02,1.207885067e+02,1.099599386e+02,9.474657304e+01,7.321323810e+01,4.408779516e+01,9.654626620e+00,2.268523081e+01,4.347190350e+01,4.760656958e+01,3.669887834e+01,1.779883219e+01,1.613136141e+00,1.727880399e+00,1.093741042e+01,3.317971096e+01,5.319840224e+01,5.924926118e+01,4.238127908e+01,1.760012929e+00,5.784235535e+01,8.923794878e+01,9.112877945e+01,7.453128688e+01,4.805420518e+01,2.305473438e+01,1.362894770e+01,1.848753366e+01,1.267429638e+01
6.274920121e+00,9.152997014e+00,8.191723193e+00,5.997729163e+00,1.951570534e+01,4.725357402e+01,6.494457765e+01,6.610380463e+01,4.404992889e+01,2.694417470e+00,4.407744957e+01,5.975335315e+01,5.151663785e+01,2.672383298e+01,3.893789072e+00,2.817227377e+01,3.703898455e+01,2.928388436e+01,1.136093021e+01,7.515137158e+00,1.915606625e+01,1.728318203e+01,4.548581837e-01,2.538797355e+01,5.272235401e+01,7.759354976e+01,9.903144166e+01,1.168807688e+02,1.309003854e+02,1.415886770e+02,1.513520986e+02,1.638261861e+02,1.808728252e+02,1.994480881e+02,2.119582581e+02,2.119582243e+02,1.994479821e+02,1.808726314e+02,1.638259094e+02,1.513518095e+02,1.415884974e+02,1.309004121e+02,1.168810072e+02,9.903180756e+01,7.759392839e+01,5.272266659e+01,2.538820247e+01,4.546983571e-01,1.728309815e+01,1.915609768e+01,7.515300407e+00,1.136067777e+01,2.928362808e+01,3.703880619e+01,2.817220491e+01,3.893806238e+00,2.672377706e+01,5.151659410e+01,5.975336242e+01,4.407752848e+01,2.694595262e+00,4.404960826e+01,6.610344076e+01,6.494431612e+01,4.725349212e+01,1.951575214e+01,5.997736006e+00,8.191948941e+00,9.152735299e+00,6.274740700e+00
5.942000619e+00,8.667379484e+00,2.004094408e+01,3.548012458e+01,1.281541102e+01,1.501646821e+01,3.465068351e+01,4.132656565e+01,3.314374195e+01,4.917229775e+00,3.067044637e+01,4.869087940e+01,4.366969320e+01,2.033097851e+01,1.227506525e+01,4.274085670e+01,6.096505193e+01,6.267795595e+01,5.034911816e+01,2.948893462e+01,5.750610046e+00,1.300598289e+01,1.739365769e+01,6.313052704e+00,1.399463588e+01,3.837027025e+01,6.380721626e+01,8.761899093e+01,1.073443285e+02,1.222056365e+02,1.338944381e+02,1.454412972e+02,1.586846971e+02,1.719340383e+02,1.804774023e+02,1.804773705e+02,1.719339376e+02,1.586845114e+02,1.454410263e+02,1.338941387e+02,1.222054154e+02,1.073442807e+02,8.761913981e+01,6.380750373e+01,3.837059939e+01,1.399493037e+01,6.312817816e+00,1.739347547e+01,1.300586474e+01,5.750632094e+00,2.948886490e+01,5.034900639e+01,6.267786739e+01,6.096503097e+01,4.274090128e+01,1.227513826e+01,2.033091614e+01,4.366967077e+01,4.869092328e+01,3.067059228e+01,4.916920801e+00,3.314328734e+01,4.132608718e+01,3.465029509e+01,1.501623668e+01,1.281552080e+01,3.548027536e+01,2.004120183e+01,8.667173547e+00,5.941859437e+00
1.108707742e+01,1.617231527e+01,1.652932417e+01,5.377229364e+01,3.949465298e+01,1.538578114e+01,5.395165066e+00,1.894206886e+01,2.502347507e+01,1.821039209e+01,5.675217337e+00,2.823229007e+01,3.261286044e+01,1.798404115e+01,8.905492797e+00,3.818304334e+01,6.017433319e+01,6.940415611e+01,6.560161745e+01,5.042170091e+01,2.477240903e+01,7.066079379e+00,3.179178481e+01,3.886206185e+01,3.018751901e+01,1.105942039e+01,1.402463105e+01,4.014724690e+01,6.251165910e+01,7.860161514e+01,8.899020134e+01,9.621468217e+01,1.027941652e+02,1.092085664e+02,1.135100479e+02,1.135100325e+02,1.092085095e+02,1.027940403e+02,9.621447640e+01,8.898995367e+01,7.860141243e+01,6.251158608e+01,4.014733428e+01,1.402484095e+01,1.105916330e+01,3.018727621e+01,3.886185276e+01,3.179160708e+01,7.065953809e+00,2.477245753e+01,5.042168884e+01,6.560158430e+01,6.940413616e+01,6.017433626e+01,3.818304801e+01,8.905466761e+00,1.798410973e+01,3.261296059e+01,2.823241949e+01,5.675415713e+00,1.821008107e+01,2.502308610e+01,1.894166210e+01,5.394805413e+00,1.538604755e+01,3.949484252e+01,5.377251178e+01,1.652948520e+01,1.617220556e+01,1.108700220e+01
1.742099492e+01,2.541136961e+01,6.878657748e+00,6.035344325e+01,5.542285794e+01,3.818568152e+01,1.790430534e+01,2.570056791e+00,2.208481086e+01,3.413425433e+01,2.637211768e+01,2.770620255e+00,1.507521823e+01,1.629643632e+01,2.806564306e+00,1.780481845e+01,3.696142137e+01,4.926143095e+01,5.328848174e+01,4.821962665e+01,3.103131204e+01,4.943322805e-01,3.349513192e+01,5.546820183e+01,6.042869007e+01,5.100215838e+01,3.159844393e+01,8.134155073e+00,1.316374090e+01,2.832190336e+01,3.659408323e+01,3.973832743e+01,4.062200862e+01,4.133612467e+01,4.207873783e+01,4.207874270e+01,4.133612356e+01,4.062196480e+01,3.973821702e+01,3.659392915e+01,2.832177086e+01,1.316369569e+01,8.134088666e+00,3.159829375e+01,5.100197813e+01,6.042851832e+01,5.546804522e+01,3.349499224e+01,4.944270207e-01,3.103134326e+01,4.821961088e+01,5.328844017e+01,4.926136830e+01,3.696132302e+01,1.780465888e+01,2.806796610e+00,1.629671132e+01,1.507547244e+01,2.770429686e+00,2.637197439e+01,3.413412133e+01,2.208465562e+01,2.569872210e+00,1.790449336e+01,3.818584272e+01,5.542298827e+01,6.035358230e+01,6.878618654e+00,2.541137771e+01,1.742100047e+01
1.840627934e+01,2.684856804e+01,6.118370614e-01,5.699992983e+01,5.763972468e+01,4.856945277e+01,3.152737218e+01,7.207423465e+00,2.217248311e+01,4.815848664e+01,5.519528575e+01,3.653221328e+01,8.054435671e+00,1.166011634e+01,1.630896177e+01,9.414099894e+00,1.950646932e+00,1.301276004e+01,2.241053569e+01,2.844257961e+01,2.595398083e+01,9.251722244e+00,1.905758411e+01,4.642435119e+01,6.279805820e+01,6.550175526e+01,5.641638818e+01,4.060377512e+01,2.431823133e+01,1.226018800e+01,6.355062575e+00,5.859534473e+00,8.233206411e+00,1.084529555e+01,1.229585815e+01,1.229584105e+01,1.084526174e+01,8.233194521e+00,5.859569903e+00,6.355130480e+00,1.226024173e+01,2.431822823e+01,4.060370609e+01,5.641627864e+01,6.550163911e+01,6.279794797e+01,4.642423616e+01,1.905746395e+01,9.251816747e+00,2.595402436e+01,2.844257207e+01,2.241047600e+01,1.301263059e+01,1.950421641e+00,9.414436949e+00,1.630938960e+01,1.166055599e+01,8.054098265e+00,3.653205621e+01,5.519530452e+01,4.815860238e+01,2.217259620e+01,7.207363882e+00,3.152736441e+01,4.856947028e+01,5.763974141e+01,5.699993854e+01,6.120834741e-01,2.684863727e+01,1.840632680e+01
9.514053817e+00,1.387780314e+01,1.486893250e+01,3.568265994e+01,4.401322127e+01,4.501420843e+01,3.558685283e+01,1.384110146e+01,1.822157537e+01,5.136317052e+01,6.930936358e+01,5.995197332e+01,2.970288770e+01,3.233071952e+00,2.506554520e+01,3.304680361e+01,3.162012870e+01,2.448082103e+01,1.220816869e+01,3.827971722e+00,1.778948522e+01,2.083258951e+01,8.008858191e+00,1.517060149e+01,3.759718791e+01,5.148483195e+01,5.478377535e+01,5.022301934e+01,4.277882196e+01,3.681407770e+01,3.460117433e+01,3.599869179e+01,3.918291952e+01,4.219910084e+01,4.391093465e+01,4.391092186e+01,4.219907727e+01,3.918291479e+01,3.599871959e+01,3.460121591e+01,3.681409712e+01,4.277879703e+01,5.022295694e+01,5.478369975e+01,5.148475826e+01,3.759710288e+01,1.517047355e+01,8.009039712e+00,2.083278898e+01,1.778965015e+01,3.828066870e+00,1.220817000e+01,2.448094824e+01,3.162040440e+01,3.304722410e+01,2.506605583e+01,3.233554546e+00,2.970257572e+01,5.995191862e+01,6.930954410e+01,5.136346789e+01,1.822185940e+01,1.384090146e+01,3.558674300e+01,4.501415455e+01,4.401317741e+01,3.568258193e+01,1.486928168e+01,1.387782117e+01,9.514066178e+00
9.575948126e-01,1.396808611e+00,2.508993237e+01,8.361756125e+00,1.649094039e+01,3.113354960e+01,3.405202323e+01,2.162624069e+01,5.505203266e+00,3.929340851e+01,6.484536122e+01,6.811576282e+01,4.662841889e+01,1.123887495e+01,2.221158934e+01,4.399539751e+01,5.360018360e+01,5.261215738e+01,4.057845473e+01,1.816017514e+01,8.975092102e+00,3.028815054e+01,3.530146758e+01,2.249293616e+01,9.039555284e-01,1.906309314e+01,3.214367160e+01,3.860762447e+01,4.168580294e+01,4.454785284e+01,4.842724760e+01,5.244610019e+01,5.520161948e+01,5.639987894e+01,5.671481849e+01,5.671482409e+01,5.639990536e+01,5.520168069e+01,5.244618894e+01,4.842733105e+01,4.454789711e+01,4.168580032e+01,3.860759248e+01,3.214362934e+01,1.906303838e+01,9.040554307e-01,2.249312832e+01,3.530177142e+01,3.028852091e+01,8.975441172e+00,1.815992229e+01,4.057834466e+01,5.261221542e+01,5.360041241e+01,4.399576786e+01,2.221202443e+01,1.123850105e+01,4.662823467e+01,6.811582736e+01,6.484562550e+01,3.929374620e+01,5.505491451e+00,2.162606423e+01,3.405195176e+01,3.113352995e+01,1.649090864e+01,8.361842082e+00,2.509001327e+01,1.396807474e+00,9.575940329e-01
1.660369382e+00,2.421920232e+00,2.897680296e+01,5.939975101e+01,1.678186597e+01,1.378910113e+01,3.156771485e+01,3.203197467e+01,1.403517410e+01,1.664252240e+01,4.754882366e+01,6.475498886e+01,5.977523542e+01,3.360480015e+01,3.200330959e+00,3.690207661e+01,5.943488113e+01,6.801617909e+01,6.094135493e+01,3.852892857e+01,5.894882745e+00,2.651886582e+01,4.593293700e+01,4.600859659e+01,3.221861963e+01,1.459496096e+01,4.659814919e-01,1.190349190e+01,2.191955362e+01,3.285588687e+01,4.412859745e+01,5.226267863e+01,5.499927319e+01,5.386519573e+01,5.221967642e+01,5.221970153e+01,5.386527644e+01,5.499940944e+01,5.226284267e+01,4.412874139e+01,3.285597744e+01,2.191959317e+01,1.190349901e+01,4.659628748e-01,1.459502124e+01,3.221875928e+01,4.600886012e+01,4.593333868e+01,2.651934932e+01,5.894427475e+00,3.852859757e+01,6.094119474e+01,6.801619022e+01,5.943503000e+01,3.690230482e+01,3.200558570e+00,3.360466353e+01,5.977525558e+01,6.475516729e+01,4.754908885e+01,1.664276684e+01,1.403503560e+01,3.203196552e+01,3.156779215e+01,1.378918173e+01,1.678185977e+01,5.939981141e+01,2.897702868e+01,2.421848401e+00,1.660320137e+00
1.782315048e+00,2.599797926e+00,3.108060876e+01,9.604972300e+01,4.526596739e+01,1.685039248e+00,2.972507843e+01,4.283140455e+01,3.442898663e+01,8.118136910e+00,2.577974854e+01,5.461923334e+01,6.791251195e+01,5.953059589e+01,3.027429290e+01,9.661192980e+00,4.578023436e+01,6.795235547e+01,7.188889485e+01,5.772475737e+01,2.968095823e+01,3.691264669e+00,3.034957526e+01,4.180586969e+01,3.994851410e+01,3.233939902e+01,2.442116670e+01,1.737176148e+01,9.383814396e+00,2.210494911e+00,1.661737514e+01,2.778933438e+01,3.111202525e+01,2.872337799e+01,2.595777119e+01,2.595780284e+01,2.872347840e+01,3.111219003e+01,2.778952705e+01,1.661754496e+01,2.210615235e+00,9.383738864e+00,1.737172417e+01,2.442117758e+01,3.233947943e+01,3.994868836e+01,4.180615763e+01,3.034997137e+01,3.691708014e+00,2.968057198e+01,5.772451260e+01,7.188881244e+01,6.795239483e+01,4.578031924e+01,9.661242659e+00,3.027433813e+01,5.953075864e+01,6.791276932e+01,5.461952095e+01,2.577997695e+01,8.118050012e+00,3.442907508e+01,4.283162932e+01,2.972533835e+01,1.684865003e+00,4.526595592e+01,9.604979468e+01,3.108093295e+01,2.599663542e+00,1.782222921e+00
1.551335133e+00,2.262875952e+00,3.101576443e+01,9.478994856e+01,5.985901755e+01,1.364026502e+01,2.594053064e+01,4.930408207e+01,4.996450551e+01,2.909091890e+01,4.526555891e+00,3.986722003e+01,6.734637630e+01,7.864329728e+01,6.712641041e+01,3.347145867e+01,9.482642966e+00,4.538796338e+01,6.522090435e+01,6.751507488e+01,5.434709968e+01,3.055677630e+01,5.405195158e+00,1.221254400e+01,2.122248578e+01,2.586853554e+01,2.919011879e+01,3.157381239e+01,3.202415061e+01,2.840544431e+01,2.022975679e+01,1.250023244e+01,1.052855118e+01,1.277003353e+01,1.465487259e+01,1.465485307e+01,1.276996193e+01,1.052841814e+01,1.250006331e+01,2.022959278e+01,2.840531103e+01,3.202405588e+01,3.157376555e+01,2.919013846e+01,2.586863603e+01,2.122266422e+01,1.221278350e+01,5.404923188e+00,3.055652297e+01,5.434693151e+01,6.751503056e+01,6.522096120e+01,4.538804303e+01,9.482646400e+00,3.347160858e+01,6.712673491e+01,7.864374521e+01,6.734684596e+01,3.986759826e+01,4.526741118e+00,2.909098988e+01,4.996481703e+01,4.930451873e+01,2.594091678e+01,1.364008572e+01,5.985911186e+01,9.479035659e+01,3.101609509e+01,2.262745601e+00,1.551245770e+00
2.963044135e+00,4.322084360e+00,2.323302766e+01,6.160386888e+01,5.234320923e+01,2.050505962e+01,1.599693535e+01,4.497921404e+01,5.521638090e+01,4.276105192e+01,1.395271751e+01,2.151743111e+01,5.567129285e+01,8.116766431e+01,8.960827059e+01,7.466265552e+01,4.039941268e+01,7.682259468e-01,3.259691770e+01,5.502175319e+01,6.404619875e+01,5.835201607e+01,4.272757565e+01,2.574109236e+01,1.090139121e+01,2.833890621e+00,1.546445841e+01,2.562057754e+01,3.284177303e+01,3.671079644e+01,3.679336670e+01,3.545369210e+01,3.553961344e+01,3.579491754e+01,3.493041829e+01,3.493041500e+01,3.579488809e+01,3.553952827e+01,3.545355550e+01,3.679321438e+01,3.671066713e+01,3.284169234e+01,2.562056197e+01,1.546452019e+01,2.834024034e+00,1.090122188e+01,2.574093900e+01,4.272748276e+01,5.835200955e+01,6.404627954e+01,5.502189003e+01,3.259704763e+01,7.681873223e-01,4.039954728e+01,7.466301109e+01,8.960882229e+01,8.116830347e+01,5.567187598e+01,2.151782658e+01,1.395261135e+01,4.276127973e+01,5.521687480e+01,4.497977186e+01,1.599731986e+01,2.050500560e+01,5.234353080e+01,6.160447178e+01,2.323340054e+01,4.321970799e+00,2.962966282e+00
1.011551387e+01,1.475513097e+01,1.362757089e+00,1.987726267e+01,2.812453219e+01,2.069505609e+01,1.355669811e+00,2.338739965e+01,4.252724022e+01,4.428172750e+01,2.735920908e+01,6.127246690e-01,3.256247043e+01,6.288770492e+01,8.493685349e+01,9.129806273e+01,7.896859493e+01,5.267328980e+01,1.936378987e+01,1.589623054e+01,4.626143334e+01,6.257196269e+01,6.237002556e+01,5.245138720e+01,3.815910482e+01,2.101261499e+01,3.786158996e+00,9.981946645e+00,1.956458100e+01,2.588866098e+01,2.935017764e+01,3.091201882e+01,3.147531750e+01,3.023473239e+01,2.803095674e+01,2.803095501e+01,3.023471064e+01,3.147524501e+01,3.091189207e+01,2.935003466e+01,2.588855520e+01,1.956455039e+01,9.982005431e+00,3.786017085e+00,2.101242433e+01,3.815893142e+01,5.245130570e+01,6.237008369e+01,6.257215034e+01,4.626167411e+01,1.589642832e+01,1.936370874e+01,5.267337946e+01,7.896889202e+01,9.129856630e+01,8.493749490e+01,6.288835631e+01,3.256299181e+01,6.129964364e-01,2.735927089e+01,4.428213026e+01,4.252783428e+01,2.338791708e+01,1.355433120e+00,2.069518205e+01,2.812498991e+01,1.987788034e+01,1.362297578e+00,1.475495680e+01,1.011539446e+01
1.814623604e+01,2.646925237e+01,2.356110444e+01,9.158200887e+00,7.318705937e+00,1.913591316e+01,2.194084927e+01,1.324025364e+01,5.870247887e+00,2.537551313e+01,3.079078545e+01,2.020719999e+01,4.248281120e-01,2.633274439e+01,5.299608488e+01,7.467155413e+01,8.600635543e+01,8.402461364e+01,6.740877322e+01,3.672201671e+01,2.030581337e+00,3.610555424e+01,5.416070008e+01,5.674575640e+01,4.917512631e+01,3.484910081e+01,1.861442765e+01,5.733948796e+00,2.569901998e+00,7.940790490e+00,1.144706259e+01,1.354792949e+01,1.440635849e+01,1.355381062e+01,1.194052005e+01,1.194050997e+01,1.355376964e+01,1.440626643e+01,1.354778981e+01,1.144692022e+01,7.940707844e+00,2.569921586e+00,5.733820171e+00,1.861421760e+01,3.484887029e+01,4.917495930e+01,5.674572995e+01,5.416084690e+01,3.610582121e+01,2.030836702e+00,3.672188568e+01,6.740881800e+01,8.402484418e+01,8.600675118e+01,7.467206096e+01,5.299661384e+01,2.633318789e+01,4.250851526e-01,2.020720773e+01,3.079109066e+01,2.537602732e+01,5.870731164e+00,1.323999773e+01,2.194087682e+01,1.913619657e+01,7.319161940e+00,9.157709433e+00,2.356073164e+01,2.646905101e+01,1.814609799e+01
1.490498875e+01,2.174136322e+01,2.497400960e+01,1.583200288e+01,1.524102490e+00,2.169110935e+01,3.916290811e+01,4.822316998e+01,4.219333915e+01,1.725275394e+01,1.476530380e+01,3.304038380e+01,3.292571545e+01,1.879259945e+01,5.043131785e+00,3.373161510e+01,6.143551886e+01,8.164780512e+01,8.787054639e+01,7.633888791e+01,4.887710179e+01,1.317739111e+01,1.823884838e+01,3.594077359e+01,3.979069248e+01,3.360049277e+01,2.352692294e+01,1.554299820e+01,1.098817496e+01,8.027471260e+00,5.562248815e+00,3.669831737e+00,2.609054380e+00,2.647876414e+00,3.279286783e+00,3.279310034e+00,2.647950504e+00,2.609184563e+00,3.670001425e+00,5.562407303e+00,8.027556012e+00,1.098814671e+01,1.554285796e+01,2.352671233e+01,3.360028588e+01,3.979057159e+01,3.594079440e+01,1.823900829e+01,1.317717482e+01,4.887694524e+01,7.633886703e+01,8.787068713e+01,8.164808648e+01,6.143587642e+01,3.373195848e+01,5.043370098e+00,1.879253647e+01,3.292586579e+01,3.304074186e+01,1.476577615e+01,1.725238131e+01,4.219324738e+01,4.822336215e+01,3.916328104e+01,2.169155255e+01,1.524526195e+00,1.583166700e+01,2.497379461e+01,2.174123272e+01,1.490489929e+01
6.889582287e+00,1.004958229e+01,1.326884542e+01,7.472457126e+00,6.443172888e+00,2.565636338e+01,4.660237713e+01,6.469525813e+01,7.263301254e+01,5.993592321e+01,2.127817633e+01,2.520191598e+01,5.320846053e+01,5.687556842e+01,4.129383046e+01,1.280890592e+01,2.163713446e+01,5.403283066e+01,7.633071042e+01,8.373587860e+01,7.663999516e+01,5.808145629e+01,3.193467513e+01,6.889120206e+00,8.297416715e+00,1.306368731e+01,1.265465976e+01,1.208201041e+01,1.216483598e+01,1.151965834e+01,1.002596068e+01,8.854775061e+00,8.713546977e+00,9.344999525e+00,1.000475065e+01,1.000478698e+01,9.345106443e+00,8.713713869e+00,8.854971770e+00,1.002613580e+01,1.151975894e+01,1.216483264e+01,1.208190820e+01,1.265449856e+01,1.306353193e+01,8.297327510e+00,6.889119008e+00,3.193460197e+01,5.808135831e+01,7.663992969e+01,8.373589850e+01,7.633084096e+01,5.403304166e+01,2.163733791e+01,1.280882268e+01,4.129395779e+01,5.687593845e+01,5.320902333e+01,2.520251363e+01,2.127778923e+01,5.993594594e+01,7.263344778e+01,6.469593476e+01,4.660309257e+01,2.565696271e+01,6.443576377e+00,7.472252348e+00,1.326877518e+01,1.004954074e+01,6.889553806e+00
9.958319827e-02,1.452583776e-01,1.724457757e+00,1.098866852e+00,9.120660311e+00,2.198855033e+01,3.874605289e+01,5.711619192e+01,7.177377782e+01,7.341509764e+01,5.053052679e+01,2.181470260e+00,4.686834062e+01,7.119307852e+01,6.811079600e+01,4.558816437e+01,1.275629935e+01,2.131827927e+01,4.881979677e+01,6.567892511e+01,7.251724862e+01,7.197480928e+01,6.465449692e+01,5.059105767e+01,3.485879144e+01,2.256871604e+01,1.380903198e+01,7.535196150e+00,4.317328544e+00,4.459792786e+00,6.019132806e+00,6.029626157e+00,3.327732882e+00,5.510299469e-01,3.183035289e+00,3.183078243e+00,5.511520927e-01,3.327555086e+00,6.029433363e+00,6.018971622e+00,4.459698792e+00,4.317316193e+00,7.535260069e+00,1.380914983e+01,2.256885233e+01,3.485891107e+01,5.059113570e+01,6.465451629e+01,7.197477282e+01,7.251719163e+01,6.567890176e+01,4.881983905e+01,2.131835611e+01,1.275628577e+01,4.558833727e+01,6.811124234e+01,7.119378854e+01,4.686914843e+01,2.180872206e+00,5.053041192e+01,7.341553200e+01,7.177460437e+01,5.711717357e+01,3.874695848e+01,2.198921111e+01,9.121008874e+00,1.098947632e+00,1.724511221e+00,1.452897341e-01,9.960469501e-02
1.798895970e-01,2.623983911e-01,1.550446219e+00,2.519377301e+00,1.006592840e+00,4.387651081e+00,1.468394225e+01,2.949982635e+01,4.577707854e+01,5.727472237e+01,5.454577171e+01,2.782099665e+01,1.726552925e+01,5.391974959e+01,6.455361772e+01,5.242746528e+01,2.793839727e+01,8.871028509e-01,2.206991937e+01,3.861404425e+01,5.013474916e+01,5.907173819e+01,6.561510443e+01,6.696925782e+01,6.132692189e+01,5.080375436e+01,3.936116147e+01,3.110160578e+01,2.881951531e+01,3.179218366e+01,3.551907861e+01,3.479541686e+01,2.796191695e+01,1.843423784e+01,1.183573310e+01,1.183568992e+01,1.843411734e+01,2.796175178e+01,3.479525615e+01,3.551896187e+01,3.179212352e+01,2.881950397e+01,3.110163325e+01,3.936122422e+01,5.080384902e+01,6.132703404e+01,6.696935437e+01,6.561514107e+01,5.907168967e+01,5.013463649e+01,3.861392375e+01,2.206983352e+01,8.871749341e-01,2.793854783e+01,5.242781353e+01,6.455423508e+01,5.392057272e+01,1.726630203e+01,2.782060950e+01,5.454594246e+01,5.727536444e+01,4.577799349e+01,2.950080041e+01,1.468477269e+01,4.388189589e+00,1.006393314e+00,2.519438643e+00,1.550587123e+00,2.623585611e-01,1.798622912e-01
5.877206011e+00,8.572865953e+00,1.497004119e+01,2.072862831e+01,2.403375920e+01,2.343180248e+01,1.743918878e+01,5.660987238e+00,1.053987908e+01,2.802726751e+01,4.117115469e+01,4.043129605e+01,1.822168528e+01,1.395798151e+01,3.332207688e+01,3.334169310e+01,2.189630697e+01,8.218001235e+00,2.837021242e+00,1.128611429e+01,2.005897030e+01,3.177398414e+01,4.570187168e+01,5.728046416e+01,6.141303163e+01,5.704671162e+01,4.858370763e+01,4.303881158e+01,4.509074745e+01,5.339367827e+01,6.117739423e+01,6.106896849e+01,5.074252685e+01,3.525869871e+01,2.396965751e+01,2.396961778e+01,3.525858941e+01,5.074238742e+01,6.106885779e+01,6.117734645e+01,5.339367954e+01,4.509076000e+01,4.303881378e+01,4.858371077e+01,5.704674372e+01,6.141310415e+01,5.728054677e+01,4.570189953e+01,3.177390274e+01,2.005878012e+01,1.128587089e+01,2.836786267e+00,8.218219296e+00,2.189657135e+01,3.334209634e+01,3.332265561e+01,1.395862701e+01,1.822123040e+01,4.043126048e+01,4.117153085e+01,2.802789637e+01,1.054060150e+01,5.660310518e+00,1.743868608e+01,2.343156871e+01,2.403381144e+01,2.072886976e+01,1.497027533e+01,8.572946539e+00,5.877261257e+00
8.424369711e+00,1.228832070e+01,2.534403395e+01,4.027600163e+01,4.821254766e+01,4.856296962e+01,4.284868419e+01,3.187470981e+01,1.638132764e+01,2.853438657e+00,2.399987971e+01,4.146660705e+01,4.498903175e+01,3.017738224e+01,1.118222487e+01,1.100426559e+00,2.136261062e+00,4.982722549e+00,9.851114305e+00,1.436326979e+01,1.365923105e+01,4.106978877e+00,1.302944080e+01,3.110767252e+01,4.234353001e+01,4.369405578e+01,3.929748444e+01,3.734925814e+01,4.368885640e+01,5.688744655e+01,6.887631367e+01,7.081159828e+01,5.957751179e+01,4.076207679e+01,2.628619609e+01,2.628616440e+01,4.076199078e+01,5.957741568e+01,7.081156382e+01,6.887637307e+01,5.688755843e+01,4.368895040e+01,3.734929863e+01,3.929749366e+01,4.369408614e+01,4.234361297e+01,3.110778262e+01,1.302950127e+01,4.107049682e+00,1.365946232e+01,1.436361572e+01,9.851490339e+00,4.983070693e+00,2.136584460e+00,1.100092716e+00,1.118188790e+01,3.017715046e+01,4.498907226e+01,4.146695225e+01,2.400037979e+01,2.853932789e+00,1.638093512e+01,3.187446615e+01,4.284862394e+01,4.856312344e+01,4.821291662e+01,4.027651247e+01,2.534451153e+01,1.228862531e+01,8.424578542e+00
5.178145607e+00,7.553172051e+00,1.959701412e+01,3.938620442e+01,5.585066632e+01,5.791158249e+01,5.016710113e+01,3.878320972e+01,2.554290061e+01,9.711051863e+00,1.008119709e+01,3.305955005e+01,5.350476262e+01,6.114476955e+01,5.284166429e+01,3.836257059e+01,2.200986690e+01,2.563138767e+00,1.906029874e+01,3.822572202e+01,4.821498349e+01,4.411416014e+01,2.698170028e+01,4.889362575e+00,1.162939468e+01,1.738448844e+01,1.589690463e+01,1.568447441e+01,2.335660368e+01,3.820965970e+01,5.238779413e+01,5.692014390e+01,4.818727423e+01,3.068716630e+01,1.623585809e+01,1.623583534e+01,3.068710471e+01,4.818722542e+01,5.692020068e+01,5.238798916e+01,3.820992388e+01,2.335683662e+01,1.568462869e+01,1.589700829e+01,1.738460401e+01,1.162955959e+01,4.889168588e+00,2.698155113e+01,4.411415232e+01,4.821518065e+01,3.822610520e+01,1.906076860e+01,2.562704616e+00,2.200955800e+01,3.836243127e+01,5.284171466e+01,6.114504749e+01,5.350527948e+01,3.306017231e+01,1.008174111e+01,9.710715110e+00,2.554281031e+01,3.878333566e+01,5.016739916e+01,5.791204210e+01,5.585131470e+01,3.938700957e+01,1.959780158e+01,7.553764165e+00,5.178551537e+00
3.780417295e-01,5.514356764e-01,8.213078277e+00,2.340711274e+01,4.073744189e+01,4.797646875e+01,3.989102529e+01,2.843686077e+01,1.930405792e+01,1.097190807e+01,7.390713139e-02,1.643972629e+01,3.773428601e+01,5.936059736e+01,7.388245300e+01,7.201806540e+01,5.044191504e+01,1.595109735e+01,2.434602531e+01,5.947805681e+01,7.815420363e+01,7.834043152e+01,6.372596070e+01,4.044568623e+01,1.997834514e+01,1.091800850e+01,1.126513307e+01,1.270572979e+01,8.068918688e+00,3.483785460e+00,1.585051542e+01,2.156292528e+01,1.770916555e+01,6.727121134e+00,3.665944940e+00,3.665967031e+00,6.727059930e+00,1.770914271e+01,2.156306427e+01,1.585084211e+01,3.484201351e+00,8.068539444e+00,1.270544116e+01,1.126490267e+01,1.091777535e+01,1.997807781e+01,4.044539296e+01,6.372567878e+01,7.834023884e+01,7.815424047e+01,5.947839361e+01,2.434648291e+01,1.595074768e+01,5.044180271e+01,7.201819459e+01,7.388280550e+01,5.936121561e+01,3.773503630e+01,1.644042805e+01,7.440779142e-02,1.097170023e+01,1.930414255e+01,2.843715516e+01,3.989143297e+01,4.797697313e+01,4.073817024e+01,2.340809287e+01,8.214103022e+00,5.522482971e-01,3.785988290e-01
2.975430387e+00,4.340151735e+00,2.920553408e-01,9.796070633e+00,2.207923738e+01,2.952531965e+01,2.357992393e+01,1.236334455e+01,7.402086197e+00,7.042303125e+00,6.832588261e+00,3.542577015e+00,3.735907081e+00,1.163759814e+01,1.815374159e+01,2.546321681e+01,3.314016654e+01,3.891385766e+01,9.687742522e+00,2.455612317e+01,3.597848907e+01,4.009574185e+01,4.131926232e+01,3.872822427e+01,2.954138068e+01,2.250688545e+01,2.485714613e+01,3.107956857e+01,3.432383415e+01,3.143365247e+01,2.525677527e+01,2.115247453e+01,1.991944844e+01,1.470914614e+01,3.204544878e+00,3.204573404e+00,1.470919506e+01,1.991942804e+01,2.115227026e+01,2.525636132e+01,3.143314216e+01,3.432338725e+01,3.107924420e+01,2.485689898e+01,2.250666622e+01,2.954120698e+01,3.872816000e+01,4.131913532e+01,4.009536117e+01,3.597781565e+01,2.455524588e+01,9.688431135e+00,3.891383217e+01,3.314011632e+01,2.546334186e+01,1.815406748e+01,1.163812533e+01,3.736568669e+00,3.541981884e+00,6.832199137e+00,7.042180770e+00,7.402206333e+00,1.236358744e+01,2.358015928e+01,2.952563515e+01,2.207990634e+01,9.797067937e+00,2.909845914e-01,4.339294912e+00,2.974842984e+00
3.535488324e+00,5.157087810e+00,3.071322369e+00,3.561138871e+00,1.192369924e+01,1.720045978e+01,1.346680741e+01,2.727911068e+00,8.268210710e-01,2.573237726e+00,8.425712784e+00,1.449944997e+01,1.629321091e+01,1.147883612e+01,5.508594016e+00,9.434055015e-01,8.020411027e+00,1.562990828e+01,2.054266470e+01,1.594877236e+01,8.485938283e+00,3.185849276e+00,4.630929849e-01,5.004959160e-01,3.059066334e+00,3.436521703e+00,4.415113782e+00,1.628475343e+01,2.853778208e+01,3.967866955e+01,3.460074169e+01,2.346073846e+01,1.006394179e+01,4.893653998e+00,1.520340715e+01,1.520338306e+01,4.893584513e+00,1.006402997e+01,2.346079245e+01,3.460075865e+01,3.967875002e+01,2.853779059e+01,1.628483245e+01,4.415275475e+00,3.436251901e+00,3.058740501e+00,5.002192641e-01,4.629811615e-01,3.185981356e+00,8.486315773e+00,1.594929876e+01,2.054310208e+01,1.563014535e+01,8.020579366e+00,9.435990011e-01,5.508346903e+00,1.147852035e+01,1.629278357e+01,1.449903913e+01,8.425452076e+00,2.573155635e+00,8.267613890e-01,2.727966259e+00,1.346677521e+01,1.720059737e+01,1.192420409e+01,3.561937695e+00,3.070458591e+00,5.156398219e+00,3.535015568e+00
2.423786087e+00,3.535488324e+00,2.105572907e+00,2.441371053e+00,8.174400161e+00,1.179193121e+01,9.232291962e+00,1.870144175e+00,5.668346845e-01,1.764106463e+00,5.776323821e+00,9.940229440e+00,1.116995852e+01,7.869420219e+00,3.776466591e+00,6.467601983e-01,5.498465525e+00,1.071522538e+01,1.408321011e+01,1.093382555e+01,5.817611958e+00,2.184087867e+00,3.174775961e-01,3.431195147e-01,2.097170671e+00,2.355938623e+00,3.026821299e+00,1.116416042e+01,1.956433535e+01,2.720207180e+01,2.372085230e+01,1.608372204e+01,6.899426575e+00,3.354888884e+00,1.042283367e+01,1.042281715e+01,3.354841248e+00,6.899487025e+00,1.608375906e+01,2.372086392e+01,2.720212697e+01,1.956434118e+01,1.116421459e+01,3.026932149e+00,2.355753658e+00,2.096947293e+00,3.429298536e-01,3.174009345e-01,2.184178416e+00,5.817870749e+00,1.093418642e+01,1.408350996e+01,1.071538791e+01,5.498580932e+00,6.468928537e-01,3.776297180e+00,7.869203735e+00,1.116966555e+01,9.939947785e+00,5.776145090e+00,1.764050184e+00,5.667937690e-01,1.870182011e+00,9.232269889e+00,1.179202554e+01,8.174746267e+00,2.441918694e+00,2.104980736e+00,3.535015568e+00,2.423461985e+00
