1.148394437e+01,1.675121061e+01,2.563649418e+01,3.049199222e+01,2.278758573e+01,9.157468549e+00,-4.826983414e+00,-1.177843481e+01,-7.726466427e+00,-5.207292051e-03,3.775227718e+00,3.193956170e+00,4.618742799e+00,1.157250525e+01,1.888422889e+01,2.146331746e+01,1.735148925e+01,7.046395792e+00,-2.971318083e+00,-2.906084892e+00,1.303681339e+00,2.072148060e+00,-1.970215269e+00,-9.176889665e+00,-1.673450854e+01,-1.991887079e+01,-1.623514160e+01,-1.130924544e+01,-7.836704805e+00,-4.762864832e+00,-1.076074393e+00,2.163439026e+00,3.020774926e+00,1.020673303e+00,-1.529093903e+00,-1.529109268e+00,1.020635679e+00,3.020744271e+00,2.163449667e+00,-1.076015639e+00,-4.762798072e+00,-7.836687475e+00,-1.130930353e+01,-1.623527311e+01,-1.991906749e+01,-1.673472180e+01,-9.177090784e+00,-1.970377946e+00,2.072053633e+00,1.303662686e+00,-2.906060704e+00,-2.971355284e+00,7.046251530e+00,1.735129732e+01,2.146312132e+01,1.888406048e+01,1.157238756e+01,4.618678298e+00,3.193894706e+00,3.775107398e+00,-5.397786250e-03,-7.726685353e+00,-1.177860494e+01,-4.827124290e+00,9.157230361e+00,2.278720354e+01,3.049151375e+01,2.563602875e+01,1.675085905e+01,1.148370335e+01
1.675121061e+01,2.443437968e+01,3.739501861e+01,4.447755642e+01,3.323941980e+01,1.335766522e+01,-7.040944573e+00,-1.718077307e+01,-1.127031464e+01,-7.595686904e-03,5.506786917e+00,4.658907320e+00,6.737191587e+00,1.688039113e+01,2.754573561e+01,3.130775800e+01,2.530998422e+01,1.027832042e+01,-4.334153267e+00,-4.238999991e+00,1.901632398e+00,3.022566765e+00,-2.873881121e+00,-1.338599410e+01,-2.441001698e+01,-2.905493000e+01,-2.368160864e+01,-1.649638365e+01,-1.143111534e+01,-6.947417137e+00,-1.569630452e+00,3.155729565e+00,4.406294158e+00,1.488818904e+00,-2.230433480e+00,-2.230455894e+00,1.488764022e+00,4.406249443e+00,3.155745087e+00,-1.569544750e+00,-6.947319756e+00,-1.143109007e+01,-1.649646839e+01,-2.368180047e+01,-2.905521691e+01,-2.441032805e+01,-1.338628746e+01,-2.874118412e+00,3.022429026e+00,1.901605191e+00,-4.238964709e+00,-4.334207530e+00,1.027810999e+01,2.530970427e+01,3.130747190e+01,2.754548996e+01,1.688021947e+01,6.737097502e+00,4.658817665e+00,5.506611411e+00,-7.873553841e-03,-1.127063398e+01,-1.718102123e+01,-7.041150064e+00,1.335731779e+01,3.323886232e+01,4.447685850e+01,3.739433969e+01,2.443386687e+01,1.675085905e+01
2.540812965e+01,3.706191159e+01,5.691027992e+01,6.226307654e+01,4.612901612e+01,2.316777006e+01,6.227172421e+00,7.424964720e+00,2.563292947e+01,4.695609006e+01,5.691496785e+01,5.030084725e+01,3.785159023e+01,3.565190457e+01,4.041132535e+01,3.704803971e+01,1.666896295e+01,-1.742756762e+01,-2.181396254e+01,-4.793290986e+00,6.452146882e+00,6.066794223e+00,-5.403061426e+00,-2.197739955e+01,-3.464365538e+01,-3.617788263e+01,-2.966201532e+01,-2.294328543e+01,-1.938789409e+01,-1.786806606e+01,-1.637930675e+01,-1.550951592e+01,-1.782581161e+01,-2.377504560e+01,-2.923461439e+01,-2.923466023e+01,-2.377515442e+01,-1.782590710e+01,-1.550953055e+01,-1.637924771e+01,-1.786802293e+01,-1.938795841e+01,-2.294348135e+01,-2.966230951e+01,-3.617822760e+01,-3.464400404e+01,-2.197769364e+01,-5.403241065e+00,6.066772313e+00,6.452285446e+00,-4.793023982e+00,-2.181361840e+01,-1.742782420e+01,1.666858019e+01,3.704767432e+01,4.041103530e+01,3.565175064e+01,3.785157196e+01,5.030082693e+01,5.691483366e+01,4.695582000e+01,2.563257871e+01,7.424620781e+00,6.226835611e+00,2.316730077e+01,4.612832642e+01,6.226223420e+01,5.690945272e+01,3.706128360e+01,2.540769912e+01
3.310917804e+01,4.829514988e+01,6.603252856e+01,6.340196712e+01,4.806080989e+01,3.130031238e+01,2.588149101e+01,3.813172279e+01,6.332484628e+01,8.776511076e+01,9.501938233e+01,7.475531692e+01,3.629912375e+01,-1.825751503e-01,-2.422150024e+01,-3.211699624e+01,-2.692477956e+01,-1.759766811e+01,-6.643584936e+00,4.162588448e+00,9.389846332e+00,3.502847008e+00,-1.286787995e+01,-3.176781602e+01,-4.323860134e+01,-4.319463104e+01,-3.588619145e+01,-2.815245461e+01,-2.402709248e+01,-2.367541750e+01,-2.539860234e+01,-2.815225844e+01,-3.159355849e+01,-3.416007618e+01,-3.457854165e+01,-3.457854010e+01,-3.416009802e+01,-3.159359826e+01,-2.815226248e+01,-2.539857733e+01,-2.367544352e+01,-2.402724518e+01,-2.815274667e+01,-3.588657566e+01,-4.319503440e+01,-4.323895460e+01,-3.176806101e+01,-1.286797561e+01,3.502902960e+00,9.390009119e+00,4.162793330e+00,-6.643383374e+00,-1.759748435e+01,-2.692462506e+01,-3.211691873e+01,-2.422148544e+01,-1.824802009e-01,3.629927929e+01,7.475544397e+01,9.501940433e+01,8.776499817e+01,6.332462522e+01,3.813144574e+01,2.588116284e+01,3.129985555e+01,4.806015973e+01,6.340118049e+01,6.603176429e+01,4.829456318e+01,3.310877582e+01
2.931111904e+01,4.275505981e+01,5.425788477e+01,5.061427177e+01,3.778102595e+01,2.655884471e+01,2.488335318e+01,3.545770658e+01,5.382746754e+01,6.806846071e+01,6.424703103e+01,3.789319035e+01,1.736941311e+00,-2.181948270e+01,-2.179204542e+01,-8.375414224e+00,6.571036830e+00,1.716757224e+01,2.224209375e+01,2.247005031e+01,1.685197620e+01,3.266311825e+00,-1.695227048e+01,-3.678438140e+01,-4.783767646e+01,-4.687728189e+01,-3.741171268e+01,-2.591961010e+01,-1.748162829e+01,-1.395811264e+01,-1.461295282e+01,-1.734116362e+01,-1.943413958e+01,-1.901250647e+01,-1.733952413e+01,-1.733948824e+01,-1.901243186e+01,-1.943406911e+01,-1.734109980e+01,-1.461291274e+01,-1.395815566e+01,-1.748180857e+01,-2.591993239e+01,-3.741213039e+01,-4.687772135e+01,-4.783806524e+01,-3.678466829e+01,-1.695243938e+01,3.266234170e+00,1.685193801e+01,2.247001694e+01,2.224207286e+01,1.716759189e+01,6.571101987e+00,-8.375339833e+00,-2.179200276e+01,-2.181942825e+01,1.737099151e+00,3.789342626e+01,6.424725422e+01,6.806860021e+01,5.382749936e+01,3.545763399e+01,2.488316525e+01,2.655850396e+01,3.778051441e+01,5.061365640e+01,5.425730743e+01,4.275463823e+01,2.931083002e+01
1.743186136e+01,2.542722009e+01,3.412152507e+01,3.303468757e+01,2.326740119e+01,1.148429311e+01,3.334668149e+00,2.861472552e+00,9.617596830e+00,1.632553377e+01,1.274776588e+01,-3.096172471e+00,-1.661503790e+01,-9.697247543e+00,1.487437881e+01,4.168211508e+01,5.987006640e+01,6.580368903e+01,6.123590990e+01,4.975718208e+01,3.345545314e+01,1.258746729e+01,-1.138777744e+01,-3.307321685e+01,-4.517143860e+01,-4.396659811e+01,-3.199862720e+01,-1.571181218e+01,-1.479596548e+00,6.730630684e+00,8.046517734e+00,4.789797245e+00,1.168009489e+00,-6.647581357e-02,3.256556544e-01,3.257110682e-01,-6.634154463e-02,1.168163518e+00,4.789930414e+00,8.046595155e+00,6.730607865e+00,-1.479752348e+00,-1.571209943e+01,-3.199901060e+01,-4.396702392e+01,-4.517185365e+01,-3.307358687e+01,-1.138809797e+01,1.258717676e+01,3.345517307e+01,4.975691726e+01,6.123568700e+01,6.580352581e+01,5.986994486e+01,4.168198609e+01,1.487420236e+01,-9.697431806e+00,-1.661507932e+01,-3.095985180e+00,1.274809971e+01,1.632589493e+01,9.617899495e+00,2.861658678e+00,3.334688046e+00,1.148411226e+01,2.326703454e+01,3.303423200e+01,3.412113527e+01,2.542698436e+01,1.743169975e+01
4.523510302e+00,6.598279418e+00,1.655736891e+01,2.214350225e+01,1.343116569e+01,-5.533090022e+00,-2.733885660e+01,-4.363772686e+01,-4.915200317e+01,-4.592683735e+01,-4.086357805e+01,-3.428084638e+01,-1.450458535e+01,2.373543198e+01,6.807089423e+01,1.025629553e+02,1.180431508e+02,1.145760578e+02,9.846928970e+01,7.648714994e+01,5.221248311e+01,2.608623686e+01,-1.502396318e+00,-2.632410668e+01,-4.085144381e+01,-4.039916945e+01,-2.693062387e+01,-7.147141435e+00,1.116004550e+01,2.182875992e+01,2.243215499e+01,1.561919955e+01,7.191931217e+00,1.375015672e+00,-1.168312596e+00,-1.168248165e+00,1.375180742e+00,7.192134002e+00,1.561937876e+01,2.243226511e+01,2.182877185e+01,1.115994939e+01,-7.147336903e+00,-2.693089941e+01,-4.039950264e+01,-4.085181292e+01,-2.632449625e+01,-1.502801173e+00,2.608582076e+01,5.221207263e+01,7.648677449e+01,9.846897253e+01,1.145757939e+02,1.180429028e+02,1.025626724e+02,6.807054302e+01,2.373504013e+01,-1.450487847e+01,-3.428085688e+01,-4.086329256e+01,-4.592638662e+01,-4.915152402e+01,-4.363733215e+01,-2.733863930e+01,-5.533105918e+00,1.343093049e+01,2.214315126e+01,1.655707170e+01,6.598147848e+00,4.523420103e+00
-2.729267923e+00,-3.981083530e+00,1.391389539e+01,2.751667753e+01,1.630141412e+01,-1.407199214e+01,-5.227961187e+01,-8.487518097e+01,-1.008262216e+02,-9.724594949e+01,-7.751556077e+01,-4.165723505e+01,1.134200850e+01,7.195956403e+01,1.244627971e+02,1.553994877e+02,1.593633743e+02,1.418096562e+02,1.139708065e+02,8.454024504e+01,5.615493038e+01,2.712677604e+01,-3.787249601e+00,-3.206433105e+01,-4.915675723e+01,-5.056192564e+01,-3.806354908e+01,-1.801054443e+01,9.029739177e-01,1.092117946e+01,8.916292687e+00,-1.806861786e+00,-1.443108240e+01,-2.392319557e+01,-2.869769414e+01,-2.869762602e+01,-2.392301705e+01,-1.443085813e+01,-1.806662274e+00,8.916422767e+00,1.092123098e+01,9.029612185e-01,-1.801060418e+01,-3.806365127e+01,-5.056207877e+01,-4.915697179e+01,-3.206461045e+01,-3.787584619e+00,2.712641192e+01,5.615457678e+01,8.453993777e+01,1.139705560e+02,1.418094382e+02,1.593631427e+02,1.553991968e+02,1.244624192e+02,7.195910875e+01,1.134156223e+01,-4.165748674e+01,-7.751547379e+01,-9.724558320e+01,-1.008257291e+02,-8.487470691e+01,-5.227927612e+01,-1.407187205e+01,1.630131084e+01,2.751642556e+01,1.391363063e+01,-3.981230523e+00,-2.729368695e+00
-2.059853551e-01,-3.004633212e-01,2.900019765e+01,4.948346075e+01,3.336231230e+01,-8.291650624e+00,-6.019047531e+01,-1.048416760e+02,-1.266840207e+02,-1.181966532e+02,-7.879360243e+01,-1.369814377e+01,6.043456155e+01,1.250968946e+02,1.674390608e+02,1.795864445e+02,1.623570751e+02,1.272771202e+02,8.913121354e+01,5.626934000e+01,2.819923298e+01,2.349927990e-01,-2.911923263e+01,-5.448321832e+01,-7.063816416e+01,-7.567763267e+01,-6.866802224e+01,-5.279252966e+01,-3.630059594e+01,-2.779528390e+01,-3.080641761e+01,-4.216216949e+01,-5.534133328e+01,-6.532027287e+01,-7.031251267e+01,-7.031244369e+01,-6.532009376e+01,-5.534111379e+01,-4.216198123e+01,-3.080629269e+01,-2.779520739e+01,-3.630053226e+01,-5.279245668e+01,-6.866794907e+01,-7.567758970e+01,-7.063817763e+01,-5.448329863e+01,-2.911937182e+01,2.348289751e-01,2.819908874e+01,5.626924290e+01,8.913115965e+01,1.272770770e+02,1.623570005e+02,1.795863033e+02,1.674388272e+02,1.250965572e+02,6.043414789e+01,-1.369852668e+01,-7.879377246e+01,-1.181965231e+02,-1.266836870e+02,-1.048412799e+02,-6.019013555e+01,-8.291449868e+00,3.336234272e+01,4.948334934e+01,2.900001966e+01,-3.006087584e-01,-2.060850609e-01
6.750660964e+00,9.846942822e+00,5.084860827e+01,7.694315441e+01,5.555683316e+01,7.426079241e+00,-5.005066873e+01,-9.772175027e+01,-1.170962854e+02,-9.603827997e+01,-3.404074175e+01,4.769392425e+01,1.178418217e+02,1.613176034e+02,1.745137309e+02,1.568662021e+02,1.151583789e+02,6.476354636e+01,2.142514649e+01,-8.251878228e+00,-2.767671461e+01,-4.279643514e+01,-5.567003335e+01,-6.797968108e+01,-8.248807224e+01,-9.572497714e+01,-1.001316423e+02,-9.365729149e+01,-8.299845716e+01,-7.713063700e+01,-8.019686148e+01,-9.003462239e+01,-1.012518925e+02,-1.093178801e+02,-1.129367504e+02,-1.129366853e+02,-1.093177168e+02,-1.012517068e+02,-9.003448087e+01,-8.019677781e+01,-7.713057410e+01,-8.299836632e+01,-9.365715304e+01,-1.001314793e+02,-9.572483248e+01,-8.248797214e+01,-6.797962335e+01,-5.566999632e+01,-4.279638461e+01,-2.767662159e+01,-8.251738015e+00,2.142531408e+01,6.476371036e+01,1.151585131e+02,1.568662864e+02,1.745137394e+02,1.613175034e+02,1.178415940e+02,4.769359656e+01,-3.404106237e+01,-9.603843521e+01,-1.170962276e+02,-9.772155368e+01,-5.005042015e+01,7.426308933e+00,5.555699338e+01,7.694322116e+01,5.084858605e+01,9.846887390e+00,6.750622962e+00
1.037738044e+01,1.513710618e+01,6.415131284e+01,9.262836154e+01,6.692838315e+01,2.069223906e+01,-3.003549687e+01,-6.724359137e+01,-7.165631472e+01,-3.099825270e+01,4.351308983e+01,1.121794492e+02,1.479039020e+02,1.536052447e+02,1.329056856e+02,8.865255000e+01,3.066369121e+01,-2.470531059e+01,-6.262876350e+01,-7.817348601e+01,-7.657184542e+01,-6.654912569e+01,-5.767610592e+01,-6.034548862e+01,-7.783287348e+01,-1.020637862e+02,-1.201672620e+02,-1.258968210e+02,-1.240092096e+02,-1.230073835e+02,-1.272307587e+02,-1.356616045e+02,-1.443602307e+02,-1.496455108e+02,-1.512370959e+02,-1.512370402e+02,-1.496453783e+02,-1.443600987e+02,-1.356615309e+02,-1.272307404e+02,-1.230073696e+02,-1.240091473e+02,-1.258966948e+02,-1.201670988e+02,-1.020636269e+02,-7.783274124e+01,-6.034538193e+01,-5.767600013e+01,-6.654897878e+01,-7.657163217e+01,-7.817322267e+01,-6.262848542e+01,-2.470504063e+01,3.066395241e+01,8.865280434e+01,1.329059096e+02,1.536053851e+02,1.479039016e+02,1.121792855e+02,4.351280204e+01,-3.099855419e+01,-7.165649903e+01,-6.724360653e+01,-3.003535990e+01,2.069248230e+01,6.692866813e+01,9.262861362e+01,6.415146180e+01,1.513716466e+01,1.037742053e+01
8.193535313e+00,1.195161099e+01,5.957878531e+01,8.252474661e+01,5.563869429e+01,2.143082686e+01,-8.628075426e+00,-2.122136110e+01,-1.930898063e+00,5.214286038e+01,1.130023020e+02,1.405250499e+02,1.347250808e+02,1.073992200e+02,6.194285103e+01,3.603829106e+00,-5.579788239e+01,-1.014003587e+02,-1.219728916e+02,-1.156177288e+02,-9.065275064e+01,-6.096305247e+01,-4.152473277e+01,-4.322495866e+01,-6.634363068e+01,-1.000718887e+02,-1.293605535e+02,-1.460038689e+02,-1.531294570e+02,-1.579251220e+02,-1.641739578e+02,-1.718374177e+02,-1.786244234e+02,-1.817686174e+02,-1.817903347e+02,-1.817902920e+02,-1.817685239e+02,-1.786243523e+02,-1.718374150e+02,-1.641740095e+02,-1.579251742e+02,-1.531294595e+02,-1.460038061e+02,-1.293604418e+02,-1.000717520e+02,-6.634348656e+01,-4.322481784e+01,-4.152459090e+01,-6.096288479e+01,-9.065254208e+01,-1.156175021e+02,-1.219726803e+02,-1.014001635e+02,-5.579766610e+01,3.604101803e+00,6.194316709e+01,1.073995099e+02,1.347252554e+02,1.405250510e+02,1.130021360e+02,5.214259788e+01,-1.931141815e+00,-2.122147437e+01,-8.628000116e+00,2.143108618e+01,5.563907612e+01,8.252514057e+01,5.957905245e+01,1.195173173e+01,8.193618088e+00
6.098980666e+00,8.896360551e+00,4.330241209e+01,4.833636827e+01,2.527273767e+01,1.292553705e+01,1.364439646e+01,3.116665939e+01,6.957036876e+01,1.194271949e+02,1.465241578e+02,1.335631199e+02,9.687263331e+01,4.763176489e+01,-9.491347660e+00,-6.641643894e+01,-1.116510170e+02,-1.361692112e+02,-1.354324515e+02,-1.109837022e+02,-7.299608811e+01,-3.740957610e+01,-1.913495773e+01,-2.567230833e+01,-5.429095949e+01,-9.357588346e+01,-1.289953166e+02,-1.523053572e+02,-1.654387982e+02,-1.738282612e+02,-1.804026651e+02,-1.864862548e+02,-1.921132684e+02,-1.951547461e+02,-1.953566128e+02,-1.953565856e+02,-1.951546976e+02,-1.921132619e+02,-1.864863208e+02,-1.804027833e+02,-1.738283849e+02,-1.654388850e+02,-1.523053876e+02,-1.289952871e+02,-9.357579287e+01,-5.429081509e+01,-2.567213192e+01,-1.913476880e+01,-3.740937936e+01,-7.299589706e+01,-1.109835556e+02,-1.354323780e+02,-1.361691872e+02,-1.116509675e+02,-6.641628476e+01,-9.491074054e+00,4.763208626e+01,9.687289347e+01,1.335632384e+02,1.465241204e+02,1.194270515e+02,6.957020534e+01,3.116657008e+01,1.364445260e+01,1.292576750e+01,2.527312031e+01,4.833679980e+01,4.330267583e+01,8.896437036e+00,6.099033101e+00
1.210295623e+01,1.765414062e+01,3.586233292e+01,6.843856713e+00,-5.373782510e+00,1.063990800e+01,4.204282354e+01,8.270468065e+01,1.268200855e+02,1.574801000e+02,1.493087515e+02,1.060133263e+02,4.896010971e+01,-9.776225584e+00,-6.348916178e+01,-1.038363309e+02,-1.249354450e+02,-1.268576182e+02,-1.105555224e+02,-7.836302169e+01,-3.955282648e+01,-9.030145993e+00,1.052507280e+00,-1.225837528e+01,-4.378781101e+01,-8.330136786e+01,-1.186854903e+02,-1.425937867e+02,-1.556687048e+02,-1.613377249e+02,-1.620625630e+02,-1.618894193e+02,-1.648928766e+02,-1.697040153e+02,-1.725424020e+02,-1.725423974e+02,-1.697040289e+02,-1.648929499e+02,-1.618895571e+02,-1.620627418e+02,-1.613379147e+02,-1.556688770e+02,-1.425939177e+02,-1.186855549e+02,-8.330134007e+01,-4.378768507e+01,-1.225817518e+01,1.052748443e+00,-9.029893231e+00,-3.955260637e+01,-7.836289252e+01,-1.105555126e+02,-1.268576947e+02,-1.249355240e+02,-1.038363129e+02,-6.348899525e+01,-9.775957199e+00,4.896037603e+01,1.060135066e+02,1.493088208e+02,1.574800870e+02,1.268200428e+02,8.270465837e+01,4.204285618e+01,1.064001587e+01,-5.373573947e+00,6.844191714e+00,3.586248177e+01,1.765417327e+01,1.210297861e+01
2.134984999e+01,3.114224714e+01,4.332978234e+01,-2.665474358e+01,-1.596947906e+01,2.455289491e+01,7.688317983e+01,1.278856727e+02,1.643171553e+02,1.684536468e+02,1.293551021e+02,6.404770839e+01,-2.927808575e+00,-5.782023074e+01,-9.409439820e+01,-1.088258833e+02,-1.059472354e+02,-9.235848097e+01,-7.034795279e+01,-4.055083405e+01,-9.577998944e+00,1.033989897e+01,1.071760150e+01,-7.078481854e+00,-3.659247532e+01,-7.022759717e+01,-9.918605792e+01,-1.168810773e+02,-1.219448427e+02,-1.156552996e+02,-1.009719496e+02,-8.582721681e+01,-7.919812882e+01,-8.193304241e+01,-8.664057070e+01,-8.664060310e+01,-8.193314775e+01,-7.919830324e+01,-8.582742915e+01,-1.009721749e+02,-1.156555319e+02,-1.219450754e+02,-1.168812877e+02,-9.918620595e+01,-7.022763930e+01,-3.659239268e+01,-7.078289286e+00,1.071787339e+01,1.034020929e+01,-9.577715525e+00,-4.055064840e+01,-7.034789328e+01,-9.235851803e+01,-1.059473048e+02,-1.088259079e+02,-9.409431648e+01,-5.782004692e+01,-2.927588328e+00,6.404790141e+01,1.293552440e+02,1.684537461e+02,1.643172275e+02,1.278857202e+02,7.688319221e+01,2.455286459e+01,-1.596953515e+01,-2.665463262e+01,4.332991917e+01,3.114233402e+01,2.134990955e+01
2.588274618e+01,3.775421741e+01,4.697698855e+01,-3.877091817e+01,-6.125329009e+00,4.810965223e+01,1.096208794e+02,1.592375188e+02,1.790743896e+02,1.554086448e+02,9.120181778e+01,1.252161172e+01,-5.344420212e+01,-9.299049885e+01,-1.044700647e+02,-9.493331716e+01,-7.649305699e+01,-5.787391879e+01,-3.957209546e+01,-1.910396653e+01,5.043458903e-01,1.031130369e+01,5.135918243e+00,-1.100720062e+01,-3.228829330e+01,-5.464132009e+01,-7.240831353e+01,-7.914300584e+01,-7.127902265e+01,-4.906397409e+01,-1.713885222e+01,1.490394200e+01,3.721745783e+01,4.613242483e+01,4.670941846e+01,4.670935323e+01,4.613224336e+01,3.721720725e+01,1.490368288e+01,-1.713909049e+01,-4.906420459e+01,-7.127926440e+01,-7.914324830e+01,-7.240851431e+01,-5.464142815e+01,-3.228827804e+01,-1.100705965e+01,5.136170340e+00,1.031162988e+01,5.046758629e-01,-1.910370418e+01,-3.957192883e+01,-5.787383292e+01,-7.649302264e+01,-9.493330138e+01,-1.044700278e+02,-9.299041388e+01,-5.344407519e+01,1.252176126e+01,9.120198023e+01,1.554088159e+02,1.790745536e+02,1.592376389e+02,1.096209121e+02,4.810957538e+01,-6.125498753e+00,-3.877114348e+01,4.697717448e+01,3.775435792e+01,2.588284251e+01
2.295860882e+01,3.348888494e+01,3.079057072e+01,-2.894501801e+01,1.046417529e+01,6.892788084e+01,1.297808818e+02,1.702389985e+02,1.707308506e+02,1.232581461e+02,4.192858592e+01,-4.049762218e+01,-9.583890842e+01,-1.143459142e+02,-1.030659841e+02,-7.807916945e+01,-5.503588536e+01,-4.111299816e+01,-3.337359038e+01,-2.527250083e+01,-1.577469652e+01,-1.062860727e+01,-1.317008841e+01,-1.978288931e+01,-2.762048183e+01,-3.629932056e+01,-4.237908107e+01,-3.911828194e+01,-2.154707667e+01,9.826467797e+00,4.945661005e+01,8.963384344e+01,1.229720681e+02,1.441112169e+02,1.527932802e+02,1.527932042e+02,1.441110144e+02,1.229718066e+02,8.963359663e+01,4.945641012e+01,9.826292911e+00,-2.154726426e+01,-3.911848953e+01,-4.237927619e+01,-3.629945510e+01,-2.762052025e+01,-1.978281578e+01,-1.316990027e+01,-1.062832702e+01,-1.577438168e+01,-2.527220923e+01,-3.337334753e+01,-4.111281018e+01,-5.503576423e+01,-7.807912864e+01,-1.030660137e+02,-1.143459733e+02,-9.583894536e+01,-4.049759671e+01,4.192869251e+01,1.232583270e+02,1.707310695e+02,1.702391912e+02,1.297809817e+02,6.892785722e+01,1.046404911e+01,-2.894519537e+01,3.079071415e+01,3.348900223e+01,2.295868923e+01
1.303271784e+01,1.901034995e+01,-3.728928931e+00,-1.551627982e+01,2.447552829e+01,7.948873778e+01,1.331780070e+02,1.619475002e+02,1.462143905e+02,8.256095139e+01,-6.904095443e+00,-8.438786758e+01,-1.235821231e+02,-1.223342870e+02,-9.612814099e+01,-6.604278138e+01,-4.782427297e+01,-4.559242064e+01,-5.218810990e+01,-5.655191106e+01,-5.360353243e+01,-4.649221000e+01,-3.864641699e+01,-3.007214986e+01,-2.266610242e+01,-1.911905462e+01,-1.697090735e+01,-8.593170348e+00,1.238017038e+01,4.567985593e+01,8.595234752e+01,1.272686686e+02,1.638566233e+02,1.897407951e+02,2.020526174e+02,2.020525508e+02,1.897406232e+02,1.638564155e+02,1.272684959e+02,8.595223786e+01,4.567978343e+01,1.238009063e+01,-8.593275477e+00,-1.697101790e+01,-1.911913424e+01,-2.266612405e+01,-3.007210133e+01,-3.864629259e+01,-4.649201741e+01,-5.360330205e+01,-5.655167274e+01,-5.218787920e+01,-4.559222122e+01,-4.782415336e+01,-6.604279348e+01,-9.612829865e+01,-1.223345438e+02,-1.235823869e+02,-8.438804112e+01,-6.904119449e+00,8.256107869e+01,1.462146205e+02,1.619477496e+02,1.331781928e+02,7.948882071e+01,2.447552535e+01,-1.551632201e+01,-3.728890555e+00,1.901038640e+01,1.303274282e+01
-4.337393442e-01,-6.326797546e-01,-2.890575626e+01,-3.962341391e+00,3.140441106e+01,7.807420829e+01,1.224767927e+02,1.419989596e+02,1.170009307e+02,4.620722512e+01,-4.281835103e+01,-1.089256006e+02,-1.309770405e+02,-1.154924667e+02,-8.324791264e+01,-5.655530696e+01,-4.931252207e+01,-6.211192317e+01,-8.369900252e+01,-9.894602438e+01,-9.939894401e+01,-8.649482456e+01,-6.529516997e+01,-4.112000191e+01,-2.069318680e+01,-8.701824283e+00,-2.727057974e+00,6.211608985e+00,2.623834312e+01,5.789092141e+01,9.584724864e+01,1.344394137e+02,1.684026731e+02,1.922369868e+02,2.034566181e+02,2.034565709e+02,1.922368705e+02,1.684025484e+02,1.344393396e+02,9.584724455e+01,5.789096106e+01,2.623838613e+01,6.211638132e+00,-2.727029988e+00,-8.701776967e+00,-2.069311419e+01,-4.111991362e+01,-6.529507538e+01,-8.649472491e+01,-9.939883731e+01,-9.894590319e+01,-8.369886336e+01,-6.211179555e+01,-4.931247640e+01,-5.655541900e+01,-8.324821111e+01,-1.154929053e+02,-1.309775116e+02,-1.089259768e+02,-4.281853436e+01,4.620725782e+01,1.170011267e+02,1.419992231e+02,1.224770309e+02,7.807437808e+01,3.140452745e+01,-3.962234683e+00,-2.890548902e+01,-6.326954199e-01,-4.337500837e-01
-8.766419192e+00,-1.278725580e+01,-1.714535900e+01,3.632786408e+00,2.997597253e+01,6.606344126e+01,1.022079308e+02,1.172213308e+02,9.046129166e+01,2.098639010e+01,-5.935773853e+01,-1.089276221e+02,-1.155015636e+02,-9.248568697e+01,-6.169318903e+01,-4.366509032e+01,-4.934721647e+01,-7.620971750e+01,-1.101600309e+02,-1.334544472e+02,-1.354622723e+02,-1.168599735e+02,-8.504469582e+01,-4.999387930e+01,-2.141487725e+01,-4.901845526e+00,1.912539796e+00,8.820058226e+00,2.526139702e+01,5.254805081e+01,8.527491439e+01,1.175756565e+02,1.446318189e+02,1.622683196e+02,1.697737471e+02,1.697737165e+02,1.622682492e+02,1.446317586e+02,1.175756521e+02,8.527497808e+01,5.254816032e+01,2.526152363e+01,8.820194808e+00,1.912698283e+00,-4.901660200e+00,-2.141468554e+01,-4.999372013e+01,-8.504460125e+01,-1.168599458e+02,-1.354622820e+02,-1.334544510e+02,-1.101600020e+02,-7.620967847e+01,-4.934724138e+01,-4.366526219e+01,-6.169354338e+01,-9.248618403e+01,-1.155021076e+02,-1.089281014e+02,-5.935804807e+01,2.098630701e+01,9.046139816e+01,1.172215304e+02,1.022081302e+02,6.606360158e+01,2.997611249e+01,3.632941163e+00,-1.714518464e+01,-1.278726787e+01,-8.766427466e+00
-7.072386481e+00,-1.031623209e+01,-4.555232904e+00,7.135256703e+00,2.139313305e+01,4.620727415e+01,7.565309125e+01,8.951840193e+01,6.561654254e+01,3.955059159e+00,-5.898581982e+01,-8.769147275e+01,-8.231751162e+01,-5.839635121e+01,-3.431939476e+01,-2.655146253e+01,-4.268662016e+01,-7.834814140e+01,-1.188697212e+02,-1.460845785e+02,-1.486371499e+02,-1.273218974e+02,-9.160270474e+01,-5.318044192e+01,-2.166617187e+01,-2.940972256e+00,4.243366728e+00,8.860111122e+00,2.039859492e+01,4.071928033e+01,6.500805491e+01,8.811528599e+01,1.063475846e+02,1.170050446e+02,1.206857736e+02,1.206857488e+02,1.170049892e+02,1.063475419e+02,8.811529299e+01,6.500812137e+01,4.071939188e+01,2.039873756e+01,8.860290677e+00,4.243597110e+00,-2.940699396e+00,-2.166590085e+01,-5.318023622e+01,-9.160261299e+01,-1.273219232e+02,-1.486372461e+02,-1.460846761e+02,-1.188697721e+02,-7.834815252e+01,-4.268665394e+01,-2.655159552e+01,-3.431966319e+01,-5.839672680e+01,-8.231792900e+01,-8.769187702e+01,-5.898616121e+01,3.954856403e+00,6.561649618e+01,8.951844204e+01,7.565313999e+01,4.620730907e+01,2.139318068e+01,7.135334821e+00,-4.555183487e+00,-1.031628302e+01,-7.072421396e+00
-3.308561292e+00,-4.826077630e+00,2.667220098e+00,5.125518704e+00,7.317935124e+00,2.158665263e+01,4.495693890e+01,5.775840599e+01,3.739592778e+01,-1.103104894e+01,-4.815496472e+01,-5.614024374e+01,-4.519248018e+01,-2.651701526e+01,-1.197438064e+01,-1.272684647e+01,-3.331879568e+01,-6.937583362e+01,-1.084550413e+02,-1.345611274e+02,-1.372718736e+02,-1.180650726e+02,-8.658481317e+01,-5.192907181e+01,-2.113428193e+01,-6.300827204e-01,8.269953256e+00,1.192055750e+01,1.846003126e+01,3.012383018e+01,4.379218366e+01,5.653587797e+01,6.664918272e+01,7.249121108e+01,7.427060121e+01,7.427057142e+01,7.249114123e+01,6.664911475e+01,5.653584627e+01,4.379220070e+01,3.012389290e+01,1.846013947e+01,1.192072519e+01,8.270192126e+00,-6.297934944e-01,-2.113400363e+01,-5.192888120e+01,-8.658476369e+01,-1.180651654e+02,-1.372720527e+02,-1.345613089e+02,-1.084551588e+02,-6.937587309e+01,-3.331879845e+01,-1.272687436e+01,-1.197446728e+01,-2.651714562e+01,-4.519262334e+01,-5.614040650e+01,-4.815519056e+01,-1.103131838e+01,3.739570314e+01,5.775823241e+01,4.495678370e+01,2.158652592e+01,7.317872595e+00,5.125511957e+00,2.667175065e+00,-4.826187086e+00,-3.308636330e+00
-3.025080043e+00,-4.412573877e+00,-6.769679976e-02,-5.164753927e+00,-1.149772960e+01,-5.286315950e+00,1.207947165e+01,2.164226305e+01,3.973810868e+00,-2.543433212e+01,-3.547969474e+01,-3.057910112e+01,-2.139901747e+01,-1.165989190e+01,-6.188339502e+00,-1.093273443e+01,-2.824172861e+01,-5.560391430e+01,-8.532383288e+01,-1.059054024e+02,-1.092244278e+02,-9.677681598e+01,-7.504643595e+01,-4.774090905e+01,-1.921204683e+01,2.854909291e+00,1.398718201e+01,1.732480240e+01,1.907523205e+01,2.171406054e+01,2.440734533e+01,2.726456176e+01,3.091645930e+01,3.444325101e+01,3.637402701e+01,3.637398826e+01,3.444315596e+01,3.091635055e+01,2.726447350e+01,2.440729782e+01,2.171406595e+01,1.907530107e+01,1.732494732e+01,1.398740287e+01,2.855171707e+00,-1.921181277e+01,-4.774078064e+01,-7.504646159e+01,-9.677699335e+01,-1.092247013e+02,-1.059056842e+02,-8.532404358e+01,-5.560401736e+01,-2.824173831e+01,-1.093269245e+01,-6.188275274e+00,-1.165980423e+01,-2.139890526e+01,-3.057901014e+01,-3.547972146e+01,-2.543454981e+01,3.973476756e+00,2.164192445e+01,1.207917632e+01,-5.286514125e+00,-1.149779466e+01,-5.164739535e+00,-6.775774439e-02,-4.412729532e+00,-3.025186754e+00
-7.282497952e+00,-1.062271403e+01,-1.261845852e+01,-2.252173576e+01,-3.284652458e+01,-3.165760378e+01,-2.006978309e+01,-1.565815850e+01,-3.029584819e+01,-4.046538115e+01,-3.388570696e+01,-2.579796457e+01,-2.222052526e+01,-2.056464594e+01,-1.994191058e+01,-2.228377621e+01,-2.909075776e+01,-4.121943707e+01,-5.698827604e+01,-7.002840917e+01,-7.414536120e+01,-6.906294967e+01,-5.648381477e+01,-3.552812374e+01,-9.226949466e+00,1.325173363e+01,2.497795252e+01,2.694940428e+01,2.420577728e+01,1.949021471e+01,1.374964254e+01,9.325749047e+00,8.201283528e+00,9.803926611e+00,1.171737120e+01,1.171733056e+01,9.803824193e+00,8.201155272e+00,9.325625995e+00,1.374955601e+01,1.949019564e+01,2.420584472e+01,2.694956018e+01,2.497817739e+01,1.325197906e+01,-9.226753886e+00,-3.552804450e+01,-5.648388841e+01,-6.906317201e+01,-7.414568695e+01,-7.002876280e+01,-5.698858014e+01,-4.121964031e+01,-2.909084604e+01,-2.228376482e+01,-1.994181954e+01,-2.056448326e+01,-2.222030973e+01,-2.579775872e+01,-3.388561137e+01,-4.046549145e+01,-3.029616107e+01,-1.565852740e+01,-2.007007786e+01,-3.165773300e+01,-3.284646521e+01,-2.252159182e+01,-1.261846364e+01,-1.062291500e+01,-7.282635727e+00
-1.428777884e+01,-2.084106165e+01,-2.771345711e+01,-3.876716208e+01,-5.048136045e+01,-5.246157093e+01,-4.604886781e+01,-4.711146562e+01,-5.983105764e+01,-6.054431351e+01,-5.018487269e+01,-4.495398401e+01,-4.701273632e+01,-4.967817905e+01,-4.829096680e+01,-4.244924783e+01,-3.430841575e+01,-2.903767105e+01,-3.062143710e+01,-3.637633612e+01,-4.026541159e+01,-3.918251445e+01,-3.119947427e+01,-1.332153848e+01,1.150459456e+01,3.302746456e+01,4.331604468e+01,4.315036204e+01,3.786623138e+01,3.043523697e+01,2.212873420e+01,1.588347706e+01,1.373201826e+01,1.471535314e+01,1.628879326e+01,1.628876573e+01,1.471527866e+01,1.373191129e+01,1.588335907e+01,2.212864724e+01,3.043523307e+01,3.786633924e+01,4.315057140e+01,4.331631414e+01,3.302773230e+01,1.150479428e+01,-1.332145687e+01,-3.119953283e+01,-3.918270822e+01,-4.026571022e+01,-3.637668745e+01,-3.062178152e+01,-2.903795613e+01,-3.430860552e+01,-4.244932926e+01,-4.829094376e+01,-4.967805927e+01,-4.701254530e+01,-4.495378654e+01,-5.018475750e+01,-6.054435654e+01,-5.983127935e+01,-4.711175499e+01,-4.604906309e+01,-5.246156299e+01,-5.048114017e+01,-3.876685282e+01,-2.771332080e+01,-2.084129633e+01,-1.428793973e+01
-2.012694965e+01,-2.935844704e+01,-3.390145425e+01,-4.525228505e+01,-5.775976436e+01,-6.156206152e+01,-5.861653325e+01,-6.409920344e+01,-7.906359962e+01,-8.204306887e+01,-7.690088981e+01,-7.776806030e+01,-8.452499143e+01,-8.836961541e+01,-8.275456699e+01,-6.631947488e+01,-4.282880730e+01,-2.201267908e+01,-1.229188085e+01,-1.259100864e+01,-1.545847699e+01,-1.502059681e+01,-7.668180031e+00,9.559551676e+00,3.316765720e+01,5.260033378e+01,6.045566100e+01,5.905585180e+01,5.521202763e+01,5.132213980e+01,4.631953041e+01,4.221397156e+01,4.122255785e+01,4.239977960e+01,4.361488222e+01,4.361487408e+01,4.239974858e+01,4.122249150e+01,4.221387529e+01,4.631945027e+01,5.132214947e+01,5.521217276e+01,5.905611544e+01,6.045598249e+01,5.260063911e+01,3.316788413e+01,9.559665361e+00,-7.668188553e+00,-1.502072134e+01,-1.545870005e+01,-1.259130163e+01,-1.229220628e+01,-2.201299056e+01,-4.282905449e+01,-6.631962142e+01,-8.275460142e+01,-8.836954111e+01,-8.452483281e+01,-7.776787867e+01,-7.690076443e+01,-8.204306107e+01,-7.906373124e+01,-6.409939986e+01,-5.861664085e+01,-6.156196933e+01,-5.775946851e+01,-4.525189233e+01,-3.390114458e+01,-2.935856729e+01,-2.012703209e+01
-1.799662903e+01,-2.625102608e+01,-2.925729477e+01,-4.135429834e+01,-5.307412647e+01,-5.602159568e+01,-5.313256323e+01,-6.036295829e+01,-8.012111255e+01,-9.233496956e+01,-9.761882957e+01,-1.068675329e+02,-1.184877885e+02,-1.228852772e+02,-1.130023517e+02,-8.728570983e+01,-5.132608455e+01,-1.916636315e+01,-2.396389966e+00,1.113480588e-03,-2.446871819e+00,-1.791373037e+00,5.774884674e+00,2.220926914e+01,4.370509416e+01,6.036489290e+01,6.636659605e+01,6.649035358e+01,6.925276790e+01,7.382965978e+01,7.252649355e+01,6.725496934e+01,6.295927691e+01,6.006945779e+01,5.818397454e+01,5.818398372e+01,6.006946719e+01,6.295924951e+01,6.725488741e+01,7.252639210e+01,7.382962820e+01,6.925288376e+01,6.649060871e+01,6.636691755e+01,6.036519658e+01,4.370531976e+01,2.220939247e+01,5.774906534e+00,-1.791444213e+00,-2.447026498e+00,8.869049815e-04,-2.396667333e+00,-1.916664844e+01,-5.132631552e+01,-8.728583436e+01,-1.130023533e+02,-1.228851618e+02,-1.184875809e+02,-1.068672928e+02,-9.761863518e+01,-9.233488474e+01,-8.012117122e+01,-6.036311255e+01,-5.313267266e+01,-5.602155042e+01,-5.307391711e+01,-4.135399745e+01,-2.925699381e+01,-2.625082244e+01,-1.799648942e+01
-1.200647124e+01,-1.751340149e+01,-2.129303919e+01,-3.154306587e+01,-3.918344648e+01,-3.760145097e+01,-3.102097908e+01,-3.691733311e+01,-6.045942500e+01,-8.290432798e+01,-1.004319842e+02,-1.198117848e+02,-1.376123689e+02,-1.436672944e+02,-1.310657324e+02,-9.855855635e+01,-5.361556869e+01,-1.422274888e+01,5.896231485e+00,8.463592564e+00,4.856346795e+00,4.143273676e+00,9.648340139e+00,2.275849237e+01,4.058049788e+01,5.493392074e+01,6.200511000e+01,6.888367215e+01,8.337331000e+01,9.296412952e+01,8.455826316e+01,7.001507186e+01,5.738115063e+01,4.763870423e+01,4.175903030e+01,4.175905157e+01,4.763874380e+01,5.738115567e+01,7.001500236e+01,8.455812608e+01,9.296399895e+01,8.337330069e+01,6.888381914e+01,6.200534335e+01,5.493414839e+01,4.058065897e+01,2.275856883e+01,9.648339248e+00,4.143206172e+00,4.856218069e+00,8.463404464e+00,5.895997186e+00,-1.422298441e+01,-5.361573139e+01,-9.855858528e+01,-1.310656191e+02,-1.436670584e+02,-1.376120413e+02,-1.198114282e+02,-1.004316821e+02,-8.290415631e+01,-6.045943536e+01,-3.691749692e+01,-3.102116974e+01,-3.760156152e+01,-3.918345446e+01,-3.154300168e+01,-2.129292553e+01,-1.751324918e+01,-1.200636682e+01
-7.836764593e+00,-1.143120255e+01,-1.431730057e+01,-2.021085646e+01,-2.090470666e+01,-1.190169842e+01,5.265010258e-01,-2.927123346e+00,-2.882471592e+01,-5.938836646e+01,-8.833247208e+01,-1.184863619e+02,-1.435913772e+02,-1.520852090e+02,-1.370746248e+02,-9.817740461e+01,-4.553133947e+01,-9.971271925e-01,2.053626843e+01,2.173426224e+01,1.513109618e+01,1.013836693e+01,9.729029753e+00,1.606467802e+01,2.886088666e+01,4.266947466e+01,5.571220755e+01,7.532141575e+01,9.754275053e+01,9.481095549e+01,7.363557408e+01,5.099847657e+01,3.180829988e+01,1.708113912e+01,8.601741503e+00,8.601768634e+00,1.708119575e+01,3.180833009e+01,5.099843168e+01,7.363543974e+01,9.481076207e+01,9.754259022e+01,7.532138793e+01,5.571228695e+01,4.266956984e+01,2.886093389e+01,1.606466175e+01,9.728961163e+00,1.013825803e+01,1.513094962e+01,2.173407463e+01,2.053604999e+01,-9.973284146e-01,-4.553144167e+01,-9.817734331e+01,-1.370744036e+02,-1.520848639e+02,-1.435909480e+02,-1.184859152e+02,-8.833209403e+01,-5.938813867e+01,-2.882469847e+01,-2.927302575e+00,5.262305766e-01,-1.190196326e+01,-2.090493254e+01,-2.021103609e+01,-1.431739910e+01,-1.143117748e+01,-7.836747400e+00
-4.810023942e+00,-7.016206410e+00,-9.689557446e+00,-1.141215298e+01,-4.643247352e+00,1.249521320e+01,3.064721129e+01,2.835638165e+01,-3.018868601e-02,-3.661186295e+01,-7.494731752e+01,-1.151400366e+02,-1.475026149e+02,-1.579594153e+02,-1.387991325e+02,-9.082177325e+01,-2.876427854e+01,2.106206559e+01,4.368075760e+01,4.283554663e+01,3.167784989e+01,1.980205414e+01,1.049806534e+01,7.856290387e+00,1.521093002e+01,3.030254873e+01,5.251110447e+01,8.217900628e+01,9.527571543e+01,7.920706353e+01,5.240933884e+01,2.559404630e+01,2.299675017e+00,-1.570397130e+01,-2.590420528e+01,-2.590417456e+01,-1.570390207e+01,2.299729978e+00,2.559403871e+01,5.240924764e+01,7.920689447e+01,9.527550735e+01,8.217884966e+01,5.251104407e+01,3.030252116e+01,1.521087173e+01,7.856186162e+00,1.049792794e+01,1.980189518e+01,3.167766932e+01,4.283533756e+01,4.368052751e+01,2.106186014e+01,-2.876438049e+01,-9.082170896e+01,-1.387989078e+02,-1.579590711e+02,-1.475021949e+02,-1.151396060e+02,-7.494695373e+01,-3.661163662e+01,-3.015523937e-02,2.835622243e+01,3.064693663e+01,1.249489964e+01,-4.643567731e+00,-1.141245163e+01,-9.689756983e+00,-7.016216025e+00,-4.810030534e+00
-2.558496126e-01,-3.731984942e-01,-6.365961328e+00,-7.460327330e+00,4.189870977e+00,2.742902799e+01,4.913358789e+01,4.562973319e+01,1.408654546e+01,-2.677105096e+01,-7.194976794e+01,-1.202024506e+02,-1.585398451e+02,-1.696886460e+02,-1.438777087e+02,-8.266506331e+01,-7.941212981e+00,4.844809426e+01,7.247547481e+01,6.933753577e+01,5.295540895e+01,3.366619550e+01,1.572652394e+01,5.116523601e+00,8.191380649e+00,2.515611713e+01,5.410598073e+01,8.262052854e+01,8.340397526e+01,6.142761448e+01,3.220253908e+01,3.325591562e+00,-2.201288966e+01,-4.164886138e+01,-5.270989887e+01,-5.270986367e+01,-4.164877694e+01,-2.201280554e+01,3.325628192e+00,3.220250392e+01,6.142750303e+01,8.340380160e+01,8.262034906e+01,5.410586445e+01,2.515603933e+01,8.191283871e+00,5.116392136e+00,1.572636970e+01,3.366602764e+01,5.295522394e+01,6.933732289e+01,7.247523679e+01,4.844786830e+01,-7.941362891e+00,-8.266508685e+01,-1.438776042e+02,-1.696884395e+02,-1.585395723e+02,-1.202021645e+02,-7.194952262e+01,-2.677089066e+01,1.408658020e+01,4.562963081e+01,4.913339373e+01,2.742878921e+01,4.189604196e+00,-7.460588759e+00,-6.366107670e+00,-3.731230271e-01,-2.557978755e-01
7.509907872e+00,1.095442858e+01,-1.544160953e+00,-7.496270970e+00,4.462996568e+00,2.996602626e+01,5.221316649e+01,4.566220457e+01,1.106739260e+01,-3.216224894e+01,-8.129232060e+01,-1.347819948e+02,-1.770687978e+02,-1.877394819e+02,-1.537139035e+02,-7.606011445e+01,1.414444332e+01,7.828681243e+01,1.037513361e+02,9.795750345e+01,7.654560866e+01,5.151374706e+01,2.827908036e+01,1.348403268e+01,1.459086019e+01,3.265751796e+01,6.264313741e+01,8.256900517e+01,7.281265945e+01,4.654679065e+01,1.595704095e+01,-1.320480766e+01,-3.837672323e+01,-5.767276628e+01,-6.846544185e+01,-6.846540179e+01,-5.767266606e+01,-3.837661019e+01,-1.320472876e+01,1.595705716e+01,4.654673166e+01,7.281252944e+01,8.256884936e+01,6.264303240e+01,3.265746164e+01,1.459079801e+01,1.348394707e+01,2.827898044e+01,5.151363739e+01,7.654548008e+01,9.795733913e+01,1.037511324e+02,7.828659749e+01,1.414426344e+01,-7.606023394e+01,-1.537139633e+02,-1.877394794e+02,-1.770687443e+02,-1.347819205e+02,-8.129224898e+01,-3.216219224e+01,1.106741208e+01,4.566216608e+01,5.221308535e+01,2.996591805e+01,4.462856137e+00,-7.496411041e+00,-1.544164871e+00,1.095460121e+01,7.510026219e+00
1.573054686e+01,2.294557471e+01,3.621896928e+00,-1.054045735e+01,-1.703916335e+00,2.296334616e+01,4.403760552e+01,3.457897825e+01,-1.732837579e+00,-4.528041928e+01,-9.555467675e+01,-1.513409131e+02,-1.956408587e+02,-2.057551555e+02,-1.645686478e+02,-7.074597418e+01,3.552199188e+01,1.076833571e+02,1.338841664e+02,1.246513730e+02,9.855788112e+01,6.995740280e+01,4.518039875e+01,3.011745234e+01,3.137507696e+01,4.939761166e+01,7.592417163e+01,8.323809567e+01,6.250709195e+01,3.203334877e+01,7.530994046e-01,-2.731740567e+01,-5.048583081e+01,-6.769139082e+01,-7.715933273e+01,-7.715928950e+01,-6.769127985e+01,-5.048569662e+01,-2.731729417e+01,7.531555680e-01,3.203332882e+01,6.250699409e+01,8.323796718e+01,7.592410127e+01,4.939760641e+01,3.137507961e+01,3.011744558e+01,4.518039076e+01,6.995739324e+01,9.855785268e+01,1.246512995e+02,1.338840373e+02,1.076831966e+02,3.552183831e+01,-7.074611855e+01,-1.645688067e+02,-2.057553066e+02,-1.956409815e+02,-1.513410120e+02,-9.555474905e+01,-4.528045379e+01,-1.732844705e+00,3.457897078e+01,4.403759197e+01,2.296331784e+01,-1.703982019e+00,-1.054052188e+01,3.621997170e+00,2.294579427e+01,1.573069738e+01
2.017247343e+01,2.942485091e+01,2.642093074e+00,-1.791243590e+01,-1.170343040e+01,1.160662847e+01,3.211316964e+01,2.199195069e+01,-1.372284220e+01,-5.556012658e+01,-1.045990482e+02,-1.601765252e+02,-2.050595052e+02,-2.156055442e+02,-1.710476380e+02,-6.594334384e+01,5.329769497e+01,1.320709022e+02,1.578441839e+02,1.445019280e+02,1.141409656e+02,8.347794541e+01,5.927863746e+01,4.601267219e+01,4.854707251e+01,6.598368057e+01,8.743695796e+01,8.036031323e+01,4.855305808e+01,1.435783110e+01,-1.711429839e+01,-4.349255269e+01,-6.389535447e+01,-7.825270557e+01,-8.591987914e+01,-8.591983495e+01,-7.825258994e+01,-6.389520773e+01,-4.349241799e+01,-1.711421141e+01,1.435784162e+01,4.855298499e+01,8.036020911e+01,8.743692156e+01,6.598371614e+01,4.854712142e+01,4.601272533e+01,5.927870717e+01,8.347802747e+01,1.141410322e+02,1.445019411e+02,1.578441271e+02,1.320708033e+02,5.329759990e+01,-6.594343763e+01,-1.710477834e+02,-2.156057284e+02,-2.050596881e+02,-1.601766913e+02,-1.045991805e+02,-5.556020681e+01,-1.372288153e+01,2.199191857e+01,3.211313019e+01,1.160655961e+01,-1.170356193e+01,-1.791257507e+01,2.642200989e+00,2.942509832e+01,2.017264304e+01
1.763567522e+01,2.572451593e+01,-7.109496243e+00,-2.728400690e+01,-2.053158817e+01,2.170919977e+00,2.327780689e+01,1.478499935e+01,-1.847003586e+01,-5.733959466e+01,-1.037361051e+02,-1.574879964e+02,-2.018442202e+02,-2.132324908e+02,-1.686724296e+02,-5.910420552e+01,6.665976466e+01,1.484788030e+02,1.724990090e+02,1.551236946e+02,1.212856860e+02,8.925141269e+01,6.573148609e+01,5.407456613e+01,5.777041003e+01,7.437699105e+01,9.116485497e+01,7.249182047e+01,3.218093282e+01,-4.388039118e+00,-3.562192391e+01,-6.050265721e+01,-7.868198643e+01,-9.078354357e+01,-9.702441558e+01,-9.702437078e+01,-9.078342423e+01,-7.868182848e+01,-6.050250090e+01,-3.562180760e+01,-4.387999301e+00,3.218088210e+01,7.249173207e+01,9.116482742e+01,7.437702322e+01,5.777045354e+01,5.407462796e+01,6.573158600e+01,8.925154199e+01,1.212858038e+02,1.551237497e+02,1.724989821e+02,1.484787325e+02,6.665971541e+01,-5.910422169e+01,-1.686724833e+02,-2.132326048e+02,-2.018443567e+02,-1.574881298e+02,-1.037362141e+02,-5.733966576e+01,-1.847009069e+01,1.478492059e+01,2.327768829e+01,2.170732168e+00,-2.053189004e+01,-2.728437423e+01,-7.109461817e+00,2.572484226e+01,1.763589894e+01
1.274165839e+01,1.858579217e+01,-1.918185726e+01,-2.914175224e+01,-2.105129765e+01,1.072148720e+00,2.281705455e+01,1.625503917e+01,-1.496032923e+01,-5.175345950e+01,-9.609089314e+01,-1.480080122e+02,-1.912266683e+02,-2.024705825e+02,-1.582672510e+02,-4.912361069e+01,7.588152131e+01,1.559202716e+02,1.770129383e+02,1.564888470e+02,1.202157576e+02,8.670915948e+01,6.253070247e+01,5.100893538e+01,5.519708208e+01,7.111560270e+01,8.515855201e+01,6.409335240e+01,2.117615249e+01,-1.579254381e+01,-4.628763674e+01,-7.020846994e+01,-8.748843603e+01,-9.887164873e+01,-1.047054260e+02,-1.047053792e+02,-9.887152216e+01,-8.748826294e+01,-7.020828954e+01,-4.628749059e+01,-1.579247518e+01,2.117612147e+01,6.409326695e+01,8.515850253e+01,7.111558816e+01,5.519707320e+01,5.100895619e+01,6.253078086e+01,8.670928237e+01,1.202158710e+02,1.564888887e+02,1.770128896e+02,1.559201834e+02,7.588147746e+01,-4.912357982e+01,-1.582672180e+02,-2.024706024e+02,-1.912267188e+02,-1.480080664e+02,-9.609092844e+01,-5.175346816e+01,-1.496034477e+01,1.625496697e+01,2.281690753e+01,1.071894148e+00,-2.105171107e+01,-2.914231039e+01,-1.918208542e+01,1.858621927e+01,1.274195120e+01
8.509444971e+00,1.241241688e+01,-2.083554856e+01,-2.332111465e+01,-1.428519107e+01,8.358242497e+00,3.139172372e+01,2.633146057e+01,-5.184015346e+00,-4.305343188e+01,-8.802409289e+01,-1.398634520e+02,-1.824254534e+02,-1.926613571e+02,-1.482553133e+02,-4.285744452e+01,7.540465940e+01,1.501602645e+02,1.687722669e+02,1.475174875e+02,1.109002266e+02,7.648126669e+01,5.104327889e+01,3.902575210e+01,4.359951192e+01,5.971298765e+01,7.482732778e+01,6.214650782e+01,2.364587754e+01,-1.174788073e+01,-4.090711062e+01,-6.419357854e+01,-8.178200361e+01,-9.402321197e+01,-1.005539426e+02,-1.005538935e+02,-9.402307805e+01,-8.178181783e+01,-6.419338153e+01,-4.090694712e+01,-1.174779757e+01,2.364585560e+01,6.214642380e+01,7.482726421e+01,5.971293835e+01,4.359945851e+01,3.902572769e+01,5.104331795e+01,7.648135584e+01,1.109003055e+02,1.475174904e+02,1.687721780e+02,1.501601411e+02,7.540459045e+01,-4.285742491e+01,-1.482552706e+02,-1.926613492e+02,-1.824254670e+02,-1.398634610e+02,-8.802406950e+01,-4.305336521e+01,-5.183946209e+00,2.633146743e+01,3.139164013e+01,8.358033767e+00,-1.428557331e+01,-2.332165684e+01,-2.083615723e+01,1.241285340e+01,8.509744233e+00
-6.473450083e-02,-9.442585425e-02,-1.974793533e+01,-1.984351032e+01,-8.055972367e+00,1.765410074e+01,4.411357000e+01,4.145094175e+01,7.587841009e+00,-3.497697358e+01,-8.377830294e+01,-1.378409024e+02,-1.811566788e+02,-1.912613702e+02,-1.485451570e+02,-5.109486995e+01,5.676455171e+01,1.262430844e+02,1.457034812e+02,1.286199205e+02,9.647680689e+01,6.495448370e+01,4.094067786e+01,2.988803246e+01,3.498169068e+01,5.126139638e+01,6.953278327e+01,7.102235177e+01,4.219419952e+01,9.334437077e+00,-1.831790595e+01,-4.112011609e+01,-5.966959452e+01,-7.372854968e+01,-8.167237599e+01,-8.167232710e+01,-7.372841636e+01,-5.966941071e+01,-4.111992514e+01,-1.831775525e+01,9.334501604e+00,4.219416198e+01,7.102227402e+01,6.953274385e+01,5.126137017e+01,3.498165480e+01,2.988801690e+01,4.094071794e+01,6.495456939e+01,9.647688130e+01,1.286199221e+02,1.457033975e+02,1.262429688e+02,5.676447820e+01,-5.109488569e+01,-1.485451783e+02,-1.912614319e+02,-1.811567586e+02,-1.378409669e+02,-8.377830813e+01,-3.497689124e+01,7.587971686e+00,4.145103847e+01,4.411358649e+01,1.765399460e+01,-8.056252508e+00,-1.984395940e+01,-1.974846571e+01,-9.411988397e-02,-6.452474013e-02
-6.378363743e+00,-9.303886450e+00,-2.179587004e+01,-2.102505976e+01,-6.252373514e+00,2.350426551e+01,5.483397352e+01,5.651264870e+01,2.031047318e+01,-2.890127518e+01,-8.316184080e+01,-1.404116178e+02,-1.854935729e+02,-1.975427974e+02,-1.607258934e+02,-7.596857087e+01,2.008487283e+01,8.640833455e+01,1.109914270e+02,1.038583714e+02,8.279707893e+01,6.061922409e+01,4.296013378e+01,3.491884235e+01,3.954311102e+01,5.331633156e+01,7.182301101e+01,8.711240774e+01,7.311710433e+01,4.261691061e+01,1.543687767e+01,-7.451655981e+00,-2.732310378e+01,-4.354205827e+01,-5.315034506e+01,-5.315029985e+01,-4.354193595e+01,-2.732293942e+01,-7.451495893e+00,1.543698406e+01,4.261692162e+01,7.311702557e+01,8.711233981e+01,7.182301890e+01,5.331636381e+01,3.954313612e+01,3.491888445e+01,4.296022642e+01,6.061936116e+01,8.279721084e+01,1.038584434e+02,1.109914263e+02,8.640830118e+01,2.008485397e+01,-7.596858979e+01,-1.607259806e+02,-1.975429635e+02,-1.854937797e+02,-1.404118174e+02,-8.316196361e+01,-2.890126424e+01,2.031059179e+01,5.651278300e+01,5.483405989e+01,2.350424928e+01,-6.252550885e+00,-2.102540179e+01,-2.179627400e+01,-9.303819113e+00,-6.378317579e+00
-1.089248522e+01,-1.588847074e+01,-2.681136914e+01,-2.614887786e+01,-9.886697369e+00,2.260144543e+01,5.824239652e+01,6.585752989e+01,3.005088453e+01,-2.455634904e+01,-8.313870955e+01,-1.421354563e+02,-1.882599071e+02,-2.034983047e+02,-1.762125380e+02,-1.080649761e+02,-2.548626951e+01,3.788536293e+01,6.916762124e+01,7.524327233e+01,7.012239053e+01,6.272734410e+01,5.563674808e+01,5.214652922e+01,5.502490486e+01,6.265280467e+01,7.507469612e+01,9.614476208e+01,1.059644147e+02,8.160428683e+01,5.307145894e+01,2.879492004e+01,7.145948731e+00,-1.130022769e+01,-2.257407515e+01,-2.257403444e+01,-1.130011933e+01,7.146087467e+00,2.879503919e+01,5.307150705e+01,8.160422965e+01,1.059642945e+02,9.614471409e+01,7.507474111e+01,6.265287224e+01,5.502496344e+01,5.214660600e+01,5.563688156e+01,6.272753489e+01,7.012259566e+01,7.524343994e+01,6.916773241e+01,3.788544025e+01,-2.548620483e+01,-1.080649604e+02,-1.762126363e+02,-2.034985166e+02,-1.882601946e+02,-1.421357652e+02,-8.313895213e+01,-2.455644446e+01,3.005092822e+01,6.585762653e+01,5.824247599e+01,2.260144344e+01,-9.886842479e+00,-2.614916668e+01,-2.681168385e+01,-1.588844661e+01,-1.089246869e+01
-1.817108606e+01,-2.650550019e+01,-3.472244632e+01,-3.369414306e+01,-1.772190135e+01,1.491118586e+01,5.252350453e+01,6.571793070e+01,3.387820388e+01,-2.200008544e+01,-8.123701515e+01,-1.384529870e+02,-1.829098606e+02,-2.003352892e+02,-1.833124704e+02,-1.339138076e+02,-6.841884940e+01,-1.189943247e+01,2.310035645e+01,4.107736140e+01,5.245747786e+01,6.169896983e+01,6.726217814e+01,6.985726610e+01,7.148785796e+01,7.168282810e+01,7.328837503e+01,8.636813193e+01,1.138932504e+02,1.172413245e+02,9.185254798e+01,6.593250416e+01,4.258070157e+01,2.231015815e+01,9.613431177e+00,9.613470856e+00,2.231026006e+01,4.258082131e+01,6.593258566e+01,9.185253893e+01,1.172412090e+02,1.138931228e+02,8.636810149e+01,7.328841675e+01,7.168286882e+01,7.148787535e+01,6.985729962e+01,6.726227906e+01,6.169914922e+01,5.245769793e+01,4.107756854e+01,2.310052276e+01,-1.189929853e+01,-6.841873931e+01,-1.339137562e+02,-1.833125248e+02,-2.003354521e+02,-1.829101145e+02,-1.384532904e+02,-8.123728414e+01,-2.200023814e+01,3.387816762e+01,6.571794021e+01,5.252349518e+01,1.491109070e+01,-1.772214040e+01,-3.369451495e+01,-3.472282591e+01,-2.650550115e+01,-1.817108672e+01
-2.371423128e+01,-3.459108385e+01,-3.820718220e+01,-3.728480899e+01,-2.368576000e+01,5.970577527e+00,4.213423457e+01,5.818898595e+01,3.146869441e+01,-2.158295478e+01,-7.707975825e+01,-1.283024793e+02,-1.674041062e+02,-1.842113774e+02,-1.752245138e+02,-1.436328044e+02,-9.832371144e+01,-5.472571472e+01,-2.240308865e+01,2.017776919e+00,2.589466442e+01,4.945640771e+01,6.728720267e+01,7.763839467e+01,8.106743589e+01,7.682773714e+01,6.884804022e+01,6.876799116e+01,8.736086075e+01,1.149030170e+02,1.191530781e+02,1.040447092e+02,8.567275319e+01,6.853361750e+01,5.722051411e+01,5.722055532e+01,6.853371567e+01,8.567285017e+01,1.040447442e+02,1.191530114e+02,1.149028739e+02,8.736074069e+01,6.876795301e+01,6.884803805e+01,7.682770190e+01,8.106735697e+01,7.763832546e+01,6.728720749e+01,4.945650659e+01,2.589482176e+01,2.017935085e+00,-2.240296411e+01,-5.472561861e+01,-9.832362785e+01,-1.436327446e+02,-1.752245044e+02,-1.842114341e+02,-1.674042379e+02,-1.283026667e+02,-7.707993852e+01,-2.158306691e+01,3.146864040e+01,5.818892887e+01,4.213411830e+01,5.970337448e+00,-2.368617431e+01,-3.728537297e+01,-3.820777860e+01,-3.459158014e+01,-2.371457151e+01
-1.488987157e+01,-2.171931234e+01,-2.987633930e+01,-3.117092819e+01,-2.171359130e+01,2.546966478e+00,3.411007068e+01,4.930209843e+01,2.580363557e+01,-2.287284012e+01,-7.161492590e+01,-1.136707115e+02,-1.444168451e+02,-1.577055237e+02,-1.533207088e+02,-1.357322843e+02,-1.099048504e+02,-8.318378662e+01,-6.009612930e+01,-3.661167517e+01,-7.315464992e+00,2.497869648e+01,5.243710583e+01,7.170805941e+01,8.130150453e+01,7.860306319e+01,6.682388569e+01,5.749705061e+01,6.194036633e+01,8.004649635e+01,9.867711680e+01,1.086242888e+02,1.130385889e+02,1.160196121e+02,1.181368109e+02,1.181368429e+02,1.160196808e+02,1.130386355e+02,1.086242625e+02,9.867700386e+01,8.004634251e+01,6.194025362e+01,5.749700419e+01,6.682384762e+01,7.860296839e+01,8.130135117e+01,7.170790941e+01,5.243702890e+01,2.497871351e+01,-7.315393214e+00,-3.661161152e+01,-6.009610981e+01,-8.318379806e+01,-1.099048550e+02,-1.357322627e+02,-1.533206717e+02,-1.577054979e+02,-1.444168579e+02,-1.136707611e+02,-7.161496948e+01,-2.287284025e+01,2.580364725e+01,4.930205609e+01,3.410992253e+01,2.546652092e+00,-2.171411404e+01,-3.117161935e+01,-2.987704906e+01,-2.171966504e+01,-1.489011337e+01
-6.484983082e+00,-9.459408190e+00,-1.635494120e+01,-1.928535233e+01,-1.333718557e+01,5.751654056e+00,3.179928069e+01,4.360136887e+01,2.049711865e+01,-2.447105671e+01,-6.538241629e+01,-9.691060675e+01,-1.179207656e+02,-1.257838045e+02,-1.227730286e+02,-1.143930619e+02,-1.041793472e+02,-9.456929002e+01,-8.503277718e+01,-6.931559674e+01,-4.228152850e+01,-7.932619603e+00,2.530944419e+01,5.336133287e+01,7.243078658e+01,7.701418502e+01,6.800655178e+01,5.544307797e+01,5.032317256e+01,5.558550684e+01,6.661477569e+01,7.925407305e+01,9.262942573e+01,1.053141710e+02,1.134161078e+02,1.134161263e+02,1.053142034e+02,9.262942180e+01,7.925399616e+01,6.661463437e+01,5.558536060e+01,5.032308901e+01,5.544306102e+01,6.800653643e+01,7.701410838e+01,7.243065046e+01,5.336119978e+01,2.530937931e+01,-7.932604593e+00,-4.228148354e+01,-6.931559214e+01,-8.503284848e+01,-9.456941290e+01,-1.041794624e+02,-1.143931247e+02,-1.227730356e+02,-1.257837839e+02,-1.179207515e+02,-9.691060286e+01,-6.538238255e+01,-2.447096168e+01,2.049722577e+01,4.360140934e+01,3.179920453e+01,5.751405202e+00,-1.333764795e+01,-1.928598441e+01,-1.635555514e+01,-9.459640215e+00,-6.485142149e+00
-3.722251979e+00,-5.429513140e+00,-9.528607123e+00,-1.140611908e+01,-5.763713010e+00,1.141283403e+01,3.412359022e+01,4.269396896e+01,1.846561214e+01,-2.405438161e+01,-5.732702310e+01,-7.837099078e+01,-8.952274558e+01,-9.087699055e+01,-8.655366975e+01,-8.312389672e+01,-8.427072682e+01,-9.015063116e+01,-9.623666347e+01,-9.322255675e+01,-7.464133982e+01,-4.391947284e+01,-8.912853326e+00,2.593149628e+01,5.489001731e+01,6.976267416e+01,6.852882240e+01,5.862902507e+01,4.995697666e+01,4.726785514e+01,5.064911236e+01,5.976577696e+01,7.371841511e+01,8.866967200e+01,9.841053535e+01,9.841054487e+01,8.866967941e+01,7.371837558e+01,5.976566515e+01,5.064895460e+01,4.726772274e+01,4.995693310e+01,5.862906583e+01,6.852887968e+01,6.976268537e+01,5.488998298e+01,2.593147372e+01,-8.912808595e+00,-4.391936261e+01,-7.464122855e+01,-9.322252432e+01,-9.623674640e+01,-9.015079869e+01,-8.427090858e+01,-8.312403578e+01,-8.655375413e+01,-9.087704646e+01,-8.952280617e+01,-7.837105303e+01,-5.732703094e+01,-2.405428578e+01,1.846575940e+01,4.269408026e+01,3.412362291e+01,1.141273731e+01,-5.763991847e+00,-1.140656214e+01,-9.529039502e+00,-5.429636123e+00,-3.722336291e+00
-4.686036987e+00,-6.835351163e+00,-1.260863828e+01,-1.262388937e+01,-3.743802737e+00,1.595485172e+01,3.940941806e+01,4.736152137e+01,2.247038236e+01,-1.924228659e+01,-4.680901607e+01,-5.874769998e+01,-6.052463372e+01,-5.445276566e+01,-4.643769021e+01,-4.459375125e+01,-5.369070490e+01,-7.300334601e+01,-9.499592187e+01,-1.072304979e+02,-1.010249182e+02,-7.807141268e+01,-4.517314393e+01,-7.139920887e+00,2.913419203e+01,5.393637287e+01,6.291529089e+01,6.058644971e+01,5.477410560e+01,5.051683624e+01,5.042640222e+01,5.684716619e+01,7.000511425e+01,8.559864081e+01,9.618743449e+01,9.618743814e+01,8.559863088e+01,7.000504691e+01,5.684702106e+01,5.042621730e+01,5.051669476e+01,5.477407601e+01,6.058652872e+01,6.291541165e+01,5.393647199e+01,2.913426612e+01,-7.139820627e+00,-4.517296904e+01,-7.807117442e+01,-1.010246934e+02,-1.072303747e+02,-9.499593825e+01,-7.300347006e+01,-5.369086599e+01,-4.459389373e+01,-4.643780510e+01,-5.445288269e+01,-6.052478495e+01,-5.874787207e+01,-4.680913247e+01,-1.924227552e+01,2.247047455e+01,4.736161762e+01,3.940949937e+01,1.595487900e+01,-3.743900186e+00,-1.262414302e+01,-1.260892356e+01,-6.835415648e+00,-4.686081195e+00
-3.626625819e+00,-5.290026749e+00,-1.733446055e+01,-1.959409385e+01,-5.973293282e+00,1.946221699e+01,4.753832392e+01,5.846197749e+01,3.473233878e+01,-9.314801432e+00,-3.742285392e+01,-4.445311082e+01,-3.811411782e+01,-2.347437114e+01,-9.122369146e+00,-5.606122276e+00,-1.927834019e+01,-4.894298049e+01,-8.465087144e+01,-1.114442350e+02,-1.188567949e+02,-1.065419016e+02,-7.942836348e+01,-4.241064477e+01,-3.024581744e+00,2.880874093e+01,4.770606005e+01,5.578575659e+01,5.823719204e+01,5.870719024e+01,6.010315951e+01,6.606137381e+01,7.816643757e+01,9.293669431e+01,1.031548841e+02,1.031548844e+02,9.293667344e+01,7.816634874e+01,6.606119492e+01,6.010293284e+01,5.870700767e+01,5.823713017e+01,5.578581865e+01,4.770618333e+01,2.880886222e+01,-3.024468653e+00,-4.241049101e+01,-7.942812082e+01,-1.065415845e+02,-1.188564883e+02,-1.114440294e+02,-8.465080285e+01,-4.894301901e+01,-1.927842112e+01,-5.606197782e+00,-9.122438958e+00,-2.347447193e+01,-3.811428263e+01,-4.445332118e+01,-3.742302907e+01,-9.314877842e+00,3.473231220e+01,5.846196412e+01,4.753834804e+01,1.946226122e+01,-5.973310110e+00,-1.959425414e+01,-1.733468966e+01,-5.290085118e+00,-3.626665834e+00
1.767344502e+00,2.577960936e+00,-1.283803293e+01,-2.482280847e+01,-7.780375166e+00,2.419498132e+01,5.900737549e+01,7.572424891e+01,5.546028592e+01,6.188232437e+00,-3.337257610e+01,-4.477988414e+01,-3.421265963e+01,-1.086143307e+01,1.222559751e+01,2.082003990e+01,6.653538947e+00,-2.846703888e+01,-7.240112307e+01,-1.086648066e+02,-1.268448372e+02,-1.260008869e+02,-1.080093834e+02,-7.612463272e+01,-3.817765100e+01,-3.648124056e+00,2.233333046e+01,4.065024485e+01,5.413427407e+01,6.399398342e+01,7.145405310e+01,7.977797417e+01,9.142293328e+01,1.044104359e+02,1.131596413e+02,1.131596431e+02,1.044104172e+02,9.142284081e+01,7.977777779e+01,7.145379089e+01,6.399374874e+01,5.413414900e+01,4.065024040e+01,2.233339104e+01,-3.648057902e+00,-3.817758399e+01,-7.612451314e+01,-1.080091591e+02,-1.260005752e+02,-1.268445263e+02,-1.086645791e+02,-7.240101010e+01,-2.846701505e+01,6.653530339e+00,2.082004054e+01,1.222560441e+01,-1.086145672e+01,-3.421274455e+01,-4.478001449e+01,-3.337269609e+01,6.188129583e+00,5.546014475e+01,7.572409178e+01,5.900727288e+01,2.419494226e+01,-7.780426942e+00,-2.482298380e+01,-1.283823505e+01,2.577917111e+00,1.767314457e+00
8.596978724e+00,1.254009917e+01,-5.071116546e-01,-2.405342390e+01,-5.312930869e+00,3.244726591e+01,7.420250307e+01,9.785063780e+01,8.291017816e+01,2.995570071e+01,-2.790996918e+01,-5.683665027e+01,-5.194613621e+01,-2.490079631e+01,5.695002245e+00,2.086786271e+01,9.916881560e+00,-2.488388445e+01,-6.956707612e+01,-1.070555550e+02,-1.287618138e+02,-1.358855155e+02,-1.283209400e+02,-1.052142140e+02,-7.317254576e+01,-4.095879878e+01,-1.266668978e+01,1.268953576e+01,3.668529723e+01,5.809103136e+01,7.518733902e+01,8.917453162e+01,1.022231548e+02,1.137151030e+02,1.205969689e+02,1.205969794e+02,1.137151070e+02,1.022230893e+02,8.917435370e+01,7.518707567e+01,5.809076960e+01,3.668511898e+01,1.268945787e+01,-1.266671392e+01,-4.095882072e+01,-7.317256477e+01,-1.052141744e+02,-1.283207903e+02,-1.358852795e+02,-1.287615733e+02,-1.070553757e+02,-6.956698481e+01,-2.488386325e+01,9.916882609e+00,2.086788665e+01,5.695055629e+00,-2.490073634e+01,-5.194608980e+01,-5.683661287e+01,-2.790994442e+01,2.995564421e+01,8.290999397e+01,9.785038957e+01,7.420228884e+01,3.244711768e+01,-5.313068933e+00,-2.405364921e+01,-5.072344998e-01,1.254010558e+01,8.596983122e+00
1.294812602e+01,1.888695896e+01,8.995308876e+00,-2.047303868e+01,2.061600804e+00,4.521855841e+01,9.321311579e+01,1.235428436e+02,1.147509556e+02,6.218026432e+01,-9.760955909e+00,-6.269030113e+01,-7.675177302e+01,-5.806641926e+01,-2.758778635e+01,-8.499564002e+00,-1.462913138e+01,-4.441910642e+01,-8.331714443e+01,-1.146152386e+02,-1.320139072e+02,-1.398276155e+02,-1.391097706e+02,-1.260066411e+02,-1.036346501e+02,-7.870230231e+01,-5.361772519e+01,-2.623362447e+01,5.085442493e+00,3.749835838e+01,6.613735570e+01,8.900953239e+01,1.065828888e+02,1.186145840e+02,1.244528818e+02,1.244529083e+02,1.186146312e+02,1.065828827e+02,8.900941611e+01,6.613714249e+01,3.749812419e+01,5.085263668e+00,-2.623372912e+01,-5.361779429e+01,-7.870237855e+01,-1.036347278e+02,-1.260066667e+02,-1.391097028e+02,-1.398274833e+02,-1.320137762e+02,-1.146151572e+02,-8.331713781e+01,-4.441916430e+01,-1.462920682e+01,-8.499603306e+00,-2.758775957e+01,-5.806632082e+01,-7.675160570e+01,-6.269008320e+01,-9.760762340e+00,6.218031879e+01,1.147508300e+02,1.235426068e+02,9.321286992e+01,4.521835237e+01,2.061408962e+00,-2.047327423e+01,8.995286256e+00,1.888702244e+01,1.294816954e+01
1.342712465e+01,1.958565678e+01,9.331018542e+00,-1.831087822e+01,1.195128406e+01,6.052173451e+01,1.137915913e+02,1.498386347e+02,1.471525763e+02,9.786735838e+01,1.948069683e+01,-5.282398231e+01,-9.166894316e+01,-9.291673537e+01,-7.276435532e+01,-5.508303794e+01,-5.667616519e+01,-7.832290123e+01,-1.067529070e+02,-1.266983395e+02,-1.340190908e+02,-1.356962549e+02,-1.358523052e+02,-1.310462392e+02,-1.206068902e+02,-1.072814593e+02,-9.081119667e+01,-6.722050350e+01,-3.388133632e+01,5.899988661e+00,4.494805778e+01,7.797885356e+01,1.027053326e+02,1.178740735e+02,1.241875370e+02,1.241875818e+02,1.178741718e+02,1.027054013e+02,7.797882590e+01,4.494793614e+01,5.899838012e+00,-3.388144812e+01,-6.722056006e+01,-9.081123233e+01,-1.072815106e+02,-1.206069504e+02,-1.310462635e+02,-1.358522677e+02,-1.356961881e+02,-1.340190466e+02,-1.266983549e+02,-1.067530068e+02,-7.832308125e+01,-5.667637825e+01,-5.508321464e+01,-7.276443459e+01,-9.291667523e+01,-9.166872779e+01,-5.282365308e+01,1.948102166e+01,9.786754431e+01,1.471525694e+02,1.498384847e+02,1.137913911e+02,6.052154609e+01,1.195111200e+01,-1.831106297e+01,9.331071274e+00,1.958574086e+01,1.342718229e+01
1.356235414e+01,1.978291111e+01,1.203518435e+01,-1.215697951e+01,2.094220983e+01,7.251867129e+01,1.292099913e+02,1.700138264e+02,1.740120713e+02,1.309258286e+02,5.285846858e+01,-2.994226409e+01,-8.960916649e+01,-1.146054788e+02,-1.119298945e+02,-1.008195498e+02,-9.903240166e+01,-1.105051903e+02,-1.250074776e+02,-1.299154316e+02,-1.234565225e+02,-1.151625790e+02,-1.127136566e+02,-1.145799675e+02,-1.171751816e+02,-1.186914675e+02,-1.156139581e+02,-1.019380943e+02,-7.364414654e+01,-3.338153113e+01,1.087316168e+01,5.137440369e+01,8.273891793e+01,1.016476284e+02,1.090698909e+02,1.090699486e+02,1.016477640e+02,8.273904621e+01,5.137445617e+01,1.087313736e+01,-3.338157424e+01,-7.364414982e+01,-1.019380478e+02,-1.156138959e+02,-1.186914237e+02,-1.171751508e+02,-1.145799147e+02,-1.127135687e+02,-1.151624922e+02,-1.234564852e+02,-1.299154783e+02,-1.250076347e+02,-1.105054580e+02,-9.903273290e+01,-1.008198635e+02,-1.119301039e+02,-1.146055111e+02,-8.960899101e+01,-2.994193064e+01,5.285883250e+01,1.309260840e+02,1.740121487e+02,1.700137540e+02,1.292098540e+02,7.251854346e+01,2.094212045e+01,-1.215703080e+01,1.203524390e+01,1.978294820e+01,1.356237957e+01
1.944422637e+01,2.836258350e+01,3.824933693e+01,4.462643018e+00,2.620313062e+01,7.367786362e+01,1.296033912e+02,1.741435610e+02,1.875701594e+02,1.565287605e+02,8.690872325e+01,3.817354978e+00,-6.751797497e+01,-1.130288362e+02,-1.310961091e+02,-1.318317450e+02,-1.299116839e+02,-1.316113856e+02,-1.308971748e+02,-1.191862947e+02,-9.786829277e+01,-7.920851832e+01,-7.393982248e+01,-8.201375984e+01,-9.760577426e+01,-1.150497909e+02,-1.279894860e+02,-1.289586637e+02,-1.129076283e+02,-8.108700956e+01,-4.045911261e+01,3.445341499e-01,3.338042511e+01,5.312360454e+01,6.041805492e+01,6.041811460e+01,5.312374844e+01,3.338057477e+01,3.446295323e-01,-4.045906723e+01,-8.108695921e+01,-1.129075257e+02,-1.289585093e+02,-1.279893165e+02,-1.150496390e+02,-9.760563699e+01,-8.201360911e+01,-7.393965111e+01,-7.920836327e+01,-9.786820292e+01,-1.191863059e+02,-1.308973135e+02,-1.316116532e+02,-1.299120358e+02,-1.318320992e+02,-1.310963735e+02,-1.130289322e+02,-6.751787247e+01,3.817608478e+00,8.690901411e+01,1.565289641e+02,1.875702086e+02,1.741434796e+02,1.296032670e+02,7.367778676e+01,2.620314690e+01,4.462748141e+00,3.824937319e+01,2.836255238e+01,1.944420504e+01
2.824093242e+01,4.119401763e+01,6.285450520e+01,2.522133266e+01,2.675003539e+01,6.000774362e+01,1.078119224e+02,1.532027957e+02,1.793672421e+02,1.692701551e+02,1.188789464e+02,4.674617678e+01,-2.515254512e+01,-8.364662821e+01,-1.223809351e+02,-1.410435500e+02,-1.461381571e+02,-1.431990190e+02,-1.302656873e+02,-1.038942818e+02,-6.955857856e+01,-4.234858408e+01,-3.519131573e+01,-4.869862536e+01,-7.526308757e+01,-1.063798259e+02,-1.338246659e+02,-1.499596550e+02,-1.501342522e+02,-1.345371317e+02,-1.075565354e+02,-7.636306860e+01,-4.969629524e+01,-3.428059680e+01,-2.935336976e+01,-2.935331891e+01,-3.428047297e+01,-4.969616128e+01,-7.636296725e+01,-1.075564524e+02,-1.345370177e+02,-1.501340778e+02,-1.499594332e+02,-1.338244337e+02,-1.063796136e+02,-7.526289575e+01,-4.869843217e+01,-3.519111510e+01,-4.234840747e+01,-6.955846878e+01,-1.038942674e+02,-1.302657845e+02,-1.431992220e+02,-1.461384218e+02,-1.410438054e+02,-1.223811115e+02,-8.364667957e+01,-2.515246456e+01,4.674634278e+01,1.188791053e+02,1.692702110e+02,1.793671529e+02,1.532026040e+02,1.078117354e+02,6.000767285e+01,2.675013687e+01,2.522154841e+01,6.285458983e+01,4.119398102e+01,2.824090732e+01
3.103168850e+01,4.526479170e+01,7.687078908e+01,4.203961136e+01,2.462377813e+01,3.591693238e+01,6.671329814e+01,1.065196141e+02,1.443396894e+02,1.617967777e+02,1.416719586e+02,9.175414178e+01,3.067807815e+01,-3.032593784e+01,-8.445725775e+01,-1.243981573e+02,-1.457417746e+02,-1.482509918e+02,-1.315525213e+02,-9.704228521e+01,-5.442632146e+01,-2.135789603e+01,-1.251323545e+01,-2.914912553e+01,-6.251486749e+01,-1.020271169e+02,-1.383287985e+02,-1.648206303e+02,-1.789891970e+02,-1.814336461e+02,-1.739192758e+02,-1.600503170e+02,-1.464449191e+02,-1.391062991e+02,-1.376685627e+02,-1.376685282e+02,-1.391062130e+02,-1.464448200e+02,-1.600502262e+02,-1.739191747e+02,-1.814335021e+02,-1.789890026e+02,-1.648204042e+02,-1.383285701e+02,-1.020269136e+02,-6.251469773e+01,-2.914897798e+01,-1.251310537e+01,-2.135780397e+01,-5.442629182e+01,-9.704232201e+01,-1.315526128e+02,-1.482511124e+02,-1.457418798e+02,-1.243982020e+02,-8.445722493e+01,-3.032583664e+01,3.067822442e+01,9.175428366e+01,1.416720175e+02,1.617966822e+02,1.443394282e+02,1.065192631e+02,6.671299879e+01,3.591682466e+01,2.462392197e+01,4.203989408e+01,7.687093622e+01,4.526479315e+01,3.103168950e+01
2.369227638e+01,3.455905905e+01,7.398759960e+01,5.207900557e+01,2.419780934e+01,1.317002353e+01,2.052323502e+01,4.591294902e+01,8.722984330e+01,1.295078035e+02,1.452093415e+02,1.264760383e+02,8.629487794e+01,3.416350055e+01,-2.456949573e+01,-8.087265496e+01,-1.226619903e+02,-1.410417606e+02,-1.327129280e+02,-1.010486544e+02,-5.812641235e+01,-2.277777800e+01,-1.144137775e+01,-2.746029171e+01,-6.233250708e+01,-1.040190313e+02,-1.423063907e+02,-1.720801427e+02,-1.935409620e+02,-2.084869427e+02,-2.171396540e+02,-2.195902392e+02,-2.186044592e+02,-2.180001288e+02,-2.185583978e+02,-2.185583840e+02,-2.180000902e+02,-2.186044047e+02,-2.195901723e+02,-2.171395622e+02,-2.084868138e+02,-1.935408015e+02,-1.720799646e+02,-1.423062130e+02,-1.040188803e+02,-6.233240590e+01,-2.746024725e+01,-1.144139107e+01,-2.277785560e+01,-5.812654687e+01,-1.010488063e+02,-1.327130430e+02,-1.410417908e+02,-1.226619047e+02,-8.087245842e+01,-2.456923321e+01,3.416377765e+01,8.629512990e+01,1.264762148e+02,1.452093695e+02,1.295076200e+02,8.722945370e+01,4.591246432e+01,2.052283708e+01,1.316987323e+01,2.419795692e+01,5.207931652e+01,7.398780154e+01,3.455910638e+01,2.369230883e+01
8.650244930e+00,1.261779664e+01,5.629128361e+01,5.828986428e+01,2.977102515e+01,3.324119110e+00,-1.290725424e+01,-9.662008206e+00,2.206452818e+01,7.632728102e+01,1.233896314e+02,1.394196979e+02,1.268497253e+02,9.269391094e+01,4.108655804e+01,-1.974976054e+01,-7.558768364e+01,-1.119795657e+02,-1.208796363e+02,-1.037536412e+02,-7.089889394e+01,-3.866570154e+01,-2.438443312e+01,-3.584532500e+01,-6.712868426e+01,-1.056190598e+02,-1.403378359e+02,-1.674148656e+02,-1.892866398e+02,-2.088012437e+02,-2.254186647e+02,-2.368916112e+02,-2.426705552e+02,-2.445513730e+02,-2.448469341e+02,-2.448469419e+02,-2.445513869e+02,-2.426705590e+02,-2.368915938e+02,-2.254186171e+02,-2.088011639e+02,-1.892865359e+02,-1.674147453e+02,-1.403377093e+02,-1.056189554e+02,-6.712864365e+01,-3.584537922e+01,-2.438459503e+01,-3.866596363e+01,-7.089920600e+01,-1.037539090e+02,-1.208797674e+02,-1.119795113e+02,-7.558745043e+01,-1.974940620e+01,4.108695284e+01,9.269428190e+01,1.268500320e+02,1.394198950e+02,1.233896497e+02,7.632705675e+01,2.206407854e+01,-9.662535453e+00,-1.290766063e+01,3.323968410e+00,2.977115166e+01,5.829015535e+01,5.629151296e+01,1.261787732e+01,8.650300243e+00
-7.912477786e+00,-1.154164263e+01,3.637938934e+01,6.776906814e+01,4.321583944e+01,9.694050358e+00,-2.337614183e+01,-4.321361342e+01,-3.344366057e+01,1.372205030e+01,7.761691736e+01,1.245253864e+02,1.419310105e+02,1.315240261e+02,9.620771124e+01,4.303371576e+01,-1.442373044e+01,-6.055866554e+01,-8.516609340e+01,-8.734198201e+01,-7.288725074e+01,-5.101132344e+01,-3.609375908e+01,-4.111407115e+01,-6.519262727e+01,-9.646664833e+01,-1.234540248e+02,-1.430593778e+02,-1.593414269e+02,-1.762902880e+02,-1.935453977e+02,-2.077729247e+02,-2.161452435e+02,-2.187349117e+02,-2.185107429e+02,-2.185107725e+02,-2.187349829e+02,-2.161453202e+02,-2.077729778e+02,-1.935454118e+02,-1.762902616e+02,-1.593413686e+02,-1.430592936e+02,-1.234539225e+02,-9.646656016e+01,-6.519261084e+01,-4.111418015e+01,-3.609402121e+01,-5.101171960e+01,-7.288768618e+01,-8.734232075e+01,-8.516623524e+01,-6.055858399e+01,-1.442346897e+01,4.303407292e+01,9.620807874e+01,1.315243474e+02,1.419312556e+02,1.245255206e+02,7.761688016e+01,1.372179151e+01,-3.344408029e+01,-4.321402570e+01,-2.337641729e+01,9.693964193e+00,4.321593590e+01,6.776928086e+01,3.637958443e+01,-1.154154893e+01,-7.912413549e+00
-1.577946724e+01,-2.301693308e+01,2.714469000e+01,7.965344265e+01,6.042316655e+01,2.511597421e+01,-1.598743034e+01,-5.049799766e+01,-6.357630272e+01,-4.079321152e+01,1.677594469e+01,8.117660724e+01,1.261183081e+02,1.431022447e+02,1.315790990e+02,9.643835993e+01,4.945844975e+01,5.461740624e+00,-2.544386971e+01,-4.180830846e+01,-4.655873786e+01,-4.145115791e+01,-3.257932506e+01,-3.381502060e+01,-4.998444432e+01,-7.174123072e+01,-8.806884580e+01,-9.660730551e+01,-1.026980092e+02,-1.117376903e+02,-1.244453474e+02,-1.374515317e+02,-1.464712522e+02,-1.498237259e+02,-1.498405529e+02,-1.498406068e+02,-1.498238628e+02,-1.464714165e+02,-1.374516721e+02,-1.244454346e+02,-1.117377197e+02,-1.026979919e+02,-9.660725152e+01,-8.806876497e+01,-7.174115715e+01,-4.998444199e+01,-3.381515427e+01,-3.257962917e+01,-4.145159966e+01,-4.655919858e+01,-4.180865577e+01,-2.544402406e+01,5.461785385e+00,4.945863344e+01,9.643859268e+01,1.315793057e+02,1.431023882e+02,1.261183783e+02,8.117658925e+01,1.677580691e+01,-4.079345118e+01,-6.357652582e+01,-5.049812427e+01,-1.598746413e+01,2.511601189e+01,6.042325769e+01,7.965356202e+01,2.714478841e+01,-2.301686092e+01,-1.577941777e+01
-1.164998238e+01,-1.699340420e+01,2.530124925e+01,7.612795425e+01,6.911849233e+01,3.621515582e+01,-6.214449050e+00,-4.480701306e+01,-6.833586488e+01,-6.875464633e+01,-3.874082066e+01,1.774655946e+01,7.796815937e+01,1.220508032e+02,1.407506402e+02,1.331072444e+02,1.069561150e+02,7.539547431e+01,4.815425800e+01,2.695466961e+01,9.857898252e+00,-1.963517579e+00,-6.787173168e+00,-1.160050595e+01,-2.290176382e+01,-3.517700003e+01,-3.980500016e+01,-3.591023566e+01,-3.001992171e+01,-2.897953162e+01,-3.503601531e+01,-4.535600655e+01,-5.466015457e+01,-5.946185840e+01,-6.056537865e+01,-6.056545862e+01,-5.946206729e+01,-5.466041858e+01,-4.535625003e+01,-3.503619184e+01,-2.897963245e+01,-3.001996299e+01,-3.591023523e+01,-3.980497221e+01,-3.517697542e+01,-2.290179807e+01,-1.160065280e+01,-6.787450666e+00,-1.963881790e+00,9.857536129e+00,2.695439496e+01,4.815412585e+01,7.539548405e+01,1.069562045e+02,1.331073250e+02,1.407506476e+02,1.220507221e+02,7.796801004e+01,1.774637270e+01,-3.874099030e+01,-6.875470018e+01,-6.833575807e+01,-4.480679768e+01,-6.214210868e+00,3.621535635e+01,6.911863542e+01,7.612804596e+01,2.530130605e+01,-1.699334335e+01,-1.164994066e+01
-8.470090954e+00,-1.235501261e+01,1.851449263e+01,5.767779045e+01,5.913937919e+01,3.205746924e+01,-6.653376268e+00,-4.197557431e+01,-6.402053293e+01,-7.148216548e+01,-6.505195422e+01,-3.802183917e+01,1.180952918e+01,6.966395271e+01,1.173558175e+02,1.431315723e+02,1.458116273e+02,1.338907052e+02,1.166316969e+02,9.745715504e+01,7.633182060e+01,5.515013788e+01,3.763300786e+01,2.399139418e+01,1.268645864e+01,7.265541108e+00,1.252028819e+01,2.702450152e+01,4.329496933e+01,5.321662612e+01,5.272210951e+01,4.375406251e+01,3.251908788e+01,2.457645971e+01,2.125235611e+01,2.125225439e+01,2.457618886e+01,3.251873493e+01,4.375372454e+01,5.272185026e+01,5.321645964e+01,4.329487516e+01,2.702445412e+01,1.252027044e+01,7.265532650e+00,1.268642899e+01,2.399132120e+01,3.763289181e+01,5.514999172e+01,7.633166785e+01,9.745703707e+01,1.166316541e+02,1.338907386e+02,1.458116804e+02,1.431315595e+02,1.173556789e+02,6.966368932e+01,1.180920816e+01,-3.802209053e+01,-6.505200169e+01,-7.148197236e+01,-6.402014797e+01,-4.197509636e+01,-6.652919634e+00,3.205782590e+01,5.913961350e+01,5.767792520e+01,1.851457675e+01,-1.235492571e+01,-8.470031382e+00
-9.456514483e+00,-1.379387262e+01,4.349706861e+00,2.966277551e+01,3.192546659e+01,1.128436774e+01,-1.952726258e+01,-4.633879764e+01,-6.030500065e+01,-6.324183959e+01,-6.275871233e+01,-5.828895271e+01,-3.575769724e+01,1.212157963e+01,7.186532120e+01,1.237908791e+02,1.550749904e+02,1.646737925e+02,1.589721926e+02,1.438196203e+02,1.227839316e+02,9.946878160e+01,7.767559594e+01,5.966525865e+01,4.768841955e+01,4.575067796e+01,5.637108806e+01,7.697622782e+01,1.002626350e+02,1.173114703e+02,1.215965927e+02,1.129893739e+02,9.809969786e+01,8.502572253e+01,7.813997554e+01,7.813986418e+01,8.502542265e+01,9.809930191e+01,1.129889930e+02,1.215963044e+02,1.173112952e+02,1.002625529e+02,7.697621143e+01,5.637112319e+01,4.575075949e+01,4.768854074e+01,5.966540797e+01,7.767575036e+01,9.946890907e+01,1.227840190e+02,1.438196882e+02,1.589722737e+02,1.646738906e+02,1.550750576e+02,1.237908362e+02,7.186511058e+01,1.212122036e+01,-3.575807198e+01,-5.828914787e+01,-6.275864066e+01,-6.324152489e+01,-6.030450610e+01,-4.633822064e+01,-1.952671412e+01,1.128480697e+01,3.192576790e+01,2.966295877e+01,4.349825004e+00,-1.379376458e+01,-9.456440420e+00
-1.146450119e+01,-1.672284956e+01,-1.187872428e+01,-1.793981939e+00,-3.823881712e+00,-1.896472132e+01,-3.871864817e+01,-5.247233579e+01,-5.412771782e+01,-4.737391855e+01,-4.271807477e+01,-4.521624390e+01,-4.363845091e+01,-1.865050309e+01,3.197104497e+01,9.068859243e+01,1.376349578e+02,1.620205715e+02,1.645609514e+02,1.519235077e+02,1.312316722e+02,1.082862677e+02,8.698848602e+01,6.961258934e+01,5.879128882e+01,5.799124288e+01,6.909978511e+01,9.048348473e+01,1.167375420e+02,1.395961431e+02,1.506677409e+02,1.463473748e+02,1.310880448e+02,1.142863582e+02,1.040017367e+02,1.040016269e+02,1.142860623e+02,1.310876577e+02,1.463470137e+02,1.506674898e+02,1.395960259e+02,1.167375394e+02,9.048357001e+01,6.909994814e+01,5.799148646e+01,5.879160874e+01,6.961295810e+01,8.698885308e+01,1.082865815e+02,1.312319102e+02,1.519236847e+02,1.645610969e+02,1.620206928e+02,1.376350179e+02,9.068852600e+01,3.197081036e+01,-1.865085599e+01,-4.363875890e+01,-4.521636296e+01,-4.271797942e+01,-4.737363700e+01,-5.412729670e+01,-5.247184533e+01,-3.871817058e+01,-1.896432361e+01,-3.823596705e+00,-1.793801225e+00,-1.187860422e+01,-1.672274372e+01,-1.146442864e+01
-8.436335019e+00,-1.230577406e+01,-2.044535256e+01,-2.703994470e+01,-3.653969627e+01,-4.780853881e+01,-5.530917114e+01,-5.302791927e+01,-3.937945618e+01,-2.081537348e+01,-9.281268770e+00,-1.205406981e+01,-2.161633563e+01,-1.818689119e+01,1.124966558e+01,5.865625525e+01,1.042751139e+02,1.318437197e+02,1.367169476e+02,1.243101141e+02,1.034980518e+02,8.161556199e+01,6.257910536e+01,4.789853107e+01,3.903345723e+01,3.803436967e+01,4.637265646e+01,6.383668396e+01,8.748137862e+01,1.108178875e+02,1.253640409e+02,1.253924493e+02,1.123847217e+02,9.463545989e+01,8.238473575e+01,8.238463435e+01,9.463519187e+01,1.123843850e+02,1.253921606e+02,1.253638802e+02,1.108178735e+02,8.748148711e+01,6.383688525e+01,4.637293959e+01,3.803473625e+01,3.903389542e+01,4.789899742e+01,6.257953380e+01,8.161589505e+01,1.034982695e+02,1.243102372e+02,1.367170125e+02,1.318437441e+02,1.042750808e+02,5.865612989e+01,1.124944521e+01,-1.818713047e+01,-2.161648278e+01,-1.205408513e+01,-9.281173633e+00,-2.081519445e+01,-3.937921477e+01,-5.302764272e+01,-5.530889584e+01,-4.780830287e+01,-3.653952661e+01,-2.703984339e+01,-2.044529210e+01,-1.230572338e+01,-8.436300279e+00
5.223952039e+00,7.619988221e+00,-7.723235674e+00,-3.287792334e+01,-5.393882702e+01,-6.462826944e+01,-6.205851765e+01,-4.466656804e+01,-1.581596095e+01,1.420039751e+01,3.167002799e+01,2.894516262e+01,1.254194254e+01,-1.240687561e-01,6.396426075e+00,3.269974644e+01,6.461495863e+01,8.559628056e+01,8.801341267e+01,7.512275209e+01,5.532703875e+01,3.603533293e+01,2.099388127e+01,1.096789843e+01,5.787759099e+00,5.578250248e+00,1.092523748e+01,2.254720672e+01,3.987641115e+01,5.886169015e+01,7.206929455e+01,7.294952543e+01,6.100032047e+01,4.309772078e+01,3.002253999e+01,3.002245688e+01,4.309750994e+01,6.100007933e+01,7.294936167e+01,7.206927537e+01,5.886182276e+01,3.987666214e+01,2.254753978e+01,1.092563640e+01,5.578709093e+00,5.788253924e+00,1.096837166e+01,2.099425618e+01,3.603554980e+01,5.532708579e+01,7.512266564e+01,8.801324849e+01,8.559608248e+01,6.461474864e+01,3.269954327e+01,6.396275929e+00,-1.241031627e-01,1.254203271e+01,2.894532032e+01,3.167018883e+01,1.420052553e+01,-1.581587227e+01,-4.466650876e+01,-6.205847630e+01,-6.462824518e+01,-5.393883550e+01,-3.287798494e+01,-7.723328032e+00,7.619915476e+00,5.223902168e+00
2.248319938e+01,3.279542254e+01,2.390343926e+01,-8.475821777e+00,-4.505097673e+01,-6.261718449e+01,-5.666061016e+01,-3.051818564e+01,8.389271380e+00,4.664195730e+01,6.843838784e+01,6.529927756e+01,4.471351678e+01,2.302806993e+01,1.295489675e+01,1.792751611e+01,3.066271290e+01,3.901223542e+01,3.588315267e+01,2.305022456e+01,6.780747428e+00,-7.541123304e+00,-1.702249618e+01,-2.105492259e+01,-2.097681271e+01,-1.870151318e+01,-1.509195080e+01,-9.204574362e+00,5.499506599e-01,1.317400730e+01,2.330195301e+01,2.439828010e+01,1.435483541e+01,-1.795394345e+00,-1.406616029e+01,-1.406621461e+01,-1.795520356e+00,1.435472563e+01,2.439827676e+01,2.330210588e+01,1.317431075e+01,5.503627963e-01,-9.204095043e+00,-1.509142569e+01,-1.870095813e+01,-2.097626563e+01,-2.105445345e+01,-1.702219027e+01,-7.541046073e+00,6.780584564e+00,2.304987212e+01,3.588269987e+01,3.901177843e+01,3.066234092e+01,1.792731194e+01,1.295491843e+01,2.302830411e+01,4.471387502e+01,6.529965133e+01,6.843869201e+01,4.664214403e+01,8.389330804e+00,-3.051822847e+01,-5.666070708e+01,-6.261729487e+01,-4.505111291e+01,-8.476016497e+00,2.390322204e+01,3.279524429e+01,2.248307718e+01
2.470352637e+01,3.603413250e+01,4.394615865e+01,2.611520848e+01,-1.183665682e+01,-4.206960358e+01,-4.308183080e+01,-1.887108688e+01,1.989742895e+01,5.964851284e+01,8.558474024e+01,8.588356813e+01,6.571201320e+01,4.529269078e+01,3.256115875e+01,2.601741262e+01,2.107640648e+01,1.225284955e+01,-2.202412630e+00,-1.715170904e+01,-2.689021217e+01,-3.319626985e+01,-3.750247024e+01,-3.683370973e+01,-3.168379067e+01,-2.610717201e+01,-2.304437130e+01,-2.199950453e+01,-1.958802351e+01,-1.351055728e+01,-6.581486981e+00,-5.086517162e+00,-1.286375413e+01,-2.710303835e+01,-3.865771945e+01,-3.865773976e+01,-2.710307024e+01,-1.286373108e+01,-5.086373205e+00,-6.581189687e+00,-1.351012177e+01,-1.958749596e+01,-2.199892475e+01,-2.304375647e+01,-2.610653888e+01,-3.168318064e+01,-3.683318869e+01,-3.750211233e+01,-3.319614981e+01,-2.689042202e+01,-1.715225463e+01,-2.203071274e+00,1.225232091e+01,2.107615042e+01,2.601748018e+01,3.256150842e+01,4.529321570e+01,6.571259646e+01,8.588411828e+01,8.558519554e+01,5.964882466e+01,1.989757357e+01,-1.887108368e+01,-4.308188694e+01,-4.206963472e+01,-1.183672954e+01,2.611501141e+01,4.394588995e+01,3.603389348e+01,2.470336250e+01
1.909778425e+01,2.785724103e+01,3.918109647e+01,4.078042324e+01,1.850572088e+01,-1.459880153e+01,-2.858809413e+01,-1.637035717e+01,9.718918196e+00,3.630000767e+01,5.157911142e+01,5.150391366e+01,4.783767103e+01,5.539135093e+01,6.404395680e+01,6.396940927e+01,5.749316940e+01,4.306299212e+01,1.937984170e+01,6.102733457e+00,7.916555907e+00,5.120392954e+00,-6.003696341e+00,-1.889279640e+01,-2.178559024e+01,-1.637380297e+01,-1.383808357e+01,-1.707660876e+01,-2.178127063e+01,-2.200937594e+01,-1.760142801e+01,-1.536078525e+01,-2.117224800e+01,-2.910620333e+01,-2.838283679e+01,-2.838281921e+01,-2.910614284e+01,-2.117213138e+01,-1.536056713e+01,-1.760107735e+01,-2.200891527e+01,-2.178076474e+01,-1.707609061e+01,-1.383754271e+01,-1.637324225e+01,-2.178507778e+01,-1.889245393e+01,-6.003409281e+00,5.120776715e+00,7.917076516e+00,6.103334532e+00,1.938017885e+01,4.306321596e+01,5.749349775e+01,6.396989402e+01,6.404456699e+01,5.539203299e+01,4.783835865e+01,5.150453982e+01,5.157964380e+01,3.630041196e+01,9.719168733e+00,-1.637022943e+01,-2.858796744e+01,-1.459863108e+01,1.850574766e+01,4.078026204e+01,3.918083389e+01,2.785699911e+01,1.909761841e+01
1.235693432e+01,1.802460920e+01,2.600648488e+01,3.147406532e+01,2.684528639e+01,2.209883705e+00,-1.625693380e+01,-1.589421234e+01,-5.139290981e+00,3.895811031e+00,2.925130070e+00,-5.404548844e+00,-4.642127387e+00,1.346424432e+01,3.402636148e+01,4.589674879e+01,4.595312647e+01,3.721803821e+01,2.724225076e+01,2.337192628e+01,2.337208098e+01,2.111288043e+01,1.489457134e+01,7.512849089e+00,3.672214920e+00,6.100581711e+00,1.006759466e+01,6.767780011e+00,-3.417762114e+00,-1.389929403e+01,-7.827053321e+00,-5.703105225e-01,2.273848872e-01,-1.740185658e-01,3.940480931e-03,3.937887423e-03,-1.740352940e-01,2.273386878e-01,-5.703831136e-01,-7.827158935e+00,-1.389947555e+01,-3.417798550e+00,6.767786840e+00,1.006762742e+01,6.100596423e+00,3.672194663e+00,7.512857232e+00,1.489468534e+01,2.111313832e+01,2.337247535e+01,2.337240846e+01,2.724273381e+01,3.721847675e+01,4.595356372e+01,4.589721674e+01,3.402684595e+01,1.346472988e+01,-4.641601382e+00,-5.404038962e+00,2.925579011e+00,3.896186427e+00,-5.139012177e+00,-1.589399822e+01,-1.625667937e+01,2.210103824e+00,2.684534125e+01,3.147395007e+01,2.600628384e+01,1.802442172e+01,1.235680579e+01
8.471408400e+00,1.235693432e+01,1.782898159e+01,2.157733095e+01,1.840402957e+01,1.515005818e+00,-1.114508842e+01,-1.089642143e+01,-3.523287546e+00,2.670808588e+00,2.005349451e+00,-3.705137479e+00,-3.182452535e+00,9.230534816e+00,2.332708074e+01,3.146493242e+01,3.150358265e+01,2.551516366e+01,1.867617209e+01,1.602283605e+01,1.602294210e+01,1.447412668e+01,1.021110847e+01,5.150501835e+00,2.517520246e+00,4.182309124e+00,6.901930830e+00,4.639712971e+00,-2.343077817e+00,-9.528787090e+00,-5.365907396e+00,-3.909815514e-01,1.558857718e-01,-1.193000061e-01,2.701432443e-03,2.699654440e-03,-1.193114743e-01,1.558540994e-01,-3.910313169e-01,-5.365979801e+00,-9.528911536e+00,-2.343102796e+00,4.639717652e+00,6.901953290e+00,4.182319210e+00,2.517506359e+00,5.150507417e+00,1.021118663e+01,1.447430348e+01,1.602321247e+01,1.602316661e+01,1.867650325e+01,2.551546431e+01,3.150388241e+01,3.146525323e+01,2.332741287e+01,9.230867692e+00,-3.182091927e+00,-3.704787926e+00,2.005657227e+00,2.671065943e+00,-3.523096409e+00,-1.089627464e+01,-1.114491399e+01,1.515156723e+00,1.840406718e+01,2.157725194e+01,1.782884377e+01,1.235680579e+01,8.471320287e+00
